"Protein1","Protein2","imp_euclidean","imp_mae","imp_absdiff_std","imp_reldiff_mean","imp_pearson_0","imp_pearson_1","imp_pearson_2","raw_absdiff_max","raw_reldiff_max","raw_logdiff_mean","raw_logdiff_median","raw_pearson_3","raw_pearson_4","raw_pearson_5","raw_pearson_6","raw_zscore_prot1","raw_zscore_prot2"
"A2A699","E9Q9K5",105542698.642658,6201058.89543182,21630462.8890004,0.668976397831879,-0.0318490820190831,0.0564158825036247,-0.125590329779016,104773220,0.989969648918815,13.3491048827835,13.1586859801934,-0.709534836176788,0.0153069740621779,0.704294834202665,-0.223445689835631,0.747986257230021,0.396212283303462
"O08532","A2AF53",305185683.620058,27815002.6579091,58820785.3196831,0.954636984230614,-0.196108894318515,-0.0976992150140599,-0.347618475254534,291976723.37,0.999421339367113,16.1856972756805,16.1250362941805,-0.749104575608546,0.310811652297434,0.662343839953672,-0.17464241392582,0.794270946845852,3.02241440477793
"G5E829","O70228",88050494.9247516,13640270.7727273,12897561.3408834,0.581165180657719,0.662818631839486,0.559005330795123,0.760588155699696,63821060,0.827688227936684,16.066084385876,16.170919360207,-0.691375897707342,-0.588868115452686,0.722605919557441,0.791716396564481,-0.0875534393977738,0.539418542775617
"O35114","O70503",122908002.215015,19349282.4090909,17670845.2157494,0.389158705432777,0.339517862577632,0.482270075971812,0.230229803712382,63448187,0.808625799891729,16.3069053481435,16.4225396327048,-0.707794026171611,-0.719513586305236,0.705131109860581,0.752580951936159,0.47276744070738,-0.337259596720433
"O08581","O88455",74405601.3484926,7771967.45283636,13829015.9284678,0.746173913323632,0.0499584459983264,0.167386257733698,-0.00978150846226017,68526290,0.995119357852871,15.3947763179281,15.58057080909,-0.211418377212206,-0.959699167724853,-0.0955315642317313,0.952021953188212,0.884311181370584,0.00138354388409119
"O35659","P04756",1165703.63957612,107232.968540909,224204.550010081,0.449074593386365,-0.166744061183255,-0.189378923011106,-0.157219365047318,0,0,0,0,0,0,0,0,0,0
"O55242","P10417",72080255.2129077,9651409.82061818,11958773.0025746,0.77459584062713,0.345481521247735,0.434585653120138,0.225648306385869,45973567.5,0.986458458397947,15.555981768156,15.4564944231615,-0.749917086031163,-0.173615281751361,0.659924858058136,-0.0618067792076383,0.0272875423133472,0.445339816822609
"O08705","P11688",38158096.7303536,6462984.57204545,4941000.153429,0.929361878163399,0.217624081097739,0.361571292943159,0.121795488320657,19675170.25,0.992840341750194,15.2764112509985,15.5575801655996,-0.181044577057018,-0.662790561244401,-0.191425065401075,0.670642749464302,-0.0629916731186137,-0.197419907276699
"P11911","O88551",31688251.9300261,3652141.37988636,5683733.98348258,0.883946161610416,-0.145683305637583,-0.144033919011677,-0.158332582076511,21333989.57,0.990778112029661,14.047794583176,15.3082441709936,0,-0.019654287238577,0,0.00453488163937643,-0.0583683795705557,-0.141545518511232
"P00416","P15208",78346237.5224308,6119816.41363636,15542004.037908,0.415700288457969,-0.258512678117946,-0.213862433717634,-0.324822164215581,76673347.5,0.960160705626572,14.6560676946919,14.8328824942909,-0.0319264609567189,-0.68373331920405,-0.19704657364451,0.789162953732338,0.130422844358872,0.455254528032512
"O35166","P15920",27066133.7116693,4223453.50909091,3932089.91470999,0.381022003380692,0.283151134545128,0.536509918234288,0.00942487264208287,17830247.5,0.924511915391263,14.8853509545166,14.878747917958,-0.681009374172547,-0.731191880016903,0.726728389441827,0.674332201007645,-0.194422314742882,-0.0858054594568217
"O88967","P23818",16080267.6195246,2689746.55652727,2125717.02204461,0.868965507320051,-0.269788618039161,-0.36526539236511,-0.177079865116189,4343757.2,0.976741991449241,14.4152525178913,14.4364467706755,-0.748736162591471,-0.55390394917593,0.664131807269731,-0.324887539984514,-0.264424084086818,-0.158262425543804
"O89051","P28843",118501085.427858,17820312.2863636,17908999.2461167,0.480827448322344,0.623740713501356,0.607809988056692,0.658105161805091,63058572,0.80531151881565,15.6591225394146,16.4352818716582,-0.71114518762854,-0.592537273293436,0.694579300614191,0.815412433102462,0.842535924862579,0.0218568563728192
"P19783","P28843",1218242347.82719,138866500.095455,219489957.459931,0.558976671597557,-0.362351606325835,-0.527040321380117,-0.261762020031252,741340577.5,0.991097957304239,17.5270054054029,17.811041913025,-0.781591045354906,-0.592537273293436,0.617859595402181,0.815412433102462,0.84547655972681,12.6833085590188
"O35683","P29533",116083637.48342,13446251.9,20777800.3340765,0.691951590994801,-0.15831451267611,-0.0724967484573618,-0.279096972246582,85911795.8,0.980049117606792,15.5105584712931,15.7931183445068,-0.756747663987885,-0.733017104677265,0.650080015896654,0.67984569306768,0.303217110391854,0.822489942234512
"O08530","P35546",9571189.5755051,1215681.03462273,1638933.98801487,0.738041584480014,0.822102552710316,0.767595107067209,0.892450722433239,6007335.75,0.934156181235784,13.380611431042,13.4214743943727,-0.708576242959238,-0.358787784977654,0.701121242125526,0.600686920123259,-0.266006197700368,-0.21664988524967
"P16092","P35951",31305258.0843229,2671455.48636364,6116343.03463929,0.399196367811068,-0.24771085038035,-0.137919711940903,-0.344475937359231,28361260,0.975604772407985,13.1832634514577,13.0494598698659,-0.655444767158578,-0.740272006645718,0.737166215552648,0.686030384797906,0.0138398306824412,-0.108185668443571
"P36371","O70577",106028763.499601,12681315.5595682,18713330.0498293,0.90648311918077,-0.131482277917271,-0.00628911924525399,-0.292961146726716,78499257.5,0.998370713269959,14.949014683541,15.1005197210792,-0.752658138268459,-0.10541603736352,0.652943325572293,-0.380517530626275,0.174164010165413,0.442264148207367
"P43406","E9PUL5",81327290.9091883,12636378.4781818,11872831.6750755,0.936224555990338,-0.0565379229462996,-0.440489060842747,0.35053095709391,62598035,0.996587455991155,16.0755158707041,16.2048349811966,-0.716144724939439,-0.712573566778942,0.696938049369271,0.700599883571831,0.0257959679067871,0.508207535172814
"P43023","P49070",19282150.8619004,2858000.80193182,2954977.56503206,0.666071996211425,-0.309492717624971,-0.627394200213488,-0.0805249360712034,13246533,0.920467519817534,14.3352010834222,14.5284061976867,-0.110813050169443,-0.545332227095775,-0.281371794821298,0.856993852135869,-0.133591454861527,-0.132017042817447
"O08581","P51830",8369740.68212741,1400690.82253636,1105564.31330198,0.625259858293427,0.596620997020603,0.531703847392148,0.674914057234332,4113476.67,0.924828372348615,13.7039661293477,13.6859037625947,-0.211418377212206,-0.642775839400148,-0.0955315642317313,0.791573245498514,-0.320577195165156,-0.252445018884025
"P25118","P54830",5692678.84867768,606948.558254545,1051018.73355206,0.785692286213309,-0.2910197824695,-0.188562007110034,-0.41314210899714,5300419.68,0.967753423215096,13.6650288326676,13.3001783103129,-0.20929596126066,0,0.0773816915683193,0,-0.26727329505794,-0.176377939359547
"E9Q9K5","P55850",105848419.236109,6014068.46024545,21750830.10642,0.601607512643932,-0.0540292679556808,-0.034640537623689,-0.0846003274409351,7276795,0.863977105919963,14.1194944705843,14.5491692048356,0.0153069740621779,0,-0.223445689835631,0,-0.610449814648044,-0.13497866412326
"O70472","P56402",23010559.7106877,1969642.89443182,4493110.93536152,0.894870742089455,0.228003742476403,0.230671913662413,0.233255068351063,22411881.25,0.935109628902909,13.6458046565726,13.5705368643135,-0.778890610042659,0,0.606821853811142,0,-0.0746796652121115,0.0293624881162318
"P15208","P56402",26350033.6121044,4260510.09897727,3661727.44059358,0.947853296683766,0.160856389836041,-0.00258130288126183,0.338736800404054,19107463.75,0.956277527452137,15.005245356323,14.8732036818133,-0.68373331920405,0,0.789162953732338,0,-0.140517314220659,-0.0363815201767018
"P11911","P57716",90041204.8315063,17285887.9637273,8349676.82616189,0.883629321430726,0.245367002980993,0.223839179793747,0.292671921289953,31441065.2,0.987920816050965,16.6138502579587,16.6787613286069,0,-0.640800299886411,0,0.780741744463038,0.796187678658315,-0.336439770061308
"P09925","P59268",23292714.4036719,3579198.02975455,3442488.90203962,0.744177776162523,-0.46009209916275,-0.442025776325669,-0.461105489688319,13664942.43,0.992128633889811,14.2685331064166,14.4267535433943,-0.695824055498934,-0.354208674044509,0.73265368624162,0.00941363417977103,-0.16629177932635,-0.0777698992954192
"P55086","P59268",873753.641744797,144520.728045455,117540.733383823,0.526463374546525,0.533743334502928,0.612825457380298,0.462036035275469,428839.25,0.559955867100293,11.3886577386478,11.3138609233965,0.832332288044283,-0.354208674044509,0.0869766234646129,0.00941363417977103,-0.321326517055242,-0.336455188696096
"O35379","P60202",72118399.9638804,5621340.26363636,14311272.3426476,0.457991969639985,-0.259657193626276,-0.449564244676229,-0.0911257266300535,70068079,0.983140205600219,14.3736771958056,14.5795194158339,-0.730266175771617,-0.643620455236698,0.687867622827771,0.764624186192367,0.394528374967184,-0.00121777069361839
"P61793","P56400",35561536.6801481,4639520.79213636,5996474.42282424,0.639362286915015,0.463050935171875,0.554994326544317,0.435641561706933,29502567.5,0.915004944971961,14.7492653220434,14.7431826592822,-0.576412683380661,-0.0695353034222261,0.798004397303745,-0.0597317908742102,-0.0523582446057222,-0.165660289893947
"P63082","P16872",127250599.44895,20070351.6866273,18254136.1315099,0.986580235617758,-0.0248629108098738,0.199809944870671,-0.30241643798991,24777515.18,0.993376041512997,16.7391466279416,16.8038756243802,-0.682106084418775,0,0.723375400581924,0,-0.729644149712445,1.26233750804862
"P35436","P63141",4659268.78050311,386176.492018182,915221.665729292,0.628925522998536,0.422662400461725,0.443265780255773,0.460924728062541,4449173.25,0.897104470643529,11.8465357145456,12.1067508047635,0.646560542125203,-0.683612842412506,-0.146218722659977,0.707262761299306,-0.259111052166981,-0.269133356563569
"P40240","P70126",121554129.675469,20914874.1725727,15302856.6625509,0.985900726138626,-0.198802188299657,-0.0495507537391984,-0.329859774615871,46405590.2,0.99641592001984,16.6821340755916,16.7002587274336,-0.657036888783289,-0.211229292464114,0.624929287082812,0.99993786070153,-0.51883667147423,0.821805579064387
"P56677","P70206",25502384.2424031,3879413.95940909,3809526.59514809,0.676326298420504,-0.332024227077949,-0.223777097659083,-0.455055812556281,18294065,0.969520284353486,14.7732448072173,14.9843915594431,-0.0303409260326765,-0.669256657591786,0.00425676286914813,0.746895616781591,-0.163622931417456,-0.0853555964224331
"P43252","P82349",47517717.7831564,6855114.95752273,7459272.08105017,0.834554184036801,0.0991044939287206,0.15895608476572,0.029511234655371,24980769.75,0.980704501369258,15.163661818116,15.2306135507011,-0.0861340610634511,-0.660490730708159,-0.139059801128266,0.748337248911806,0.192815389177779,-0.0798182568979837
"P70387","P82349",36823226.3914499,5051165.96363636,6009976.15653873,0.412256029038639,0.523437274586422,0.517556671021577,0.535611187839672,17598115,0.899060524943487,14.5504283196964,14.5274735331585,-0.75487284599341,-0.660490730708159,0.651715043111144,0.748337248911806,0.0201530755614658,-0.166139505107385
"P54761","P82350",43572798.7723741,6003380.98238636,7089351.68860788,0.82634275773898,-0.315254400609924,-0.437714304781573,-0.167270397517756,25337655.2,0.948690006690418,15.233461554446,15.2117493318851,-0.701214939131893,-0.157336467482083,0.771447471620624,0.0449948429035574,0.0792589909659681,-0.0286245337866416
"B2RXV4","P83093",3780643.96464167,616510.888954545,519238.249352397,0.47484603681382,0.34796489154453,0.488346850817565,0.193981407507228,2108021.5,0.818683926654417,12.8965656863661,13.1113117139874,-0.107860085512005,-0.695468959937865,0.0727036966744368,0.704737709727852,-0.28891843627762,-0.264186029479411
"P56402","P97333",29691324.014489,4125189.87625,4801498.3854514,0.915492646526346,0.014066061202059,0.0886408181141915,-0.0773804575198368,20333398.75,0.974173488691407,14.3140573870822,13.9024769880276,0,-0.737366031667055,0,0.668164203357422,-0.0300326061402909,-0.172339570832915
"P20491","P97363",44386637.0167145,6443814.15,6930411.40081257,0.587735376887935,0.0999438036258009,-0.188581053385836,0.45566900352289,28017982.5,0.878554773841276,14.9382745212526,15.0951918832531,-0.776911912510547,-0.698793684722448,0.626431731404454,0.72471286292739,-0.119336110897307,0.116463448838037
"P41272","P97363",12458737.1349666,1771423.68339091,1979272.2485398,0.82091648758497,0.0649933093733193,0.130105529463804,0.00904359581333729,3505940,0.952425995328058,14.0006716989274,14.0186549669919,-1,-0.698793684722448,1,0.72471286292739,-0.262887883854182,-0.278900907611589
"P30548","P97441",7385039.74281734,396210.961631818,1523828.65936748,0.326516169871227,0.496363095156984,0.127111538382017,0.770303026699391,7360506,0.901167568425258,13.7262915247992,13.7262915247992,-1,0,-1,0,-0.162182652737687,-0.16230675692242
"O88587","P97449",340505355.119091,38224875.7272727,61717388.1969396,0.404966529101447,0.0374890218692569,0.0152971125568205,0.0676447459720456,289106750,0.854437258623785,16.4814989248028,16.8564479989453,-0.724369999839685,-0.690482910790709,0.694097288979374,0.724469357534651,2.315633896973,0.321381876704139
"P97370","P97449",334171793.775367,32180373.0909091,63563892.9399902,0.383654496903458,-0.086678654113353,-0.262209622352408,0.118243088237403,304329805,0.941800422574141,16.359365397309,16.4255290008212,-0.764045963886989,-0.690482910790709,0.654035129349515,0.724469357534651,2.87510369774788,0.271404207815242
"P61166","P97468",29346077.227369,5098909.61698182,3625772.04585709,0.672680535559776,-0.225503127185883,-0.136598640700156,-0.331491989982189,14496067.2,0.974323600349905,14.9464653686258,15.4368273737806,-0.572555534108182,0.285560841008352,0.390824891289907,-0.0285953223655353,-0.130123075604998,-0.024042476154258
"P04756","P97742",90036127.3090646,13308651.1927955,13833194.4254016,0.990772425893619,-0.201870122773381,-0.112199446721913,-0.27859834174045,12707998.93,0.986239969168217,15.1621276687425,15.3641411662715,0,-0.670522941391065,0,0.810126044637698,0.054228510116667,-0.742573565198085
"P63141","P97742",89562821.1357926,13130331.2160273,13863909.6172649,0.926070259014187,-0.220449517737603,-0.122534432846407,-0.282361026960685,40938425.83,0.996024160005389,15.9716622970701,15.9582874906843,-0.683612842412506,-0.670522941391065,0.707262761299306,0.810126044637698,0.443843164180966,-0.282876775159788
"O08705","P97751",29374261.2660627,1448529.92938636,6092789.9561236,0.669051748600544,0.494761848467551,0.587611037717447,0.390243075040296,29356712.75,0.963221078962696,12.9573186677848,11.6454408291188,-0.181044577057018,-1,-0.191425065401075,-1,0.014601613563279,0.318253118102715
"O55022","P97799",340199708.419853,58478460.1598773,42906756.6994277,0.971900716009282,-0.232585981103539,-0.232366117186717,-0.231634556991464,96676697,0.997669316000062,17.6443435156075,17.7423426426742,-0.728039824108793,-0.737790998015201,0.686105734848689,0.48598240671578,-0.752596147383759,2.10947082268544
"P98197","B1AWN4",67557080.4263567,6666164.51074091,12767730.3305843,0.839584266261635,-0.0207543633559977,-0.0177986548122343,-0.0151645419341241,63441777,0.991518317264252,15.1760471887425,15.2132099463038,-0.746939180367619,1,0.664727826450202,1,-0.000748583971925302,1.01154649159082
"O35379","Q00993",14469726.5341691,1875310.47272727,2449523.32888911,0.30516792670311,0.274015739110918,0.372785482150759,0.164126617023267,11629335,0.600097837537569,13.7698284812921,14.1379455336023,-0.730266175771617,-0.745923590006149,0.687867622827771,0.666639902690466,-0.196053116797064,-0.225752869985807
"O88983","Q00993",35401686.1422458,6405010.14090909,3992879.87775978,0.565639857979607,0.401649899593008,0.590377710238118,0.135867990998021,13418860,0.887898385893143,15.2484954455204,15.7303077059311,-0.81168869458012,-0.745923590006149,0.574322094971021,0.666639902690466,-0.154267795093484,-0.0112373688681414
"F7BWT7","Q01815",20635534.956096,2969523.3672,3246171.06128429,0.82012800431646,-0.134974385272984,-0.0256902150353203,-0.251203237426758,12909942,0.954732725670302,14.9442051105432,14.8854457420828,-0.658982867937187,0.43308174114,0.731299447102488,-0.0640977158686887,-0.178218606655601,0.00279543488661892
"Q03145","P63024",97229946.6032063,18565119.2409091,9222162.44366242,0.907703870699366,-0.0110370615573104,-0.0945358581060548,0.0244903356063739,46747601.2,0.987662487233534,16.6191971228737,16.5626491615891,-0.628430751944019,-0.78463409391292,0.777916315341295,0.63980535376603,0.670446039882099,0.135175029438659
"A6X919","Q14BI2",14271076.2727222,2199923.55768182,2101850.023515,0.862278092405921,0.0678162492992215,-0.063232740381371,0.236298552113956,8694295,0.984351767244791,13.9440411363557,14.702297366131,-0.810814626546894,-1,0.567519245712159,-1,-0.210247052960892,-0.11596063789421
"Q14BI2","P10852",303951820.360229,49516782.4440455,41802920.0485372,0.98424118660067,0.203436676699125,0.192677366936303,0.210335509137074,110225637,0.997651051979673,17.9686448274064,18.0857494135252,-1,-0.664610035169207,-1,0.738744975582851,4.85459068885321,-0.852989478000648
"Q14CH0","Q03145",4814319.44231234,765322.92835,683967.35801119,0.72248470100791,-0.204246255329103,-0.128327751446697,-0.228660547996393,1776723.2,0.974863109982223,13.1394034771756,12.787166491178,-1,-0.628430751944019,1,0.777916315341295,-0.245786623558815,-0.268256047074051
"O55022","Q2HJ10",339477756.5833,58452430.1325273,42681719.67124,0.986291239179709,0.0640203989139471,0.0628745569166542,0.0769371165298947,117881725.25,0.997763335483034,17.896501023953,17.8042664410072,-0.728039824108793,-0.270957631822048,0.686105734848689,-0.657016392858347,-0.480351253122476,4.21085337988901
"P04756","Q2HJ10",3273481.17015602,383465.370186364,583121.451112982,0.495328085850368,-0.230662645407083,-0.278373888299739,-0.170129756372326,0,0,0,0,0,-0.270957631822048,0,-0.657016392858347,0,0
"P70245","Q3KNM2",56812125.3671628,8331297.47727273,8792006.18415382,0.548914632468375,0.0198842133043212,0.128809761978194,-0.0894440923126184,39982512.5,0.878263868429051,15.467331849471,15.5479696852239,-0.647084913702954,-0.705483717385223,0.756189636822533,0.705806854473424,-0.0497889026798256,0.238164084017576
"O35598","Q3TA38",73820563.4316721,12132459.2772727,10025311.3459849,0.785787217704925,-0.133688064855519,-0.0961680944948166,-0.153892408246675,36166551,0.989467672701904,15.9598664386467,16.1701557171688,-0.6818171726767,-0.772040448580084,0.705889415281056,0.631777651635292,-0.00616593781426382,0.394641745795603
"Q3TBT3","O35153",20667292.084192,2407107.56363636,3690684.16907641,0.395613939824947,-0.0707453794399888,0.103957438463751,-0.216889134218701,15055637.5,0.87601214611706,13.5014233209969,13.7702302464203,-0.760870162230572,-0.639490486303983,0.64909748441862,0.792360085094176,-0.191099907846413,-0.0990011817304643
"Q3TBT3","P01901",354076585.969422,53803743.1227273,52950958.3153903,0.895863037938588,0.823169596753538,0.816880713359815,0.832167642002788,201982400,0.982895648306975,17.1776021464928,17.2553971583113,-0.760870162230572,-0.734536661288936,0.64909748441862,0.673264963220512,3.24033962842102,0.376491002758302
"P23979","Q3TCT4",7297086.86341232,711894.1183,1383310.02091889,0.842137711616145,-0.0822242029355068,0.0128769268486852,-0.182023264125,1580093,0.920387320167055,12.3910447422692,12.7114662948203,-0.330525859723634,-0.714697454558737,-0.0827835036735549,0.699254670834514,-0.281908427192296,-0.295500121462793
"P27512","Q3TCT4",11522280.5817212,1414688.83758182,2008316.46643717,0.54220987237888,-0.136129874554742,-0.370407844394795,0.138409886098118,6155898.5,0.960294735281716,12.8278690521674,13.3126562644671,0.597432708012655,-0.714697454558737,0.397011974779502,0.699254670834514,-0.198427905853324,-0.200454303490517
"O08715","Q3TD49",16364481.6968465,1988279.99545455,2866932.15602324,0.580115264272127,-0.0922556691998166,-0.00844755797777249,-0.194115292592078,10766838,0.973392778828782,13.4134491218971,13.6316109388234,-0.730898895394282,-0.713473460804144,0.678791837547455,0.698844394055283,-0.178976439795057,-0.140191318953254
"O08579","Q3TP92",26253495.2854081,4650015.92727273,3115560.33173782,0.629012038923774,0.20908260438178,0.183000679574135,0.183724778207743,11247645.2,0.901368835221629,15.0555246850133,15.3512449098471,-0.701018586207573,-0.71546541781476,0.73181556315613,0.698054425538582,-0.155824766812988,-0.0372783299018057
"Q3TRM4","E9Q137",9231787.2798015,1596133.91363636,1151634.01765771,0.276726316709261,0.76981342384008,0.794686790658059,0.735794785774663,3996614.5,0.811853681736307,13.9584343339961,14.3086884534189,-0.762495652836898,-0.743999991963906,0.661370288082099,0.704776632113373,-0.252153408642949,-0.276642522942265
"Q3TZM9","P35803",77626988.6732231,6397685.18181818,15263564.9139146,0.387287688278698,0.0865520979155671,0.0627663172343682,0.115326215869871,63599085,0.938807887251093,14.2072849888066,13.7941961050666,-0.78344243670551,-0.539637589032697,0.621461293287675,0.841553976776456,0.445201164706839,-0.0110814383352442
"P19783","Q3U1N2",1246536310.75689,158444504.3033,213365907.780848,0.980406905622035,-0.552193594908426,-0.680879113061318,-0.400487786060311,126660175.38,0.998319018469819,17.7201917962558,17.920581563665,-0.781591045354906,-0.235462330522866,0.617859595402181,0.462844852377033,-1.22571838849231,4.78549788404331
"Q3U2S8","P41731",9706408.9073989,1539057.55893636,1383391.97994395,0.691240353039414,-0.0547261989435751,-0.0135052867572118,-0.0942697988954719,5664685,0.96264878666686,13.8396045776492,14.1570907386419,-0.293643258240965,-0.707530230758281,0.347975586674282,0.703734165501012,-0.233206864104379,-0.223175907821467
"O70503","Q3U9G9",170221073.990365,28522306.6545454,22439545.5904435,0.714783989670068,0.00718021674761915,0.462530678152574,-0.398335132255303,76086364.5,0.973904399759025,16.6440678152136,16.891453270803,-0.719513586305236,-0.722759955506244,0.752580951936159,0.688764889269659,0.228660995578576,1.37767275005324
"A2ARI4","Q3UDR8",29177754.8174824,5243657.02,3346848.71751445,0.799872510980532,0.652344749244539,0.734158242914851,0.577508299704725,12886702.5,0.936009658971894,15.2667558626796,15.4335109105414,-0.780104875245788,-0.689892181627737,0.661259630562772,0.726189851857563,-0.00734843836295395,-0.131470604712199
"P35546","Q3UFJ6",4400705.68930789,580352.491059091,737206.40561576,0.733912959905912,-0.127831940041488,0.0335515697816498,-0.315687899679112,1836768.75,0.87640616305139,13.1262866264188,13.030816476713,-0.358787784977654,0.598767087410687,0.600686920123259,-0.492731389936489,-0.276277793768004,-0.324603862642145
"P19783","Q3UHH8",1246341848.81129,158449542.179259,213310522.790385,0.984715054754699,-0.469881945532085,-0.311952193756958,-0.656036868621391,745372774.2,0.999629247117231,18.0366590318734,17.9912241786369,-0.781591045354906,-0.155005335326428,0.617859595402181,-0.353721777292821,0.235324395270414,12.2069298063293
"Q3UJU9","Q3U9G9",45706165.2780662,6018896.33636364,7663541.36050657,0.486272155816749,-0.177486298473688,0.224297975120581,-0.536693068672094,36891214.5,0.947631020349366,15.0279781366024,15.0483980123932,-0.665859825283179,-0.722759955506244,0.762953268981604,0.688764889269659,-0.0746219843353282,0.0975280672223704
"P14094","Q3UN04",630449066.819614,84281165.0068591,104705886.959102,0.971593511109015,-0.279574023486557,-0.283108775427241,-0.297174663533953,371314270,0.999253312836926,17.604292869046,17.3881299167842,-0.733369091339015,-0.614948290751885,0.681674837545339,0.674084213573561,0.727611571631178,6.26879923953086
"P55096","Q3UN04",145505441.156518,23162227.2341318,20636552.3639605,0.958385344563395,0.200884963233528,0.271348196478062,0.0948230627842045,99095470,0.994730398172343,16.7013924595193,16.7957697788726,-0.646457346772578,-0.614948290751885,0.765303871991563,0.674084213573561,0.274078882963988,1.22302070114597
"P15261","Q3UVK0",89473100.6444454,11922561.6727273,14890801.3833608,0.545582069767009,0.217198205861057,0.408867266653516,0.186583617571353,63332747,0.951982938944946,15.4486388706327,15.5512504974579,-0.769411658853737,-0.660838574242301,0.633968956708121,0.487580714179389,0.555744144036585,-0.00814926407937872
"Q01815","Q3UVK0",99353865.1238346,14553678.0944727,15390936.6797171,0.902442604756023,-0.191523728305574,-0.434785447461285,0.0588788394079949,64695271,0.992796832234059,16.1120440735108,16.2454623460299,0.43308174114,-0.660838574242301,-0.0640977158686887,0.487580714179389,0.845131290424192,-0.12215223457847
"P03903","Q497J1",5507988.48701838,550779.212336363,1037130.36957327,0.893429325711115,0.0362821277429805,0.127449334268337,-0.0840367833289458,4065951,0.890285545122539,14.2217510229986,15.0127132466876,-0.091073200377813,0,-0.204767274100175,0,-0.229318062624263,-0.221147009158099
"P18762","Q4PJX1",18002669.7766839,3061289.73925455,2315199.10786891,0.860504002248451,-0.053589305945658,-0.04039684380895,-0.0792711199815207,11734286.25,0.974461696021498,14.679469345127,14.7205136346483,-0.118987021386597,-0.770937793511022,-0.172242325817809,0.6342671787235,-0.105971347090027,-0.176450606731008
"Q52KR2","P70193",2407227.41638732,333423.205454546,390162.034382914,0.388158722824208,-0.00548538512419916,-0.106714237856867,0.0654828453486628,1870475.32,0.888675641929217,12.0439854801048,12.4532525546539,-0.618068381424736,-0.741000173291797,0.78056698269888,0.66485873472697,-0.276073775584507,-0.275293656661433
"P55850","Q5NC32",3593202.24265382,430394.788909091,633741.757040538,0.7227183158262,-0.188273283194857,-0.0725791651987551,-0.293235507342941,2236529.13,0.970865762337342,13.4402543345081,14.4713792396511,0,-0.101308528453519,0,0.979134266140681,-0.263110943552197,-0.287427588592024
"P97300","Q5RL79",210859763.694898,33482862.37175,29998177.4811146,0.917089293811084,-0.183163808644215,-0.202595052061326,-0.169116011620268,151973057.75,0.997978181015622,17.0855056509488,17.0222025909611,-0.664076767717116,0.0345651464104346,0.747313656624017,-0.110108907281748,0.386227713010848,2.19576504188232
"A2A8L5","Q5SWZ9",17243490.7487427,2313515.8838,2857097.59610635,0.906620938391724,-0.133383397546184,-0.413828635595703,0.129158246655156,13855472.35,0.994794269360419,14.0965140572516,14.1781740594169,-0.756164237641244,-0.967013421591541,0.646636887511953,0.367951003291539,-0.217789584381672,0.0406710033027994
"P43023","Q5SYH2",18817174.3725487,2675965.52920455,2988984.61073096,0.701630783885875,-0.514811642625888,-0.557077173528461,-0.452655608272412,13868113.5,0.951654390061812,14.3860513926209,14.2982374027359,-0.110813050169443,-0.767150362122402,-0.281371794821298,0.651069238999508,-0.138398684216579,-0.121557136245412
"P09925","Q5U4D8",20424074.0829565,3235597.22318182,2914094.55414958,0.507329420468966,-0.0359758595452362,-0.223242910020867,0.11066280083499,11034242.5,0.960427415554019,14.3026654634485,14.7963629982072,-0.695824055498934,-0.695292870785298,0.73265368624162,0.703535507153728,-0.180315890270024,-0.141173782894242
"P48962","Q60720",1439096918.5794,160633556.144545,261406238.636046,0.954578190761238,-0.126339694504784,-0.149113730026698,-0.0999126759436114,1056751631,0.999846931551943,17.9888407824096,17.7499818021596,-0.776993203629051,-0.977431992983332,0.628232336428058,0.978384762082627,0.936291777000316,14.2037447155899
"P09925","Q60931",133407388.018964,20332388.1590909,19889009.0667957,0.727523746311245,0.690607571763682,0.717725120550146,0.657819897345582,74840902.5,0.966194757905511,16.4930801895759,16.3424444425507,-0.695824055498934,-0.778608574556223,0.73265368624162,0.625892572037378,1.00719953219263,0.215644721251971
"Q3UN02","Q60936",41443278.6025015,6730842.63181818,5724159.34903799,0.708681981440989,-0.193324857760397,-0.224594918942762,-0.191832133360675,21962683.2,0.979564411845129,15.4198598130181,15.3386398994683,-0.663708416350518,-0.783062373290443,0.736327482743422,0.617141789521636,-0.0331063287443048,0.00951900568878259
"P36371","Q61090",67228286.400424,8258556.07272727,11714714.9645165,0.561795348406913,0.0900703357451249,0.0898880095926948,0.193986017663394,42225172.5,0.92540936838409,14.9044523575012,14.4843272401845,-0.752658138268459,-0.752304033386591,0.652943325572293,0.526104620664781,-0.0513498638756401,0.365430448411713
"Q0VBU9","Q61090",8056109.23292757,1426068.13236364,957272.379156538,0.933390434656406,-0.0402547131257227,-0.0112668914410329,-0.021594485701375,1324452.8,0.842956022428753,13.7839485250075,13.7439037552767,0,-0.752304033386591,0,0.526104620664781,-0.257132623232075,-0.29398428961895
"O70174","Q61526",3196943.89105297,438246.421609091,522021.066684404,0.735420069632335,-0.141546426993351,0.103734472866358,-0.287239651370387,824581.45,0.85486047997151,12.745267900281,12.8264610820759,-0.880183625313122,-0.185587698196896,0.375812679038765,-0.295320031172779,-0.304768000432557,-0.31403707554939
"Q61526","P70424",6673349.4859358,993915.045190909,1018031.00475622,0.582119120525892,0.812616164734555,0.796121589485028,0.849390168391951,3741546,0.757626639148973,13.4369321738319,13.6251491278305,-0.185587698196896,-0.621210834702852,-0.295320031172779,0.698989051437417,-0.235652972439753,-0.255657425450002
"P58021","Q61735",82834214.3227026,12410114.5909091,12564861.3401721,0.302180652846603,-0.0463355459196939,-0.100584281556197,0.0161956525242759,52214700,0.684437838242267,15.6829580442509,15.8494313101428,-0.688038987068005,-0.737034692293215,0.724756694774998,0.671668943920054,-0.219002487181564,0.102739018277078
"P59268","Q61735",77593387.7534459,14383557.6161182,8172085.99646715,0.963809460033152,0.0612620964663607,-0.0277867058002267,0.155978396568348,32881154.5,0.990427718699166,16.3963397371269,16.3969630313577,-0.354208674044509,-0.737034692293215,0.00941363417977103,0.671668943920054,0.65462740756112,0.0381426022562816
"Q3UIU2","Q61982",232153267.154993,28041379.1845909,40785538.1154717,0.966390621507061,0.687617885419665,0.699238185466164,0.673098142423811,68505307.2,0.998333777394714,16.1787116251585,16.4005962011499,-0.768068351372773,0.528178746602177,0.635471403055476,-0.327396809123816,-0.679362731652613,1.15129201186086
"O88786","Q62186",174778820.185982,32829888.5194545,17627459.494684,0.998985874147487,-0.0623977441258696,0.246415362355276,-0.33385012131212,49276903.75,0.999127280070789,17.0712625296008,17.0354901713673,0,-0.670493613946604,0,0.72454794943765,2.55096872450274,-0.9305318492404
"P70452","Q62186",136293509.692223,22878541.3181818,17914585.7557131,0.479874471437367,0.0591132756394744,0.00262151161160902,0.130424043002947,70833018,0.884699634976718,16.5247356692669,16.777184313178,-0.792330501133636,-0.670493613946604,0.615332892050415,0.72454794943765,0.913554322952061,-0.0682295346055178
"Q03146","Q62186",172553113.814198,32339159.4806727,17537634.722887,0.964618443679758,0.229254170721477,0.301559786620758,0.137993622580574,75062973.5,0.989825834806261,17.0810608384446,17.1738987984262,-0.0339993953618852,-0.670493613946604,-0.480064506192178,0.72454794943765,1.48626428914696,0.161913346820869
"Q62186","Q61335",103414363.066514,16747542.2272727,14339973.9033276,0.29916814955722,0.368050422367423,0.490493599458518,0.227599300795896,54419275,0.670574800929307,15.9335114721636,16.4146784201195,-0.670493613946604,-0.775332415526007,0.72454794943765,0.633788346812449,-0.459233306782385,0.0147204281810816
"O08530","Q62190",15515985.9716625,2309064.28272727,2368800.11545889,0.478907571321024,-0.148692393382966,-0.0634536541039052,-0.226762345728197,7071257.5,0.916269910761478,13.8943745220711,13.8739943706298,-0.708576242959238,-0.748534293757074,0.701121242125526,0.644570230863815,-0.176841129993476,-0.189071380167669
"P55086","Q62277",143613160.06517,11002697.0665091,28573218.7098355,0.844770627000948,-0.268203644092703,0.00718984107666303,-0.481613094637153,3488736.98,0.949525751507468,13.9775588095499,14.0141257332006,0.832332288044283,-0.518346003182109,0.0869766234646129,0.85344803799307,-0.224789449555784,-1.22714431343909
"O08579","Q62312",26559430.0111056,4664035.67363636,3211005.85830743,0.670205718556555,0.164469429043056,0.458987709254304,-0.186261001822717,11666503.5,0.967408144244893,15.0641916849166,15.1351525932644,-0.701018586207573,-0.751659445217773,0.73181556315613,0.6700877845378,-0.152599768618866,-0.0422206821333086
"O54734","Q62351",176224023.242813,33444872.4090909,17118036.1789909,0.644809255191044,0.139873200028772,0.108939283219825,0.171746420724451,73315617,0.953275843716682,17.1176190149975,17.2854845504804,-0.798636432935528,-0.621292504293635,0.602244201777749,0.766748112612081,0.0446540434772122,1.34080739449163
"P56135","Q62351",568131469.279739,85480314.7272727,85817436.7365597,0.711776996017157,-0.140359963351994,0.0286518751978558,-0.343413909439658,361437425,0.978649867823803,17.5977734442275,18.0144976174685,-0.759506978010831,-0.621292504293635,0.645208486600094,0.766748112612081,0.801973329010076,5.61663006885748
"P59041","Q62351",46189638.7660077,7548938.42636364,6323765.9928229,0.721500985266627,0.024755028721149,0.193606750980428,-0.167589930875653,27268647,0.98172924524901,15.4459990235641,15.4936834479059,-0.764335040319211,-0.621292504293635,0.639251626917628,0.766748112612081,0.149026635231884,-0.0779627748903477
"Q61263","Q62442",39908355.7485837,4547729.69979545,7191144.36228425,0.792705170198881,-0.156144671759972,-0.101625726994186,-0.242408139540239,34618823.63,0.991544395467071,14.2528585848715,14.7810961913684,-0.937340056645762,-0.533141353269287,0.873570684237233,0.522987549325746,-0.104057471534313,0.0966266779100186
"P97363","Q63961",28726657.8001932,4113604.29090909,4537433.10795331,0.514910102895466,0.224342050825632,-0.0415004675207104,0.450337959947852,17103232.5,0.897583731192825,14.5009602465403,14.535163827199,-0.698793684722448,-0.722916192348338,0.72471286292739,0.710326718137941,-0.0423818585748093,-0.17224320337052
"Q5XG73","Q63961",29851693.5678623,4066910.40454545,4895493.67749358,0.427819603577706,-0.0975097719901527,-0.125353128778988,-0.154475379361004,18146755,0.850758456997311,14.5408910439126,14.6169496361083,-0.686899274669026,-0.722916192348338,0.749079238821415,0.710326718137941,-0.0626550023667798,-0.160390692585413
"P17809","Q640L3",415334240.992814,24231398.0181818,85169616.1793242,0.733017716035021,0.0950202174859008,0.251951476627874,-0.0237736549654195,414062510,0.992775936078143,15.5131747150007,15.3294294206841,-0.718657348367594,-0.584773931790076,0.695229618874436,0.80820133218496,0.444962201604919,3.86445363198127
"Q3U1N2","Q640L3",6046447.35879828,734993.254818182,1059047.46654928,0.494665550729291,-0.202913992074436,0.0710296938170305,-0.378306718207931,4091555.93,0.966641544095188,12.6886216984244,12.8324656721134,-0.235462330522866,-0.584773931790076,0.462844852377033,0.80820133218496,-0.305644447369123,-0.26001449724771
"Q640P4","O70174",2197985.69136479,255988.037863636,392514.263655147,0.7327275588307,-0.117032451144345,-0.0611688989455989,-0.15103879419544,629481.22,0.768017695850834,11.3260747809629,10.8100002347159,0.206893728489785,-0.880183625313122,-0.129220351215417,0.375812679038765,-0.260932369010968,-0.314506904349265
"O35912","Q64436",40978154.8741942,6837167.9655,5438825.61499574,0.705506871241245,-0.188985709689303,-0.0862744738047603,-0.322630082887643,17408807.5,0.919814376187509,15.296884578678,15.4681732206488,-0.144646935589069,-0.755532656293762,0.0527375989842592,0.659671423381706,-0.12253802229868,-0.156063779573842
"P34968","Q64445",853795.762046909,78448.8249681818,164257.890945599,0.469480499751207,-0.122823053275091,-0.290156141869746,0.0651749146267218,157435.42,0.76845064928253,11.9667769732064,11.9667769732064,0,-0.488552388614608,0,-0.508383837936857,-0.3095885513771,-0.27502226167693
"Q14BI2","Q64487",8497784.44460644,1101263.59404545,1438609.60950712,0.812913311913888,0.683430849995173,0.644563810712071,0.721148744596591,6539080,0.72569137670852,12.8951685910291,12.3244188559072,-1,-0.412521097329861,-1,0.611139551793227,-0.27273702716845,-0.268879745414996
"O88967","Q64692",15571684.102605,2539821.34785455,2137990.89262593,0.909536071883878,-0.300695605136418,-0.168905496165649,-0.425288166866793,6587302.4,0.991188472659665,14.058148369684,13.8417439828934,-0.748736162591471,-0.710318960163441,0.664131807269731,0.0079995695277665,-0.253226724501201,-0.180061878548073
"P03893","Q64692",7980587.52170864,931182.973209091,1424039.37542235,0.812843798586696,-0.229319791522563,-0.22525738571795,-0.261505432763567,1557795.9,0.963770236026572,12.463808141271,12.5624059821192,-0.0198714828905528,-0.710318960163441,-0.184584969289142,0.0079995695277665,-0.285567152139847,-0.286811834469689
"P11438","Q68FE2",102874328.624453,19492883.7727273,10053791.9097875,0.853435644865305,0.1398107048557,0.0413201221297974,0.168585363247547,41056538.5,0.95245505374581,16.5956729592104,16.7155932314147,-0.708164258807834,-0.490606629307262,0.683853597908442,0.859382061362943,0.130023508313364,0.730343287578246
"Q3V209","Q68FE2",6257545.69648272,1058404.69865,812180.76270654,0.596586013643673,0.169495467261189,0.0929190096736888,0.198496130425268,3650841,0.875650740449988,13.3338399042321,13.664981069697,-0.747855836574523,-0.490606629307262,0.236624886866707,0.859382061362943,-0.240681195681849,-0.244157492774977
"P35436","Q6DVA0",29482837.4762299,4688098.86685455,4187186.86194682,0.953604448082948,-0.231844649408888,-0.533467104243414,0.131790688707782,5673702.23,0.977934301464616,14.8631158953983,14.9402846233748,0.646560542125203,-0.710962908195798,-0.146218722659977,0.692617707417749,-0.0951351658561699,-0.279361034867268
"P05622","Q6NZQ8",25058872.4822124,4258984.97830909,3225538.17271143,0.961523722158832,0.242229471866366,0.371017452464887,0.127770385367236,14139010,0.987927369451516,15.1069852370417,14.9671927000746,-0.763484153577168,-1,0.640101532856697,1,-0.226034432622877,0.0695470079158772
"P00416","Q6P4S8",79831844.2849357,6071803.99636364,15900334.0144856,0.710301510520135,0.344145212984371,0.339143705491837,0.344421522632929,77759060.67,0.987178600759127,14.4838546544946,14.2846816532498,-0.0319264609567189,0.211546116342306,-0.19704657364451,-0.104684864199421,0.146086758827801,0.510681862182007
"O08579","Q6P8H8",26422951.2617518,4731250.70909091,3057838.07609009,0.599826138301734,-0.184460344095996,-0.272350235501586,-0.088968564385092,9299377.5,0.904477140073506,15.0451338989038,15.2359891724626,-0.701018586207573,-0.294119336769859,0.73181556315613,-0.0906546092766487,-0.183283775181141,-0.0794359235318237
"Q6GV12","Q6P8H8",55622101.8350964,7443069.12272727,9231945.7648392,0.566830850012559,0.01361307485122,0.260840562721977,-0.257233233380771,40634740,0.926708486455396,15.0495096975869,15.3653034286367,-0.679637160181131,-0.294119336769859,0.731500711017457,-0.0906546092766487,-0.0605444522389425,0.260875533843988
"Q60932","Q6P9J9",535799291.938006,71404946.7590909,89165377.4950994,0.727468779046141,-0.362907831038428,-0.498019789164372,-0.202111403148089,297849187.5,0.993202161115742,17.3347790377487,17.351341231744,-0.775860359941208,-0.694758983626941,0.62410658080984,0.718751016485348,0.894276730968225,5.18928756818517
"Q6P9J9","Q61335",102301303.246526,15595219.9863636,15247827.1844488,0.551579621448931,0.225356192761566,0.40879392155245,0.0172693071496365,59397990,0.961970349402897,16.1106909190448,16.0627189443541,-0.694758983626941,-0.775332415526007,0.718751016485348,0.633788346812449,0.610265866182155,0.00180601080272665
"Q64518","Q6PD26",61627455.4613824,9032208.92727273,9542168.86989431,0.497045912506055,0.109557143479771,0.0978419583365852,0.155293219670417,43345780,0.898837136355599,15.504925901436,15.7062940733823,-0.609469568931397,-0.726239717667805,0.792712622651908,0.739247785911711,-0.157214572960144,0.164214267295942
"Q3TYX2","Q6PDC8",31143413.9451317,4285591.81175,5071550.30208702,0.814277956742735,-0.329283850186587,-0.155782624284621,-0.511294786672222,6419889.37,0.952150818477393,14.1064461180994,14.2946846348254,-0.583417026121531,-0.232670970398218,0.809621809434022,-0.162807209602659,-0.34565714296529,-0.168980580728981
"P55086","Q6Q477",76052966.9577061,12726008.4846909,10047897.4736839,0.978024103262247,0.0942499554340868,0.261745947763716,-0.197941209789612,21403748,0.994034529632395,16.1794610284176,16.1696985224219,0.832332288044283,-0.812577938855717,0.0869766234646129,0.567164295624143,0.527288995040294,-0.252225223794971
"O35405","Q6VNS1",8289590.22288329,1424815.41555455,1045664.83328422,0.701637589128512,0.639787449665361,0.719052605023027,0.603188044518603,3185394.6,0.96070326710841,13.9748989733692,14.2074296652055,-0.655886251282931,-0.57120910074873,0.751589269891612,0.809247822615881,-0.257206699792822,-0.269883082727616
"O35445","Q6VNS1",5680066.85399394,484655.840222727,1109781.94479154,0.424299251050516,0.0924989727106977,-0.222843520160691,0.317556179060992,5279312.5,0.936467982770646,12.2690761883613,11.8420481484013,-0.730320965392409,-0.57120910074873,0.439182053505581,0.809247822615881,-0.245078110711636,-0.290876980489128
"Q6Q477","Q6ZPR5",72687453.1298262,11797544.2227273,10048656.0598062,0.780127877624506,0.0511524227509258,0.0281838552792719,0.125800119056567,44369762.5,0.957806889789917,15.8870628060835,16.0897676395312,-0.812577938855717,-0.725743019661861,0.567164295624143,0.689460281257384,0.00207784255846114,0.426641482054501
"Q62190","Q6ZQ29",14405905.0586311,2111668.56973636,2230256.09305319,0.644472868845318,-0.0215878957826766,-0.00311659165723576,-0.0399333604489601,7956143.5,0.946301399580743,13.7697585807158,14.1751101409738,-0.748534293757074,-0.104600610815046,0.644570230863815,0.081234778109836,-0.200548714684794,-0.153289784124838
"Q6ZPJ0","Q75N73",4982452.14272726,803628.098645454,694682.095181684,0.541217555059778,0.216676871269391,0.458774099309358,-0.0194106803960637,3129829.72,0.970483732896089,13.2578023303513,13.3111261449881,-0.649948743879639,-0.415247357506177,0.751919549693232,0.250213248373584,-0.25418179273368,-0.254838156493909
"E9PUL5","Q78IK4",93011131.3923121,12750316.41,15187491.9448769,0.948351852161029,-0.164328515245861,-0.285136855049637,-0.0295743444298335,53117908.6,0.996750465776205,15.7337295439995,15.9245121154772,-0.712573566778942,-0.758043054498824,0.700599883571831,0.647094821053267,0.633486189641634,0.19505291743422
"P97793","Q78T54",53611747.0816453,9769808.76208182,5932720.64562283,0.975654699462341,0.330626326127419,0.343097064032734,0.312841435155249,19986094.33,0.999036361288934,15.9695279931209,16.0416636418601,-0.254374130727802,-0.732068393216368,0.214653645344836,0.708169861135527,0.242293132839092,-0.114801303081161
"P55284","Q791T5",69792976.6866219,11189042.71,9809032.72481509,0.848170470786401,0.117173542826014,0.165875027801704,0.0700719804746549,44188780,0.984287851273616,15.9089000761655,15.9950315643231,-0.701013191936676,-0.629996989310494,0.711843288656809,0.818509351267018,0.378225702693083,0.0401327111422573
"P62812","Q791T5",72471054.7861337,11898638.1906773,9856577.83221815,0.945179598103724,-0.111109815674245,-0.675591701842058,0.251123599532005,14317476.33,0.961545359868984,15.5943688536454,15.4119192920949,-1,-0.629996989310494,-1,0.818509351267018,0.176786451147206,-0.550492056915879
"P58158","Q791V5",148237596.485252,21743030.7681818,22936353.1400483,0.713510667091399,0.387611233065454,0.249889035284221,0.478783446663464,98827432.5,0.9738926453315,16.4126218083168,16.4040009244184,-0.638842914193008,-0.716002317204387,0.799964822521384,0.696639474586392,1.17997476948385,0.308658275100643
"O70228","Q7M750",20377816.8214511,3872321.15155,1969866.79513086,0.95084599721918,0.512188985376961,0.246837598981251,0.689626568564875,7090958.4,0.930563448830869,15.0990572854227,14.9961049954504,-0.588868115452686,1,0.791716396564481,-1,-0.266582927712399,0.00510482172370114
"Q61090","Q7M750",7874861.46724222,1432587.07427727,875492.515147833,0.930804972421637,0.0630451358580831,0.0228245118382507,0.158977585003975,2317278.2,0.909208339009478,14.4823307931445,14.5985377470532,-0.752304033386591,1,0.526104620664781,-1,-0.266820537056514,-0.185796970705699
"O55100","Q7TML3",22297597.8806106,2403457.89249545,4101537.7091095,0.725671326348148,-0.169623447049829,-0.128337218105572,-0.216345699348328,16597850.7,0.989454471310638,14.0363319951821,13.692971320305,-0.526532488594003,-0.584260051617795,0.850672674262458,0.2496347155592,-0.166650406867212,0.029137254345703
"P41588","Q7TNS7",3586541.86912048,364277.457154545,672306.921642755,0.675170382836588,0.607156253694399,0.630337008604015,0.604306592465343,1741810,0.431979027913089,12.2260518614352,11.8353295649153,-0.0459668668587822,0,-0.22352387596664,0,-0.271585940001894,-0.243810896433973
"Q7TNT2","P63141",29453411.6732206,2231361.24855455,5869667.99710824,0.627978550382559,-0.0187710266318367,-0.0279975003517155,-0.0210398515401046,28335736,0.978218824231882,13.3724382152423,12.9354461337342,0.600910644715829,-0.683612842412506,-0.247675235667905,0.707262761299306,-0.101678962803819,0.0804788347131972
"O88186","Q7TQ95",48149320.1675323,8082642.72094091,6328566.32766061,0.953530730853634,-0.170643330042444,0.0534409944706983,-0.423968870008658,8867613.2,0.993422235243281,15.4002903745568,15.4627068197477,0,-0.69267494336768,0,0.712004568245624,0.0212065889737606,-0.383470382196491
"P28230","Q7TQE6",8311080.59364373,907270.395318182,1522034.97285682,0.660059827391011,-0.188245678632118,-0.0920647805546711,-0.280555724834545,6210229,0.929968608352546,12.9673526937111,12.738343997597,-0.20051249784135,-0.680380297291624,-0.0973556086213076,0.73986048726188,-0.236468061867663,-0.217068491112116
"O54957","Q7TQH7",68135736.8033978,4297366.38731818,13876397.1559806,0.682751770909972,0.347617139637004,0.549501927638844,0.134031284095786,67261882.5,0.961296466230315,13.8446171587198,13.2502248201635,-0.134280943349749,-0.701411513476103,-0.21646259781275,0.709518707491348,-0.00292731742622237,0.382008876474716
"P04756","Q80TN5",4125778.1299064,645104.460977273,597971.203875422,0.964134855997905,-0.0224459961600346,0.0250732495691727,-0.0879643748764919,633325.25,0.780647721953553,13.1744237656235,13.2176876116553,0,-0.713734394213785,0,0.694361704822782,-0.175671662236184,-0.292099785796694
"P36895","Q80TN5",3105857.66520118,399663.890909091,527957.680430571,0.329190310521719,0.138002199440824,-0.234947867883351,0.519259589233671,2625114.7,0.692475671131518,12.4174290901718,12.4110145427894,-0.674945447593415,-0.713734394213785,0.736109478663385,0.694361704822782,-0.267575177214661,-0.270401813547849
"Q80TI0","Q80TR1",8941189.0432992,1206718.96215455,1475698.71167864,0.627200968857399,0.370069568190437,0.233627575321649,0.574961277881047,4984212.97,0.849601621796928,13.3050987281842,13.4501623238373,-0.766716509181966,-0.197039815636882,0.681541886035335,-0.128867625442132,-0.2466163684707,-0.265072153303995
"Q80VA0","Q71M36",26416126.2749302,3032846.19586364,4745583.08670589,0.895601368389356,-0.0607513450334205,0.101212384184362,-0.189040224196349,18312463.33,0.985789889255089,14.113102472144,14.0330024785162,-0.748464272895146,-0.649600761988699,0.663869943007331,-0.154483173183082,-0.127602045448202,-0.0874862170044639
"Q3ULF4","Q80VP8",9627993.64270794,1407195.89238636,1494442.05815392,0.875341594398051,-0.187447244828902,-0.319181854471996,-0.067375877053872,4285863.93,0.96373573071264,13.5512930590656,13.7593043532223,-0.738376233026423,0.129195460643461,0.680805706721903,-0.0711638194306338,-0.254394138729127,-0.260382683585337
"P00397","Q80WG5",14854369.9154166,2369020.11318182,2101759.72869396,0.615735181854838,-0.403278064106511,-0.591490376427209,-0.166830031965975,9989257.7,0.98135814726518,14.2620326288065,14.537507081283,-0.759378852668988,-0.752214280193504,0.646864316537573,0.685049172203916,-0.18273955425623,-0.168627903747775
"B1AUH1","Q80WJ7",82334519.2535534,14681859.9230591,9621752.87164579,0.94137636368846,0.139304265838429,0.246244948797916,0.166587251312586,45583551.5,0.998963486291516,16.3750372069957,16.5750902915476,-0.889834741685997,-0.687456240427792,0.44430753069537,0.713791601098015,1.04405946063081,-0.00377322289128817
"Q3TEW6","Q80WQ6",7098942.94880054,1086690.87272727,1053463.03009758,0.565867479795468,0.428240089470408,0.396344069791133,0.475555595290644,4401125.8,0.913278709371602,13.4418677745213,13.4075715699239,-0.790115735277097,-0.685114897703894,0.606287963879303,0.728064006319278,-0.228940872341831,-0.243396686300176
"P03888","Q80X71",223386342.419989,23204624.3,41590786.2523165,0.567817888098897,-0.128816557665516,-0.213600364139572,-0.0655203587448295,171357755,0.981128432144412,15.5521831061617,16.0710214814319,-0.757352465918522,-0.64671714448541,0.649914374688134,0.757643843481732,0.632968673774924,1.94916267085935
"Q6PDC8","Q80X71",9564206.3662356,1728470.22538636,1081804.85500565,0.720219451388343,-0.0376250102887054,-0.237016600061802,0.169297925651317,2346618.5,0.952502605382536,13.5833939212213,14.1531859990161,-0.232670970398218,-0.64671714448541,-0.162807209602659,0.757643843481732,-0.231804518841669,-0.258208213603064
"B1AUH1","Q80XL7",2518135.78846051,341226.712554545,414477.936861455,0.68924629978319,-0.0358352125271129,0.146100259594743,-0.2176517863357,1445529.63,0.901109106330025,12.2994634332368,12.6774409548545,-0.889834741685997,-0.0297411942096201,0.44430753069537,-0.20767557511577,-0.303984603782553,-0.313684612542238
"P48410","Q80XL7",21379369.6498546,3280668.29919545,3164405.64474962,0.843825249804558,0.538673633062414,0.533675585284987,0.568490919512124,11316782.75,0.980391691363252,14.5108271425059,14.6677139222153,-0.740041741345382,-0.0297411942096201,0.683853876542785,-0.20767557511577,-0.171075584595613,-0.0717734611879371
"P70245","Q80Z96",63321172.7915055,9912666.71363636,9164729.26106025,0.827565809589051,0.0848997520304367,-0.10851306520462,0.293578326888118,42386291.2,0.982968331912021,15.7564014484432,15.813585278324,-0.647084913702954,-0.740308811031218,0.756189636822533,0.666770983000739,0.021795483478954,0.332026143708072
"Q3UN02","Q80ZD8",36254315.1215024,5911445.00089545,4979874.77462006,0.882273827588096,-0.0944805519142936,-0.0930665248048882,-0.109280791300852,22042454,0.994180510646421,15.3224115625583,15.3813525947246,-0.663708416350518,-0.563034931616025,0.736327482743422,0.823066276712623,-0.0907789999725074,0.0588460559878833
"P03911","Q80ZI2",82950149.0693678,9016428.68585,15213952.2287273,0.955033582354644,-0.123225365517384,-0.16053776964971,-0.0952988259249264,4367901.3,0.869293997315674,14.3552101300883,14.2481568868243,-0.763906937936681,0,0.642195759431636,0,-0.680544111622774,-0.149989188864992
"P00158","Q8BFZ9",319851657.455388,36264274.4545455,57750614.1404722,0.546297662933181,-0.482976074876363,-0.577294614124516,-0.337630462380416,230210950,0.974349006471579,16.4150393139374,16.0831324806367,-0.774106275343743,-0.771440007325506,0.629569314768195,0.644465198413823,0.762779813665875,2.76845784296354
"Q8BG07","P10852",305992180.581934,49736742.9547182,42216355.8259577,0.973792806866896,-0.0107544420769249,-0.05182325791338,0.00976655261794442,164955567,0.998811792795568,17.3638114574008,17.4372369972174,0.102655216455079,-0.664610035169207,-0.394413976009086,0.738744975582851,3.47274422189692,0.30502551471374
"Q3UMR5","Q8BG07",76220489.1602516,8739607.81835455,13700010.9187379,0.81769481562738,-0.147315327861068,-0.207935907157843,-0.0521091802634008,67530477,0.992772992966562,15.2476357452059,15.453532108954,-0.682323708552231,0.102655216455079,0.729548425301579,-0.394413976009086,0.0827003100575808,0.685634173683768
"Q60931","Q8BG16",150943687.279967,23378493.5240909,22115204.1710935,0.91387892247947,-0.0359550056975557,-0.0524266386307593,-0.027438488068191,82919082.25,0.996511987564191,16.6260273000157,16.5250453478545,-0.778608574556223,-0.563773965192353,0.625892572037378,0.825901525168699,0.416747065818928,1.20504994826854
"Q80ZD8","Q8BGY5",2783377.26891879,276422.951531818,525105.044131667,0.677502725820179,-0.205259485163812,-0.080911634889858,-0.277310363333052,435600.28,0.923747531903392,11.0534935758114,11.2278699401203,-0.563034931616025,-1,0.823066276712623,-1,-0.296364040669129,-0.336965488457603
"P98191","Q8BH24",50321979.4268192,7779344.45843182,7388262.21715802,0.69686832909138,0.12524314541287,0.227690110826054,0.0530848921354467,34280533.2,0.993901759523191,15.5056548100189,15.7573634159057,-0.536455435840021,-0.635639726495105,0.544184098979618,0.77652835860456,0.216305056734338,-0.0959494911134415
"Q8BH31","Q8BH59",384049404.812503,38896051.0409091,72051144.7237762,0.730802231456787,-0.225030658385243,-0.241322828549569,-0.216529095800605,262573827.2,0.996028970001172,16.1441700903566,15.9437323135416,-0.717825349996527,-0.780093603573337,0.698752098385913,0.623978898627903,3.56634769561365,0.837923408532072
"Q32NY4","Q8BHG3",20126455.9137633,2438219.90906818,3530941.5979515,0.747564369147728,-0.169724380607631,-0.096945949486074,-0.291367787150312,17556206.2,0.91802466503971,14.4155936554393,14.4070253627739,-0.829806629985961,0.328397028251791,0.591913019177034,-0.192983547661465,-0.108020555923132,-0.17368444354738
"Q8BHI7","O70472",13020860.8149008,1461655.57986364,2360096.31554034,0.404966631430429,0.216191585416886,0.0687325735454867,0.372371088958453,9594880,0.817652320960619,13.1857413524977,13.6093088528812,-0.442044162757257,-0.778890610042659,0.190981837372985,0.606821853811142,-0.249323273728267,-0.170136782954128
"P22646","Q8BHK2",25007277.484504,2485239.06032273,4716907.8713708,0.709418841637024,-0.110539338299092,-0.111467888910346,-0.123402968349314,19227309,0.984935397277786,13.2595800674866,13.0865532814782,0.506574260622908,0.0128716212455014,0.423237489212837,-0.313584000838399,-0.205477818840773,-0.0084454400561051
"Q8BHC7","Q8BHK2",5769818.87158486,929035.522681818,806294.99896958,0.713295674774707,-0.138426048863867,-0.133692742447451,-0.14120983758972,3884625.7,0.830412585115251,13.3466930914974,13.2192893106154,-0.790505349827888,0.0128716212455014,0.553996243792089,-0.313584000838399,-0.256801439231013,-0.230242008478362
"P47936","Q8BJ03",14181583.2369254,2139998.02839545,2135908.24573147,0.874511545669451,-0.263720753015411,-0.204655295222094,-0.373293691938052,5575164,0.975629984071655,13.9446210835544,14.1198832225697,1,-0.691421157706434,-1,0.762211198336031,-0.189662809337914,-0.260808059643211
"P63082","Q8BJ83",125376669.654291,19654103.4590909,18117126.5939003,0.926979007828877,0.511118940729477,0.295916693297654,0.668591855849545,73198264.5,0.985465108588747,16.5147537038437,16.536086727212,-0.682106084418775,-0.629039380750214,0.723375400581924,0.738483861791736,0.17227543577394,1.03738069839733
"Q61712","Q8BJ83",18690430.6795984,1645458.67727273,3629215.07478737,0.462272235942145,-0.105891715402378,0.215317022000298,-0.386118415070356,18145635.8,0.96363956582307,13.5788136946093,13.7556010928623,-0.738583823275043,-0.629039380750214,0.674091139499934,0.738483861791736,-0.17485551524716,-0.106063059423742
"P56695","Q8BJE2",36692054.5705681,5489804.31545455,5572953.91448702,0.646924781619818,-0.10184928455162,-0.194863287446187,-0.0809591881396705,20753260.12,0.992815548021659,14.796126426356,14.6910661665448,-0.674571696149115,-0.89067275411553,0.738219367094742,0.928327339981481,-0.108434903938173,-0.00578198523309309
"O88455","Q8BJM5",76058584.7766463,8222691.06642273,13976327.4763926,0.767753432988414,0.0747644590002971,0.17747729729242,0.0957862595936748,69429650.7,0.987283157318356,15.2495988090874,15.3742374275221,-0.959699167724853,-0.489177398350616,0.952021953188212,0.21702943822082,0.0229067258184277,0.495739361865373
"P41588","Q8BJS4",8351880.1359503,1437029.78306818,1051464.36117211,0.750936390614809,-0.381423650555462,-0.412789387536429,-0.373097078497147,3403347.25,0.963260203803943,13.6307711251052,14.1229510655593,-0.0459668668587822,-0.714002649443436,-0.22352387596664,0.689278809478296,-0.205780664150156,-0.234236675919366
"O35405","Q8BK08",20961500.3958808,3265949.20454545,3050507.90331221,0.513068239285328,-0.447949606912739,-0.529931544668474,-0.42369435752916,11630031.8,0.944722188029193,14.5637448490054,14.4611282932677,-0.655886251282931,-0.736231474195071,0.751589269891612,0.695989194871057,-0.116320059619589,-0.153346306598484
"P0C8K7","Q8BK08",21808559.0352087,3400336.36405909,3171197.97151462,0.809422165318564,-0.242118335689408,-0.360564679568833,-0.103089951208634,8448335.38,0.974421950182851,14.407684990698,14.3772722304132,-0.156936369803161,-0.736231474195071,-0.109258345702282,0.695989194871057,-0.162487040254528,-0.226950533101524
"Q8BLF1","Q3U284",118533608.953097,16163777.2318182,19426232.4689735,0.769049586157228,0.577243298721995,0.62799551142006,0.464271535761975,86737337.5,0.986911127361668,15.9795748117842,16.122343316398,-0.723643384092159,-0.815451592022418,0.737003650137674,0.599435789796347,0.158304853369347,0.886697852421225
"Q3U1N2","Q8BN21",2541426.36622019,429990.421636364,329685.056017017,0.506091463428368,0.430992465853353,0.399471072014409,0.505504452314874,1133249.75,0.828610912293029,12.2955243769826,12.9626906448059,-0.235462330522866,-0.740610601309186,0.462844852377033,0.673316941557245,-0.339783640230567,-0.27649957948435
"P62812","Q8BNI4",24530031.4859536,4097883.27704091,3249364.99357491,0.923956416904481,-0.218667020402002,-0.296361274092201,-0.157084209403089,8107220.2,0.942416062556566,14.6414918058764,14.7577172202119,-1,-0.753361401209254,-1,0.651490591386781,-0.118127544945764,-0.281869978742127
"P97449","Q8BNI4",358495891.242219,42857974.75,63284915.6394306,0.74540180316689,0.0527413086002537,0.107992953670235,-0.00722263200563445,309704060,0.97589461050274,16.9765817041669,17.0794961318252,-0.690482910790709,-0.753361401209254,0.724469357534651,0.651490591386781,0.463343880180495,3.3377323514262
"P63024","Q8BPT6",97309696.0819097,18706999.4609091,8970245.55578472,0.939495886672029,0.356498786248316,0.227383294950035,0.520840572377729,46566664.5,0.994447205957142,16.671883013908,16.5261304585095,-0.78463409391292,-0.163168333943833,0.63980535376603,0.591670996979562,0.113123504458628,0.673856576254128
"P10417","Q8BPX9",6194957.30950413,898793.871468182,967781.59519655,0.711986231877601,0.305968414307916,0.513437026122785,0.0396902949981216,2846875.8,0.913830428851352,13.3189250058041,14.0519181932662,-0.173615281751361,0.606763269878967,-0.0618067792076383,-0.207048025501438,-0.255645791187957,-0.232467185265273
"Q6ZWQ0","Q8BQU7",7339181.28352696,980426.294709091,1219470.75119829,0.917431749967732,-0.0618652609918846,-0.122204069794738,0.0110717586334167,3557730.93,0.96381802197897,13.1047391772312,12.8245308216339,-0.777057350505807,-0.0824469059848534,0.633587577002928,-0.111373155131047,-0.272798922823093,-0.245879340777261
"P35438","Q8BR70",8866815.30402148,1609656.21059545,991293.119590451,0.617474023922791,0.338908282429364,0.441851085545542,0.246590857590463,2626777.1,0.945388407474878,13.8583393171609,14.1483165822345,-0.503210356208411,-0.697604631469624,-0.331834147790902,0.717825348170772,-0.205530081764232,-0.278763050888591
"O70572","Q8BRG8",37386855.9943031,5507321.58335,5762354.31148998,0.899216662108561,0.138528190728286,0.282160168827992,-0.0724125044806813,24540909.9,0.996417650001511,15.325719255304,15.1646768173693,-0.75769947525626,-0.731779933243415,0.651743178671011,0.17711822240632,-0.0952313112887224,0.189344323902543
"P51830","Q8BSY0",77177941.8920454,9920651.53181818,13127364.7648807,0.609501271145329,-0.127688694607778,-0.150116964900541,-0.178968310905901,52674085,0.960364472624944,15.4180357625216,15.5591465357345,-0.642775839400148,-0.751031732468249,0.791573245498514,0.673685163451429,0.456691396691602,0.0216038416610474
"A2ARI4","Q8BTZ5",6561468.69089885,1008413.88818182,969561.823344828,0.4537627522101,0.209257683187759,0.228028714373491,0.157911227941376,4436763,0.881253250209709,13.3743097922405,13.7339271612581,-0.780104875245788,-0.53596331894702,0.661259630562772,0.845799644913321,-0.233540546314266,-0.24546290198152
"P17047","Q8BTZ5",238798401.628632,39945730.9909091,31565318.4852325,0.901834655325674,0.306730441795522,0.414909077517944,0.236030658563007,150489305,0.995469897485615,17.2119772298791,17.2086264089923,-0.68067174368683,-0.53596331894702,0.729967994495674,0.845799644913321,0.492420650607372,2.09673797401237
"Q6TEK5","Q8BTZ5",43283281.0422196,7698390.80909091,5088344.7687778,0.705057394904422,0.26850347381112,0.234458924444682,0.27349230286411,19747497.5,0.956205920191236,15.636804544108,15.688484094706,-0.616149505042756,-0.53596331894702,0.776397122644486,0.845799644913321,-0.0856585297089294,0.124893564950757
"P19783","Q8BU14",1228942616.22519,148198832.681818,216071987.77184,0.677308519208961,-0.315173984804128,-0.41739981405232,-0.197211101434834,743617918,0.994934247629651,17.8608861286098,17.8775888422288,-0.781591045354906,-0.75541751469524,0.617859595402181,0.648591777595555,0.86984445695742,12.795104218632
"P15209","Q8BVA2",6417795.66338612,865524.312072727,1059742.46038667,0.51307658875583,0.745366866880874,0.547856827045711,0.865042416861164,5417090,0.822487042281898,13.0542457403873,13.3351418744566,-0.604799544792048,-0.531198996740042,0.7567464385878,0.857373037439371,-0.266098076047485,-0.239476806373407
"Q8BJ03","Q8BVA2",11728723.0451,1605610.24090909,1916996.83291567,0.38458931944382,-0.186660207546572,-0.70381496568816,0.008452930974182,7002030.7,0.906541454664032,13.3851952422456,13.5366537460134,-0.691421157706434,-0.531198996740042,0.762211198336031,0.857373037439371,-0.213285688859156,-0.184421881304439
"O35683","Q8BVF7",115240989.456893,12258244.6590909,21293047.6108952,0.547336916972467,-0.306091432716699,-0.384208754262006,-0.25444765827246,85947187.5,0.980848855745878,15.0899202739927,15.3020140607396,-0.756747663987885,-0.637043987014666,0.650080015896654,0.766170246613705,0.294058710342829,0.850834123949573
"Q6TEK5","Q8BWP8",42135391.8103798,7515014.03181818,4921805.16241428,0.663389460349218,0.399793457714832,0.236605838923179,0.516110851247825,19659312.5,0.936244085356872,15.5313800243895,15.7158834635984,-0.616149505042756,-0.672966557089865,0.776397122644486,0.767207327778024,-0.0981396926808476,0.115833168021566
"O70579","Q8BWY7",14549541.3085033,2358202.57772727,2015220.7812799,0.518750737927372,-0.0263234060329665,0.239645908017213,-0.422021680763049,7192805,0.809033052508203,14.1914878412991,14.2635067289318,-0.769316229365686,-0.77234990038345,0.658871848448349,0.635452165450732,-0.206518841601414,-0.158806639620044
"Q03146","Q8BX90",17636904.4537006,1752868.12430909,3326644.31086444,0.534099300348605,0.00541897718420526,0.116195252303637,-0.163296372720947,16543373.5,0.955440007209964,13.6096948346797,13.625650659132,-0.0339993953618852,0.0761388345261787,-0.480064506192178,-0.0238779467113843,-0.101702764312946,-0.182742715042771
"Q8BGX2","Q8BX90",20787673.0072571,2607688.33090909,3583589.51314014,0.480461962979307,-0.258862256982171,-0.236753281605865,-0.311612443500507,16209793.2,0.93430491624072,14.0103587206957,13.9800823488994,-0.709543228330521,0.0761388345261787,0.71468205488963,-0.0238779467113843,-0.124856028852512,-0.14909909637628
"P70245","Q8BXA1",55890346.3478548,8262206.1,8586251.49142476,0.56043421009511,0.454106985838091,0.485317364484234,0.455736105179907,37421187.5,0.953931751258386,15.3861558858286,15.6301828970779,-0.647084913702954,-0.650242499157628,0.756189636822533,0.763153426250264,-0.0599264118909544,0.237056788658327
"Q07113","Q8BXA5",22756419.0057478,4064483.60454545,2649305.33424713,0.391744504811489,0.473956487942423,0.650161595554763,0.21780337134057,12273195,0.838818876807115,14.9749515693286,15.030153846464,-0.77780149081178,-0.792552240264033,0.65221940461832,0.609365800666088,-0.231402940412138,-0.127873258160549
"A2A699","Q8BXR1",2485709.17250264,396025.705227273,352158.938022892,0.548771237002109,0.833044743085317,0.881039818480408,0.889718544365452,1550108.4,0.859186943852394,12.2719086563872,12.19757312674,-0.709534836176788,-0.735355816258588,0.704294834202665,0.695594108707087,-0.285989217562107,-0.262484049260225
"Q07113","Q8BXV2",24540715.6051548,4029916.83181818,3336858.00528061,0.317601875357571,0.066542531982821,-0.135098832387076,0.263121890026388,12543230,0.712021262042066,14.7037286228785,15.0157007747631,-0.77780149081178,-0.650074841894881,0.65221940461832,0.750112049651029,-0.212351691892281,-0.15802295767112
"G5E829","Q8BXZ1",66306224.2160093,6953051.5,12308398.8623943,0.196869900839374,0.322926864546935,0.0804185967835989,0.56021642319533,59028450,0.688973795431387,14.9608720334441,15.0354694996413,-0.691375897707342,-0.706398814296698,0.722605919557441,0.703661414684851,-0.338455671132994,-0.0309869301012113
"P97363","Q8BXZ1",65428123.1126508,12113115.2863636,6917806.17927386,0.756086207422892,0.0236816009198446,0.13019419440126,-0.0977174935078591,30523569.3,0.983109238375479,16.1407500013921,16.3494064325117,-0.698793684722448,-0.706398814296698,0.72471286292739,0.703661414684851,0.329865511034052,-0.0409692582354724
"P54761","Q8BYI6",15561246.2253678,2700670.75963182,1926993.5125623,0.55808525874458,0.0673139804073645,0.192423824779793,0.00959970811740076,6700220,0.904109169108369,14.5301736533965,14.8867793986804,-0.701214939131893,-0.146499380845542,0.771447471620624,-0.0389875847647841,-0.191735323211162,-0.194601469601245
"Q6J9G1","Q8BYI6",14243926.0621804,1711899.83162727,2508315.32495872,0.761705628931268,0.143259798392489,-0.0896127291149525,0.388929698500572,9424427.6,0.985570600139876,13.8476114403105,14.3107857964605,0,-0.146499380845542,0,-0.0389875847647841,-0.0102198782113237,-0.218843856392013
"Q8BXA5","Q8BYI8",14743131.0331372,2586904.05,1785475.69742774,0.474919099245302,0.20209415727013,0.203911135223614,0.205947307028079,6886871.7,0.872275599945095,14.4429955730776,14.6181427810871,-0.792552240264033,-0.654902600945907,0.609365800666088,0.748448273202782,-0.210301156065801,-0.183938326640777
"P70126","Q8C0L0",39746878.5923779,5441676.37257273,6495991.20952605,0.980883309413607,0.402473779918478,0.397519999561868,0.402072010197463,23103240.75,0.978652341486039,15.6052027593,15.4383594995768,-0.211229292464114,-0.647346676834119,0.99993786070153,0.755688730469492,0.255908914660334,-0.198746187528388
"Q8BX90","Q8C0L0",40376756.5758817,5082191.27181818,6948027.10020628,0.468721236683099,-0.20675561185565,-0.174533925240673,-0.259624663253015,22275300.5,0.943798146959313,14.2989471768837,14.2687484875274,0.0761388345261787,-0.647346676834119,-0.0238779467113843,0.755688730469492,0.0590580780552075,-0.0880568183718419
"Q791T5","Q8C0N2",72426773.9596896,11994072.2090909,9725240.55967128,0.708893654790325,0.0723940923879963,-0.191149969568014,0.263738916133848,40726107.5,0.974491121480581,15.9851436936967,16.0729876695621,-0.629996989310494,-0.78341995652521,0.818509351267018,0.626463320153318,0.0698006175997477,0.104213912429673
"Q8C129","Q8BUV8",87643547.2630173,14086830.5272727,12276618.3938754,0.664759248509798,-0.395071427290877,-0.45156246006645,-0.382773296819509,43088190,0.97260347783205,15.7208703522502,15.9344209820283,-0.739420326261591,-0.707137696709858,0.659745999964097,0.707215640262586,0.0573812332947252,0.568228909363217
"Q8C145","P17047",240978893.75922,40115853.4818182,32098307.6761305,0.897886181508377,-0.165401980673399,-0.132240932077327,-0.185964449545041,152375702.8,0.997325678047495,17.1936158506466,17.2148531218773,-0.686775007366239,-0.68067174368683,0.725502986161204,0.729967994495674,2.11012957653268,0.516614593463017
"Q8C172","P35564",377183786.345908,76137493.4614318,25880331.8171652,0.962113201000515,0.28535808098438,0.400693374763416,0.217590169482592,133749083.7,0.993251482257714,18.0942679191342,18.0530693256236,0.140356450321708,-0.702621049289124,-0.048412003631447,0.723869451908676,4.85636696238006,0.49949253730904
"Q6PA06","Q8C3K5",44810752.6694235,6372957.94868182,7117464.14384292,0.965849962845005,0.575646692294024,0.561518690413683,0.589385957718257,35436810,0.940689796870757,15.7558857828035,15.2775100816561,-0.690133649220068,0,0.714198879509219,0,-0.110328777600426,0.522764107595443
"Q8C3X8","Q8BU14",45303412.694045,6810785.45454545,6848654.92618245,0.434725134331479,0.821381043077131,0.842507911511679,0.78631677106938,33845030,0.747336745371595,15.3328984268836,15.4948394024527,-0.791168713961077,-0.75541751469524,0.611542166571983,0.648591777595555,0.104702334959901,-0.174324850309925
"P70227","Q8C407",21563949.3607746,3343898.86363636,3155135.78881555,0.404789699418091,0.0922643603583451,0.343572897444821,-0.0352313830545373,10278960,0.804823447850386,14.3671092734696,14.5571882368865,-0.58065235676262,-0.624843937305362,0.819489169549516,0.78411288808134,-0.195355545172832,-0.14461601866124
"Q6P4S8","Q8C407",19280097.7861811,3048882.25545455,2756951.08669094,0.754152849209803,-0.256614008852597,-0.358577763651626,-0.175628278416415,13005950.75,0.967751526362037,14.6954086720581,14.7525957780191,0.211546116342306,-0.624843937305362,-0.104684864199421,0.78411288808134,-0.0999795419375554,-0.168159926399678
"Q8BXZ1","Q8C7E7",73192246.9829419,13292997.5045455,8173187.31636124,0.781367084320847,0.107385664748371,0.214578061539447,-0.0151541968447673,31545325,0.981707061076545,16.1499029422843,16.3900891735149,-0.706398814296698,-0.736116051036782,0.703661414684851,0.675649391154376,0.0470147014164003,0.271218730641547
"P18052","Q8C838",34066074.1000637,5910466.53181818,4220932.0538386,0.612739165134695,0.16167299233809,0.131990753385774,0.226566117862994,14433185,0.884200785475845,15.1511704203813,15.4685922455858,-0.790766334440801,-0.733754684120603,0.599983553848633,0.68048048363824,-0.110677277637533,-0.114815532433834
"P47740","Q8C838",137524567.123527,21384397.8727273,20059652.1430155,0.732486210787813,-0.187226569933801,-0.0255810762340517,-0.356145317693705,67430850.8,0.990753062621068,16.3610338241284,16.4894076038505,-0.700843703551064,-0.733754684120603,0.715604064818897,0.68048048363824,0.195381804600471,0.971513827387299
"Q3UMR5","Q8C838",77169546.9964667,9016226.73636364,13762114.3382286,0.597151780903969,-0.111322299867949,-0.112864503084795,-0.11261252623287,67480701.5,0.991315837412583,15.2971891102464,15.4207755385295,-0.682323708552231,-0.733754684120603,0.729548425301579,0.68048048363824,0.107979864054614,0.337777258638404
"Q497J1","Q8C838",35502858.2698437,4281149.08975454,6242201.38797594,0.905292878287664,-0.178801078446707,-0.0256783341485155,-0.359095632945702,4001810.8,0.864105643355985,13.5197795937494,13.7802211471057,0,-0.733754684120603,0,0.68048048363824,-0.223322835426069,-0.418209663424318
"Q3U284","Q8CAQ8",374424240.065759,47027521.5045455,64504608.8606677,0.854329097581786,-0.414894256538523,-0.556596287762911,-0.25252406924548,235609836.5,0.997713540533972,16.9111768838752,16.7598903415017,-0.815451592022418,-0.765160381827798,0.599435789796347,0.639348418615332,3.4565928286381,0.838883523591068
"Q3UN02","Q8CAQ8",362944900.073072,43460588.0454545,64022333.0342994,0.580537058090802,-0.123496957523028,-0.184883618006031,-0.0875240736911211,234669190,0.988395796538274,16.5081359130827,16.466711273658,-0.663708416350518,-0.765160381827798,0.736327482743422,0.639348418615332,3.38553358511493,0.756896567551616
"Q80XL7","Q8CAQ8",376314948.182696,48045292.8310136,64254195.7013323,0.973441925150242,-0.381814763811294,-0.443663755905596,-0.33107789820794,235999320.15,0.999598212458857,16.801400721162,16.6732739919655,-0.0297411942096201,-0.765160381827798,-0.20767557511577,0.639348418615332,3.2902657750833,0.169835629925477
"Q8BXQ2","Q8CAQ8",373415204.003984,46605826.0409091,64544786.4665643,0.803893489485973,-0.496968056086381,-0.588392811211687,-0.45530455009577,235469963.2,0.995124856911529,16.8339369785366,16.7818096109718,-0.700700250357225,-0.765160381827798,0.715457333525098,0.639348418615332,3.45596107487688,0.831676579129937
"O88186","Q8CFE6",9657813.47275284,1486287.28003182,1425008.19361648,0.881703901276367,0.0485353200384328,0.118162154391196,-0.0596928154772043,1049890.9,0.931564300787434,13.2517150312238,13.3869131974439,0,-0.773960888939824,0,0.636910992672134,-0.251405868287865,-0.30210572369359
"Q3TXX3","Q8CFE6",7443888.41556759,1035925.59090909,1202315.08662575,0.387206887260616,0.308162015683954,0.457060406212382,0.158363497136656,5290642.5,0.827415940463064,13.1119025722994,13.3036151776397,-0.645957722295305,-0.773960888939824,0.758831254714594,0.636910992672134,-0.225781455120512,-0.243721274074574
"P35917","Q8CGF5",7435956.60413796,1016617.80049091,1216481.36533524,0.562031801504798,0.364450837882658,0.35606349552791,0.277840813356824,4578734,0.950123658735042,13.0471738527137,13.0700730418125,-0.424200741553312,-0.774988367893054,0.432439841727961,0.67372917570534,-0.226195298425392,-0.244135888347185
"P97363","Q8CGF5",12570009.6865686,1742483.64136364,2036124.44064243,0.53184522416242,-0.108556200818737,-0.136732826909029,-0.144358692363904,8679916.75,0.95800734970617,13.391562166087,13.7726241209386,-0.698793684722448,-0.774988367893054,0.72471286292739,0.67372917570534,-0.206283235348821,-0.189850169229424
"Q03146","Q8CGF5",7915519.40013203,1018413.092,1345663.27685394,0.471046001693646,-0.0663826603038654,-0.119091725857963,0.0720535831630771,3541509.97,0.89544828691398,12.7683388755772,12.5907387801541,-0.0339993953618852,-0.774988367893054,-0.480064506192178,0.67372917570534,-0.239524970941851,-0.261019339610545
"Q6P5F6","Q8CGF5",8745519.99907937,1367902.61590909,1267041.17728984,0.550062436588059,-0.107655852569376,-0.184059636651755,-0.0389979889661071,5180891.8,0.950350709422573,13.6556612466388,13.8553228774301,-0.730353329557435,-0.774988367893054,0.67802996624368,0.67372917570534,-0.222950456974012,-0.228353805638116
"Q6P1H6","Q8CHK3",21080005.4128565,3689087.86363636,2566926.92429027,0.573511094680077,0.106855865842707,0.291166867961515,-0.0538917475753893,10658190.5,0.956941596442403,14.5942137929657,15.1541632454965,-0.720205137895512,-0.690905614468341,0.700014399572771,0.691220494616149,-0.0912385251346246,-0.173261363388346
"O35704","Q8CIA9",24723092.3365075,3160327.65740909,4218479.5560799,0.781900940433261,0.386029742256768,0.321342513596296,0.533050800223762,18889819.03,0.979254893515442,14.4555395491775,14.3927825109223,-0.753318193617577,-0.537719745435916,0.640141530500658,0.210634543478477,-0.160385598329969,-0.034264519621058
"P43407","Q8CIA9",2240468.34453698,295465.587281818,375324.121198833,0.393734623388903,0.00920017281787603,0.0754175306925499,-0.00878631681691864,1787230.25,0.813026051807922,11.7494771120927,12.1356004200967,-0.615842668367609,-0.537719745435916,0.783507980421988,0.210634543478477,-0.277248588631873,-0.289807738284654
"Q8BMK4","Q8CIF6",36816739.6341503,6234922.19545455,4768450.82549991,0.453554226494138,-0.0500172350765155,-0.182990061638239,0.0837751177824529,21738879.7,0.861328252539623,15.1759359491434,15.5321165935992,-0.679076715373061,-0.722800276891692,0.733985447725434,0.683910517073498,-0.186159851119316,0.0138142522531912
"Q75N73","Q8CIV2",5787785.52396564,1026849.3941,684278.928767966,0.606929993515372,0.32486537947261,0.320835311688643,0.378395994339878,2447847,0.887630965404271,13.4918819132704,13.5304050566338,-0.415247357506177,-0.708388988063943,0.250213248373584,0.75917591966061,-0.247948423478107,-0.247651859194176
"E9PUL5","Q8CIW6",38927019.4493927,2425519.18272727,7936920.88935765,0.647859761152512,-0.0419774722826064,0.00341734774345567,-0.0978286294825726,38377508.8,0.996037330850307,12.8867325983735,12.6335020950336,-0.712573566778942,-0.731543857881604,0.700599883571831,0.681695526949976,0.0842773835504593,-0.100876600394472
"P54761","Q8CIW6",36638637.16235,4101776.78636364,6647792.29040809,0.643158144733322,0.200978379989669,0.157417751450373,0.296467959270261,33260027.5,0.959026204774495,14.5331329206478,14.7276788028466,-0.701214939131893,-0.731543857881604,0.771447471620624,0.681695526949976,0.0248495514886375,-0.124457591499931
"Q8BGY5","Q8CIW6",38516785.8757316,2265486.90697273,7893119.31031859,0.855204757456383,0.268631288774234,0.0785275253542605,0.425138029128558,38371191.23,0.995710105941701,12.6424118446989,12.4346682274786,-1,-0.731543857881604,-1,0.681695526949976,0.614565985186723,-0.10646638192298
"Q8BH31","Q8CIW6",39103958.5840732,3121285.86363636,7730653.90980231,0.571432047135807,-0.132315947139492,-0.0795681171168594,-0.193232189561721,37801737,0.966648922569686,13.8530892456494,13.3508263758012,-0.717825349996527,-0.731543857881604,0.698752098385913,0.681695526949976,0.0723108140389867,-0.0989105192647552
"P61166","Q8JZU2",279154074.741122,33264217.9103864,49352082.5729864,0.546997915308694,0.196269263456978,0.316046981497649,0.07569370075164,166207965,0.94705913910011,16.1970006963043,15.9003821427394,-0.572555534108182,-0.682742851868127,0.390824891289907,0.805498506103982,2.54022712712302,0.392892403267665
"Q8JZN7","Q8K072",14618547.7699607,2055376.96873182,2342893.51272749,0.557218776903679,-0.258913095222299,-0.0910419908869633,-0.42619027217907,8688653.2,0.929611051645297,13.4046200634817,13.8623852697779,-0.692076401378853,-0.205984966988995,0.762596286395869,-0.00259561966036635,-0.20965441754886,-0.167921949268792
"Q8K0C4","A2ARI4",66017340.7363108,8284355.17,11378643.0431485,0.792911377355467,0.522991804093413,0.365219547536081,0.707996356145681,53886775,0.980608969241991,15.3016924495878,15.3284790617848,-0.683628020659381,-0.780104875245788,0.731101001180875,0.661259630562772,0.00435807118424019,0.361093248277666
"P17809","Q8K0C4",410563856.675815,25087360.5409091,83860386.1168043,0.421359459175577,0.00648155523013305,0.0509281598145088,-0.0353163456455897,407740873.3,0.963022296532746,15.3717936074695,15.3893770724209,-0.718657348367594,-0.683628020659381,0.695229618874436,0.731101001180875,0.417419043344848,3.74048829561872
"Q8BG16","Q8K0D7",16698919.8282073,2981261.12863636,1946088.49247894,0.720112222436232,0.4402884638783,0.244725997718763,0.546188850636732,8550826.67,0.985764228129116,14.6987133260569,14.7766157140873,-0.563773965192353,-0.504919323986995,0.825901525168699,0.885106322191014,-0.141084752624203,-0.194364028273761
"Q8K072","Q8K1A5",7928100.16843537,1284170.54145909,1099063.74888761,0.555527334721702,0.369309201975434,0.527186007122252,0.242703346970089,4847607.8,0.808140467133627,13.4273484350855,13.8415030083262,-0.205984966988995,-0.79076182994467,-0.00259561966036635,0.600121273642272,-0.237601429335381,-0.238975885923427
"P48771","Q8K1E0",359096067.743222,56650164.9727273,51498755.3499314,0.854407991544894,0.136325315887884,0.305282269449073,-0.0106338948155133,205551060,0.982953740816671,17.4168110543443,17.597054675318,-0.765463353881097,-0.723653508054394,0.811828136114397,0.690198361700313,0.572249211668521,3.31435419902843
"Q62371","Q8K1E0",19900635.2157898,2495411.74090909,3431402.62432713,0.606470467804016,-0.13774343596754,-0.00362059257159969,-0.251697416314816,17781662.5,0.962297744588764,14.3551603906601,14.4160521993538,-0.627416361800079,-0.723653508054394,0.770322045862185,0.690198361700313,-0.104028427409637,-0.16926140536321
"Q64487","Q8K1E0",19841120.4197958,2306523.74090909,3545989.54409664,0.489841652818708,-0.179316084662552,-0.244804565584992,-0.134211087756709,18037434.3,0.989840541499597,14.2476824155091,14.4601628405888,-0.412521097329861,-0.723653508054394,0.611139551793227,0.690198361700313,-0.0957010500391646,-0.170077688913456
"O35516","Q8K1G2",4662857.27288826,829487.418181818,547936.279268289,0.454520328176232,0.0495070845189667,0.17423969613796,-0.130912960488439,1976020,0.824613525719382,13.3395547663621,13.3908919272271,-0.679625531382993,-0.818267008634133,0.732451903423184,0.586005168269904,-0.256955099171353,-0.253075182647905
"Q3UJU9","Q8K1G2",49001102.2683479,6373562.87272727,8277618.62515071,0.704889271505779,-0.0959568079784329,-0.15991406111669,-0.0730314689642167,37737047,0.990887116338279,14.7950359489031,14.9720473980663,-0.665859825283179,-0.818267008634133,0.762953268981604,0.586005168269904,-0.0390758173043267,0.190123554033685
"P54830","Q8K2A8",14437639.5357813,2068696.27231364,2279317.49642598,0.872718638855713,-0.161896931773062,-0.181973815191374,-0.153883663051012,4805897.7,0.962508076341076,14.4385331412954,14.2428306798567,0,-0.605605412541744,0,0.791369744117094,-0.177299572242871,-0.27768945499243
"O35445","Q8K2C8",21281975.6937433,3000597.35943182,3403498.40160249,0.766811703795388,0.663269563392468,0.738127925985022,0.568547055862471,13266022,0.912855092974433,14.5180546590531,14.3443485965901,-0.730320965392409,-0.735234634732765,0.439182053505581,0.68864782058748,-0.0765282068344916,-0.162295130720156
"P16092","Q8K2C9",181375201.556622,27566104.3863636,27118746.7000794,0.921721323830661,0.0207829463942212,-0.0596504853240659,0.133902532869502,123734803.3,0.9901224187032,16.7607269485358,16.6578876355008,-0.655444767158578,-0.82731179288053,0.737166215552648,0.860242744010436,1.51477665531261,0.317023135426127
"P48771","Q8K2P7",369064200.97562,58905542.8147,52167300.3672254,0.927449446464896,-0.134631710040254,4.4518714813516e-05,-0.213069717011174,208801228.33,0.99834238804534,17.2064250233654,17.6003041798996,-0.765463353881097,-0.519542475906065,0.811828136114397,-0.0654752102739743,0.0991378199569693,3.6976135082973
"Q3U1F9","Q8K3P1",10273904.3156282,1156600.21137273,1860146.38732157,0.840769513980241,-0.0529503264721551,-0.34551194290227,0.30391367746729,4396765.86,0.993534276025893,12.9315451443975,13.2093365257887,-0.75711615409172,0,0.65573792313396,0,-0.282805193754256,-0.227420461390435
"Q78IQ7","Q8K4C2",13302241.7265178,1222194.33729545,2559180.77261362,0.608626031851146,-0.142289344731981,-0.16324127287283,-0.0902133418415812,10318722.5,0.977594346845276,13.1009360007867,12.5160514749962,0.359398834193194,-0.438915080473492,0.0579891296486736,0.200924994940859,-0.227444926483043,-0.171735746872053
"Q5NC32","Q8K4X7",17790982.7030784,2701644.54869545,2662394.97152065,0.873790888663184,0.256186218784277,0.370759468895747,0.219435541908172,8938843.38,0.989119030850588,14.6688748124138,15.0937047038745,-0.101308528453519,-0.710456688655166,0.979134266140681,0.770804347797689,-0.0232570805272753,-0.225320738206117
"Q63961","Q8R087",32759212.1841962,4438997.98181818,5392176.63552862,0.619735739839816,-0.0941749285976765,-0.30691014459575,0.179822344180811,19371056,0.970229158609946,14.5037464357149,14.8088509770428,-0.722916192348338,-0.79316254955747,0.710326718137941,0.60564468041471,-0.129768488209486,0.0298100826191304
"Q8C1F4","Q8R087",1770597.60247397,316977.570331818,205002.295755483,0.431791316370743,0.120380232649064,-0.0836022051220614,0.394936625493804,818371,0.803668781930354,12.385504246869,12.4944894604926,0.0712251263858406,-0.79316254955747,-0.0544953150767496,0.60564468041471,-0.276926951468098,-0.279887381990836
"Q8BH31","Q8R090",11213329.1638749,1584790.76000455,1789926.26018122,0.85049753951855,0.143794639470498,-0.327083163146617,0.516400989397313,3687850,0.96271324246907,13.34213379696,13.1024524642454,-0.717825349996527,0,0.698752098385913,0,-0.274469503553161,-0.277332292219343
"Q64676","Q8R092",6407455.75966594,883744.506181818,1041707.37392409,0.813437692954641,0.271402908516098,0.320253059021198,0.217916134775039,5368082.7,0.782659948129166,13.1908025792558,12.8431324267446,0.156968241482496,-0.670621204668582,-0.0535911606773659,0.738409128876492,-0.221679557076172,-0.239965339884
"Q3U9G9","Q8R0I0",79949818.621167,6689437.84818182,15677872.0228317,0.654091490843887,0.034366522059752,-0.0836087533767588,0.16778734677386,77071805,0.975061020851381,14.7095709483617,14.7094913377848,-0.722759955506244,-0.721853119618184,0.688764889269659,0.695024501878274,0.449584639268785,0.0155515601519883
"Q5HZJ5","Q8R0I0",82582376.9457413,5139794.46801818,16839704.521528,0.915578876875045,-0.146928732332997,-0.223809776422039,-0.0300403155632196,3385765.53,0.978979416839286,12.88413649907,12.5092573827702,0,-0.721853119618184,0,0.695024501878274,-0.256923213244374,-0.784893203761465
"Q8BYI8","Q8R0W6",10733471.983916,1413689.9,1799494.87730137,0.443200660440289,0.417699691590395,0.287915692750311,0.505008525982416,7337351,0.849750321782516,13.4686873336324,13.402228027994,-0.654902600945907,-0.630907038776242,0.748448273202782,0.77025497407548,-0.224632890473345,-0.191380949394571
"Q8K2C9","Q8R0W6",180808119.680141,27623376.3818182,26887354.109467,0.941565553360176,0.613095422879754,0.708735481210411,0.654644753420875,123540275,0.98702938890641,16.7744726251047,16.6589520712414,-0.82731179288053,-0.630907038776242,0.860242744010436,0.77025497407548,0.310571725911513,1.50869014597337
"O55003","Q8R1K1",27128136.7750418,4712912.12727273,3352623.86428829,0.612580883118361,-0.300443822666342,-0.334632961834138,-0.303708843734315,12283478.5,0.976086068000821,14.9837047111549,15.1626390917887,-0.742976320271749,-0.694371044214931,0.659039546996265,0.721196362395965,-0.102177114401383,-0.120111560554183
"P56135","Q8R1K1",583393617.458548,90266193.6363636,85570924.1167354,0.837002460195549,-0.46023952303279,-0.431179380271183,-0.52870377694875,364697693,0.994740921224893,17.9086290215783,18.0202046702508,-0.759506978010831,-0.694371044214931,0.645208486600094,0.721196362395965,0.886664691420949,5.66249518534901
"Q8R0W6","Q8R1L4",3130801.19728322,497830.964995455,444641.398070979,0.623074066031417,0.01177619148916,0.143788698438657,-0.0795229949388259,1905342.05,0.915790075247363,12.4284966237731,12.5967644363555,-0.630907038776242,-0.287942051757439,0.77025497407548,-0.259246974040412,-0.271896495524444,-0.259422174438925
"P00405","Q8R1V4",2083418246.07036,268285903.727273,354011454.167939,0.737726868797148,0.147616707220991,0.0572158101780471,0.241637366866647,1081491400,0.986855169469476,18.6784592598,18.4257877335345,-0.781686144945791,-0.696211861675457,0.616850624877635,0.706833063209031,0.832785107137218,23.3174116753622
"P70387","Q8R1V4",99369295.576076,17572972.8545455,11833025.1539351,0.712624695189419,-0.0139277308002048,-0.110074854178077,0.0732475929921982,41583767.5,0.963681149203335,16.3955375835663,16.4946944835133,-0.75487284599341,-0.696211861675457,0.651715043111144,0.706833063209031,0.661479181421433,0.0894854093390931
"P70423","Q8R1V4",109184930.62539,20216675.4300364,11539737.3451984,0.967191635726496,0.0393233797307599,-0.117523575270486,0.173136720244803,38502199.75,0.991341053391988,16.5157661663391,16.4004118905434,-1,-0.696211861675457,1,0.706833063209031,1.14981362872263,-0.355279267043588
"O35166","Q8R2N1",38526928.5341065,6556179.30129545,4948312.41938271,0.831306677910006,-0.264200094836895,-0.0905460528062663,-0.425727270111397,9336687.95,0.995627060735036,15.2400566814409,15.609644663843,-0.681009374172547,-0.180705476964184,0.726728389441827,-0.268078312554807,-0.228805372951365,0.0131914138140781
"P97449","Q8R2N1",366973260.365748,46156029.8922045,63174014.265233,0.973851313167442,0.169501069368544,0.191069439034797,0.227977636240463,313346334.25,0.998801497719678,17.5601587743302,17.46996514893,-0.690482910790709,-0.180705476964184,0.724469357534651,-0.268078312554807,0.503390663312843,5.46242742181063
"Q3UN02","Q8R2Y3",34068757.8395504,5311788.04090909,4954099.46185957,0.730158920044158,0.0443270843408391,0.0949706315196524,-0.0414023954282342,21547548.2,0.969027397230161,15.1787239420919,15.1772903623839,-0.663708416350518,-0.74181281364975,0.736327482743422,0.675766156178325,-0.111527075778237,0.0355681277561513
"O08715","Q8R3H7",17415918.236908,2592823.30454545,2657870.72061964,0.519149698329002,-0.324737821538457,-0.268502229856392,-0.404747602864145,9490347.5,0.935825350910738,14.1392971471682,14.3319048399955,-0.730898895394282,-0.741211512526793,0.678791837547455,0.673675089093907,-0.168197290566654,-0.157690836667941
"Q8BHK2","Q8R3H7",12083409.8786748,2062365.36359091,1543830.45835803,0.797948651912936,0.243980877331677,0.336854327340439,0.139066786346433,6801687.5,0.965127115081654,14.2137989554668,14.5801060582389,0.0128716212455014,-0.741211512526793,-0.313584000838399,0.673675089093907,-0.150316021431884,-0.225117178752685
"Q8R3L5","Q01279",108069894.240859,9622760.02727273,20934917.3406274,0.642554900930807,-0.125811808332417,-0.606334476191806,0.386004406763973,102017755,0.994326599616208,15.0148079888252,14.9076058362013,-0.711221978093922,-0.731931476483451,0.701641943942205,0.683014036470383,0.77791343287677,0.221549232015756
"O35445","Q8R3Q0",14032334.27131,2405385.29579545,1778879.62486534,0.775244671954842,0.42528478177072,0.298127081784998,0.530116015851234,8638577,0.955086829924968,14.5221034998176,14.5760003810459,-0.730320965392409,-0.649412023524585,0.439182053505581,0.755324529050435,-0.15602433178141,-0.190390357355141
"O88967","Q8R429",520064562.843226,63495355.4454545,90897201.1610653,0.771245648745162,0.745559246989984,0.841105563800576,0.658500972392644,301951420,0.967367339717064,16.7361289155149,16.4471564700436,-0.748736162591471,-0.772881703556791,0.664131807269731,0.635763433601271,4.98778916497491,0.781672005299196
"O55022","Q8R493",340952144.421302,58814096.9487591,42719065.7816897,0.99899784744446,-0.0825160442381287,-0.366357385948515,0.274914308305362,96879843.17,0.999604680265771,17.7127135586572,17.7863767992553,-0.728039824108793,-0.946110734275992,0.686105734848689,-0.374069915709948,-1.11666690548805,3.70068776989644
"P19783","Q8R4H9",1245351536.86127,157882147.886364,213468270.230673,0.966897246705959,-0.390254914611067,-0.44075572114547,-0.357502209765731,745249213.8,0.999506601777415,18.1590981839032,18.0428878928384,-0.781591045354906,-0.703488151768266,0.617859595402181,0.708917251757047,0.907212761830979,12.1768339594116
"P59268","Q8R4H9",4042300.15925298,674223.729754546,536803.779398608,0.594345088982473,0.512074787742085,0.633197625139412,0.421550301132014,2084663.35,0.948720627946042,13.2082774973172,13.2461684522214,-0.354208674044509,-0.703488151768266,0.00941363417977103,0.708917251757047,-0.292306617641565,-0.2607915565456
"P60202","Q8R5J9",194379499.33882,35883132.4136364,20732284.3797803,0.823603563103488,0.0871557376777462,0.0388808345014498,0.127288950160228,110799627.5,0.990562262205128,17.2365671828269,17.3309279508319,-0.643620455236698,-0.745524116578628,0.764624186192367,0.659944981786538,1.29306873602772,0.373627224344678
"O35379","Q8VBT0",77522425.2902393,12983837.5318182,10226893.2626465,0.645924114887937,0.193716097267176,0.148970681126872,0.239669633177654,52105200,0.938097689709967,16.1535647418935,16.1056097044056,-0.730266175771617,-0.774057027842182,0.687867622827771,0.629927374691524,0.449889880252542,-0.052626525560659
"Q80XR2","Q8VBZ3",37089019.5849337,6454011.80909091,4568675.30169068,0.620010207615889,0.193059081620708,0.282752547982496,0.153130439329367,17989192.5,0.909197117057872,15.3926895498334,15.5346525786697,-0.674438404795522,-0.68902599750492,0.73289487300537,0.713218770317254,0.0601590674822088,-0.11977567795635
"Q80TI0","Q8VC65",9619178.63139187,1149155.21691364,1698613.44345522,0.443612813889532,0.194395094164132,0.262793456517351,0.182423841673124,5114696.3,0.933354405976762,12.8621056313144,12.7662882535376,-0.766716509181966,-0.470550296002672,0.681541886035335,0.131860675833111,-0.243977087098904,-0.24853487197304
"Q8R2N1","Q8VC65",8942601.47440723,1148991.08912727,1521454.89023448,0.64797365716857,0.0378526342246274,0.197278209424788,0.00413852666470953,5293227.3,0.971391361610446,13.5319954223306,13.4766228364068,-0.180705476964184,-0.470550296002672,-0.268078312554807,0.131860675833111,-0.234720851336463,-0.240396815104443
"Q3UVK0","Q8VCA5",98727237.6558347,14235269.9945727,15505018.8284416,0.885658251792277,-0.0657603301759935,-0.0710246629291465,-0.0544093414252158,64611440,0.990236494960328,15.9116187065514,16.0444468502923,-0.660838574242301,0.122420309958434,0.487580714179389,-0.225908350139439,-0.175197156622006,1.0248402689548
"Q8VCA6","P17809",415099614.428373,23983372.2909091,85187825.2816595,0.683564419987855,0.301738383973362,0.361088966395043,0.264855356529887,413863750,0.991826718279405,15.4111734858749,15.2704164408451,-0.748445904577741,-0.718657348367594,0.683781590323796,0.695229618874436,3.86460577685407,0.443607519011865
"Q8K358","Q8VCA6",9383750.6201837,1786766.10909091,899975.930806658,0.501286995713442,-0.046233646606309,-0.284876325091483,0.093981615833983,3959300.8,0.699726573130116,14.263500701125,14.3483205216596,-0.752565598375979,-0.748445904577741,0.67470083911,0.683781590323796,-0.230752777435875,-0.205503208507962
"P83093","Q8VCD6",5275943.55285287,869158.10115,714015.299919053,0.59343351231237,0.358331400479888,0.12649173080613,0.570949310559316,3412636.2,0.888876962531993,13.3438185603681,13.4970869701414,-0.695468959937865,-0.399777658869193,0.704737709727852,0.234650810924578,-0.254150623913517,-0.239510481450794
"Q64445","Q8VCD6",6450680.29499601,740369.369259091,1158997.34495801,0.875176607349362,0.392455121543994,0.085561011287558,0.660578827376263,3384763.3,0.986178434676491,13.8800374746119,14.7944341338262,-0.488552388614608,-0.399777658869193,-0.508383837936857,0.234650810924578,-0.179756830195039,-0.244263871128254
"P23818","Q8VCH6",26361430.3954937,3580990.90198182,4331743.84375904,0.900048381236444,-0.0555371415511821,0.0192207578640593,-0.109155880994333,4583219,0.974500341330978,14.3748490331046,14.8752769004726,-0.55390394917593,-0.608264967696898,-0.324887539984514,0.793685873953856,-0.131962473310182,-0.32811198198948
"P36895","Q8VCH6",25681361.8604455,3305410.07727273,4364975.05913187,0.641533351238077,-0.130066368112864,0.0766196790046982,-0.279102145212042,16273780.5,0.978051152322004,14.0136680235338,14.2432581805596,-0.674945447593415,-0.608264967696898,0.736109478663385,0.793685873953856,-0.0422785531447614,-0.143896926161008
"Q8K4C2","Q8VCH6",25623149.9831252,3333943.88153636,4327563.95542567,0.744256401751735,0.416667550653604,0.465197654030897,0.40057079639426,16311421.3,0.959759095450739,14.2116243716451,14.4940393247724,-0.438915080473492,-0.608264967696898,0.200924994940859,0.793685873953856,-0.0119251636148611,-0.144543837717162
"Q8BXA5","Q8VCK6",19180301.12144,3479426.12725909,2148392.79523872,0.943087200416708,0.190526681000198,0.251963232542851,0.0955473345803872,7192844.25,0.98473945396758,15.1324402169258,15.0709794928948,-0.792552240264033,-1,0.609365800666088,-1,-0.241232469421482,-0.0671365551162443
"Q8VCM5","Q8BHK2",9339771.33246088,1469959.12268182,1343235.11193951,0.749036622114994,-0.161912469627319,-0.110160850398762,-0.238184006403177,4012462,0.823627871885485,13.7674926046772,13.4506727306891,-0.76143130671763,0.0128716212455014,0.648978946716863,-0.313584000838399,-0.248329308311943,-0.213818528796828
"Q8BMD8","Q8VCR3",39789763.1751461,5450313.74179545,6500681.83866514,0.766831881624481,0.0524863380724306,-0.131362256075173,0.207540092275123,26207993.37,0.978903337547177,14.8016367002209,14.9729012914174,-0.752509967809629,-0.0749240243324505,0.858914312196476,0.18620867234668,-0.106390270704658,0.126982213876438
"O89051","Q8VCX2",20912552.0233708,3966998.22678182,2035136.62308644,0.661692110913821,0.177248973128735,0.296067637077925,0.0947160172925676,8159669.5,0.908115627031973,15.0012263724908,15.1983702774497,-0.71114518762854,-0.334631438058245,0.694579300614191,0.195590131555959,-0.177739894739835,-0.0932693924095013
"Q8BW93","Q8VCX2",6935053.53687301,1125858.23361818,958424.815440941,0.922711834548479,-0.149825672189589,-0.169654118977876,-0.137429023606631,1491975.13,0.967044279770645,13.8723141184567,13.9389174854119,0,-0.334631438058245,0,0.195590131555959,-0.264577583207452,-0.289005042005907
"B2RXV4","Q8VD00",19840964.7871206,1693120.85713636,3876487.41231624,0.481149008319639,0.0603100028521253,0.014893410270538,0.100080016511365,19006144.75,0.969853408508561,13.4539841971733,13.4011620493999,-0.107860085512005,0.105465966458606,0.0727036966744368,-0.121644932925703,-0.0973029751479799,-0.181263629278121
"O70228","Q8VDI9",13005179.1353097,2131443.33181818,1773383.63604394,0.334862594752894,0.589330109571811,0.74841654057428,0.475568456491893,7382245,0.762629797463528,14.0577258961117,14.5440133653779,-0.588868115452686,-0.847454800584942,0.791716396564481,0.521643082551151,-0.237559191605252,-0.183411432490116
"Q8VDN2","Q8VCM5",991162757.661449,162293129.236364,135335323.722188,0.966405228083855,-0.171859082060822,-0.307800223569947,-0.0172211946118908,504481094.2,0.997833087276577,18.6162689818703,18.5100418161509,-0.703831351698055,-0.76143130671763,0.710995199063572,0.648978946716863,0.817445275277632,9.69988348527918
"P15530","Q8VDP6",88376415.7967406,16302115.2704773,9447687.78508064,0.921392067765851,0.0343464719025678,0.0390829237599342,0.0284999371247785,38242331,0.985507226582416,16.6072119627131,16.5661971918671,0,-0.770766068389425,0,0.637119743517275,0.989851815462464,-0.248273347934102
"Q5IRJ6","Q8VDP6",85893623.5627338,15580917.4363636,9622144.98209837,0.770417870064117,-0.28762861720712,-0.410943067931079,-0.153182522781733,38084659.5,0.979915575226968,16.2742867747117,16.3532174909714,-0.729498359278503,-0.770766068389425,0.709644850244762,0.637119743517275,0.541950908890464,0.042617448677751
"P12023","Q8VDZ4",19382191.337504,2640526.25,3178600.36201581,0.294391149605983,0.285488558240865,0.369811119653156,0.282652902412495,12683075,0.719849084018315,14.1547757804105,14.2077305732147,-0.760930443045476,-0.719244498230368,0.649030566851008,0.653511940976173,-0.214959855001959,-0.129309547186083
"A2A8L5","Q8VE91",16275974.8008806,2182776.05318182,2697541.87055998,0.590664840043106,-0.131147709971561,-0.157498845962888,-0.113181002127852,13146688.5,0.96329148890308,13.8532882221605,14.3451575630562,-0.756164237641244,-0.49479220188023,0.646636887511953,-0.0506817037593208,-0.198360183592004,-0.13623880312858
"P05622","Q8VEF1",23419377.0254889,3767632.72045455,3276472.47470315,0.685853766943317,0.0232384943324302,0.245608327863791,-0.179194520546719,13598190.75,0.971064324514846,14.6138563752229,14.8199853206674,-0.763484153577168,-0.586097438078086,0.640101532856697,0.838008674471596,-0.171774198992978,-0.0673267863057414
"Q61090","Q8VEF1",6292672.93444118,968295.193181818,928601.8296046,0.453577927471509,0.11688512770198,0.283621383689716,0.104674000828196,3668247.37,0.950758474612764,13.3456252925783,13.4118540633283,-0.752304033386591,-0.586097438078086,0.526104620664781,0.838008674471596,-0.249085410800196,-0.242602153971851
"Q80ZI2","Q8VEK2",8697561.29778047,1485072.50857727,1110443.90596621,0.942991490830615,0.357243788672374,-0.377694582607101,0.760806102916119,4545666.6,0.933643324556249,14.7187361417299,14.5981475125824,0,-0.480808922322703,0,0.89324273270273,-0.132501866017774,-0.25998646450584
"O08581","Q8VEM1",11142778.5720188,1419459.94526364,1904951.09109811,0.712812906608097,0.216118813651666,0.132293861626425,0.341922623953428,7263739.2,0.893134507930771,13.4235565111908,13.3380653084179,-0.211418377212206,-0.818927263750408,-0.0955315642317313,0.580995572527083,-0.249526947583074,-0.187334561271542
"P41593","Q8VEM1",2361289.91567779,391167.298677273,316904.720674209,0.891872856845547,0.0546282351367671,0.0107252964176763,0.119172334278157,1716282.2,0.857126346911541,12.9843217565699,12.7837334105567,0,-0.818927263750408,0,0.580995572527083,-0.31158017139052,-0.278904935469855
"P52194","Q8VEM1",28993937.3333989,2855504.69154545,5482461.48739707,0.660372336957091,-0.339123114619692,-0.456022079809055,-0.148490033856126,21934133.2,0.977630449982547,14.2836136967501,14.2739184659442,0.619523280962391,-0.818927263750408,0.446223403224521,0.580995572527083,-0.0934940018593857,-0.00747914217250526
"Q8BUY5","Q8VEM1",30630210.0111895,3174200.96818182,5707043.59871774,0.541332725555447,-0.399420706075492,-0.433759604680283,-0.36341479654451,24975103.8,0.987654180283616,13.5915156509955,13.6911896748739,-0.75786942514739,-0.818927263750408,0.648119193414978,0.580995572527083,-0.0937906276571789,0.00724324208778878
"Q8VEM1","Q8K2C9",182243227.972098,27867471.0227273,27075217.9838737,0.960258903717678,0.346436664842868,0.24800795348093,0.511821947232654,123913663.3,0.992974829436453,16.7848248049688,16.6636542470377,-0.818927263750408,-0.82731179288053,0.580995572527083,0.860242744010436,1.51992328388149,0.326898241840195
"Q8K4C2","Q8VEM8",554941711.892663,82249944.0497182,85047882.524643,0.987615386914241,-0.359131269065293,-0.596662371672066,-0.0669089493525094,282150861.5,0.998661104472238,17.7111752877716,17.7156422158695,-0.438915080473492,-0.750419756902662,0.200924994940859,0.661244849813686,4.68581001055485,-0.00237269069363619
"Q8VHB5","P21958",58535079.459124,7706555.64315909,9815927.52506586,0.821555930438528,-0.0761032458358641,-0.26825126106583,0.151320613265661,28908244.4,0.996239795193466,14.9854223867671,15.176687771029,-0.197632917387739,-0.747445551138291,-0.591397941549543,0.658732318699139,0.212155873127153,-0.197951559459399
"Q8VHE0","O70472",28404789.5924479,4580850.26818182,3961059.94677162,0.636072186359199,0.531365293731473,0.646034765066284,0.289838408839608,20545530,0.894556906415085,15.0028828382226,15.2981863778619,-0.837023527995168,-0.778890610042659,0.535634634222033,0.606821853811142,-0.143045694849099,-0.0154104744030853
"P70126","Q8VHE0",32949839.3510366,5584364.36348182,4261983.93670641,0.942253517045119,-0.306781654896442,-0.573000245678035,0.0599593661055953,6219432.7,0.979229867260722,14.5951102930608,14.9654523352478,-0.211229292464114,-0.837023527995168,0.99993786070153,0.535634634222033,-0.0790183846253297,-0.336886555054842
"P97363","Q8VHE0",26487525.3394618,3826182.38636364,4153400.69990191,0.523148136539115,0.233359841435517,0.357975345835489,0.0592273764671076,20729510,0.909855863661481,14.7228577522388,14.8116084269366,-0.698793684722448,-0.837023527995168,0.72471286292739,0.535634634222033,-0.0650934157639795,-0.163211081119704
"Q3UBX0","Q8VI59",255388241.797331,38662273.4863636,38339502.2039194,0.921733831542152,-0.254358509968197,-0.192534443486947,-0.334542361624366,119994267.8,0.986925827240843,16.9554755631727,16.8675570001946,-0.635442180922317,-0.207895020511883,0.768377405217728,0.163497869819499,0.0962186850553133,1.80145618261716
"Q8R092","Q8VI59",1328040.00902056,238284.977272727,152931.386411494,0.185754952744003,0.667378891028402,0.650145588786784,0.727051166274252,480966.6,0.428067556588875,12.0698348564589,12.2600744436078,-0.670621204668582,-0.207895020511883,0.738409128876492,0.163497869819499,-0.286550785168155,-0.290550656696486
"Q6NZQ8","Q91V01",102636200.184988,17755810.4328545,12788979.4489573,0.981854190031637,-0.0603042125940223,-0.102769085981952,-0.010696631428118,53295447,0.998835105092708,16.3974766704175,16.7009388522318,-1,-0.768059596674562,1,0.64361173868807,1.28415348501032,-0.261981745764208
"Q8BN21","Q91V01",100341647.890404,17232905.4213636,12676104.3227105,0.905884641400147,0.219827789350813,0.304236743408425,0.120764638962315,52548128.25,0.988849410351712,16.3055893354137,16.6586673537947,-0.740610601309186,-0.768059596674562,0.673316941557245,0.64361173868807,0.702264830551907,0.119446340116432
"Q91V04","O35604",76082218.2517572,11282410.7636364,11654227.6684176,0.595447003592741,-0.186679616152309,-0.0479384518111301,-0.379644455887722,50929423,0.92590734282119,15.4972080163711,15.9088580636133,-0.733966159837082,-0.754827205947852,0.678450803049098,0.641031643970942,0.214550822637346,0.139374251583799
"P18762","Q91VC9",42317335.1907445,6447507.67561818,6310917.82205613,0.900453694824732,-0.148611628785557,-0.0558659172853788,-0.267273184889017,23219723.25,0.985618646548006,15.1442777699886,15.5074694121139,-0.118987021386597,-0.744658614536905,-0.172242325817809,0.669616933810957,0.0900970097433744,-0.143564192294918
"P55850","Q91VC9",41702750.6574732,6327942.14854091,6245640.923597,0.882807791355084,0.0328804408363175,0.0269959140289797,0.0422708696818215,22142445,0.972139503338761,15.0711159344418,15.1829816170924,0,-0.744658614536905,0,0.669616933810957,0.162031266964355,-0.220351912569533
"Q03146","Q91VK4",11972877.8311328,1336518.35794545,2174768.68670164,0.482510554596623,0.284230432413877,0.277646706157402,0.360898515054195,9895384,0.911489673519789,13.4910058496979,13.4388215186573,-0.0339993953618852,-0.672171784075378,-0.480064506192178,0.769015871858237,-0.165260521826557,-0.220345224399528
"Q5NC32","Q91VK4",13358515.5424749,1649392.18051364,2321823.90164474,0.841661774813315,-0.031146031778039,-0.0713832488184877,0.0200880057156506,10462074.95,0.983489388301196,13.993819597086,13.6996353786919,-0.101308528453519,-0.672171784075378,0.979134266140681,0.769015871858237,-0.0678303795897151,-0.218854061494405
"Q61102","Q91VK4",22110092.3474393,2864928.46818182,3743383.56182506,0.461680006275658,-0.249827490519066,-0.280760347394456,-0.256705832206169,15402690.2,0.95266162981411,13.870869013741,14.3167310128092,-0.7789146974095,-0.672171784075378,0.620097118053679,0.769015871858237,-0.135534740717179,-0.117440251345961
"Q6PB93","Q91VK4",27340863.1657044,4838770.48636364,3250324.47759443,0.641533879881147,-0.261327670607078,-0.281216512052452,-0.319850554162055,12402325.8,0.919022723777525,15.1010008364386,15.1493728942489,-0.716540208003247,-0.672171784075378,0.710649668413544,0.769015871858237,-0.142153700200515,-0.0643938730455017
"Q3V0J1","Q91VS7",490396943.268398,57867347.1668182,87078675.2071306,0.937444120212291,-0.143015842267466,-0.290403162400857,-0.0156912649289683,378683525.57,0.999596266805539,16.9875191395009,16.796071260558,-0.598721864115939,-0.724000227664389,0.691238889229303,0.689412095645799,4.94202217533927,0.745915833142764
"Q80WJ7","Q91VS7",464313643.304219,54244598.4090909,82806641.5084617,0.556696685327493,-0.160765671632927,-0.198745515595622,-0.140992959844503,369480445,0.95217211812337,16.8820820033807,16.9261308560865,-0.687456240427792,-0.724000227664389,0.713791601098015,0.689412095645799,4.42379951422975,0.599686495020085
"Q8K0C4","Q91VS7",467129239.669446,53891955.8045455,83751304.6694836,0.604071345958726,0.108700988967883,-0.162569507398961,0.368394321621353,359530300,0.960428944505474,16.5659677217381,16.5042555765827,-0.683628020659381,-0.724000227664389,0.731101001180875,0.689412095645799,4.35386153015376,0.616499225768633
"Q01887","Q91WS0",114565571.577744,16920506.9076455,17615323.9108844,0.980315994458782,-0.348321114857207,-0.373066518466936,-0.317059091602483,56185239.65,0.998363094867508,15.9961744057861,15.802496164553,0.2603557257119,-0.741797431113899,0.130860140118458,0.662578618541925,0.675226003727653,-0.212264179142294
"Q91X86","P63024",99346476.2065216,19047898.4292909,9262899.54126908,0.964319832353715,-0.0901390630260425,-0.137327540742689,-0.0281068667951994,47196448,0.993033676687978,16.7498883891757,16.8651811964394,0.0313904229415173,-0.78463409391292,-0.202034330159816,0.63980535376603,1.2079530420929,0.0272603768273609
"P26618","Q91X88",8842035.24230761,1339497.84545455,1326444.13086451,0.427369578934921,-0.128670033580731,-0.167546033457358,-0.100731831125974,4506235.7,0.793523574426533,13.3697156422878,13.4767183826996,-0.699589148442768,-0.73832274354452,0.698338439257865,0.694995481356299,-0.232950097851926,-0.211386500105685
"P62812","Q91XC9",22591968.708519,3919256.56795,2799873.90241612,0.931853825722811,-0.191725721224624,-0.29526538715048,-0.105959388741316,7862677.5,0.943595105353665,14.822391051064,14.9012923027784,-1,-0.773142173320334,-1,0.697997317248757,-0.0947965436076845,-0.274528580749521
"Q91X78","Q91XE8",133553585.986135,17419820.8181818,22523378.6303049,0.622555429117363,0.22135828844762,0.235412679781254,0.201216069792679,85796812.5,0.961221182774512,15.6698125599875,15.8021939568098,-0.747187600918496,-0.685830971819218,0.669073587564063,0.728602571550623,1.02840803706108,0.233268134838902
"Q0VBU9","Q91YX5",18454165.0466917,2484318.71418182,3050899.56295001,0.94701892555674,-0.0818190444132515,-0.112398037529327,-0.0561097163430079,2578366.25,0.916203055579959,14.3728946916088,14.4553557702065,0,-0.736413692837287,0,0.677988554896005,-0.201094746188298,-0.329682321228834
"Q4VAE3","Q91YX5",110134540.679688,11756051.5409091,20325882.065631,0.487640199771395,-0.251716287897086,-0.33573666951729,-0.153744344772211,62416133.2,0.995302456237659,14.8331429559126,14.5813452040902,-0.783350222703534,-0.736413692837287,0.617368428808987,0.677988554896005,0.294318229622612,0.764805205475924
"Q61835","Q91YX5",23653592.1538536,3535793.66081818,3595780.43064773,0.785946720858821,-0.104377355774306,-0.0601960842711313,-0.175425474315848,13589573.4,0.988986067558768,14.7797654528313,14.8320819327628,0.840771180568317,-0.736413692837287,0.38732092493824,0.677988554896005,-0.101354457758213,-0.133450856163661
"Q3UDR8","Q91YY2",30469896.8141903,5502781.09215,3452544.63080023,0.870083193253166,0.532114770400118,0.477051505985495,0.601245079667884,14067151.8,0.953485688058776,15.3414656642828,15.4296071618243,-0.689892181627737,-0.0822025347357977,0.726189851857563,-0.18010867172051,-0.119029609708307,0.0132339943825915
"Q4FZC9","Q91ZD4",2232778.87482943,266317.168081818,394562.770415324,0.505578367211402,0.153257365930685,0.2843399088114,-0.00479010368365304,575339.03,0.674023459725088,11.4603728792719,12.0708203444203,-0.153431779586218,-0.395065726819644,0.359961367343537,0.0278725123275012,-0.279673746539176,-0.342203361984241
"Q8K273","Q91ZN5",16948713.0726605,2628915.14090909,2479118.14252521,0.350610041644989,-0.0735095931691478,-0.212627295372623,0.0354121831829422,9743572.5,0.790506839904744,14.3522978598249,14.4689166211365,-0.683334132331458,-0.671483759040049,0.730400068934748,0.74297623345613,-0.192233326677765,-0.181137037454014
"Q8R3Q0","Q91ZN5",14686723.7213166,2109158.61818182,2314300.91525762,0.34320676788368,-0.124276095173716,-0.196380371116075,-0.0738234586424549,9509915,0.754334959767396,13.9865187077662,14.2820979897223,-0.649412023524585,-0.671483759040049,0.755324529050435,0.74297623345613,-0.182366906971793,-0.204284118955359
"O35704","Q91ZU6",23347746.4940137,2952055.15909091,4007920.64529609,0.606084330574643,0.313745576493789,0.123490187540992,0.474061450013314,17814116.7,0.951101020141647,14.2106834096878,14.1430469165241,-0.753318193617577,-0.61299344521811,0.640141530500658,0.775687027748519,-0.174526589320349,-0.0665010768055612
"Q8CIF6","Q920L1",25152327.2314453,3242900.36590909,4270824.40374121,0.45582895146338,0.249344903392714,0.201797072211602,0.304055169308145,21298403.3,0.879348114170034,14.4830577372416,14.6367468173382,-0.722800276891692,-0.892288985395483,0.683910517073498,0.844264065289597,-0.10686020516615,-0.181054797453751
"Q6PHU5","Q921I0",87076377.6137376,13723334.3863636,12502795.3081252,0.751850658492804,-0.00475907112666863,0.0393432822254325,-0.000747081064801627,45533229,0.984305462179595,15.9611159847394,16.1736335360418,-0.668633178196733,-0.770337397449494,0.731854324014909,0.613982886404589,0.0633495246097451,0.571054238120928
"Q8K0E7","Q921I0",6423930.42860351,1072863.40233182,851311.629464473,0.663102245195261,-0.116634115479451,-0.0865026680743935,-0.226248245807192,3280662.7,0.959771015638969,13.3251884995112,13.5221848930784,-0.0692301531659146,-0.770337397449494,0.885847821023781,0.613982886404589,-0.265477558712936,-0.25581202576573
"P49070","Q921N7",21649636.5249643,2811369.31363636,3660745.19534076,0.439692808910787,-0.171460109745428,-0.552295682999621,0.0461575166112967,12643265.2,0.926862079862737,14.1806098962076,14.2348287369714,-0.545332227095775,-0.733771025100669,0.856993852135869,0.67438300645579,-0.101913329507453,-0.157630644799062
"Q8BH47","Q921N7",21765668.5405364,2734283.62553636,3749336.75485785,0.465129050994223,-0.0202964273465529,-0.0541059358469004,0.0143519117409837,12688222.5,0.933233561176458,13.8329782373669,14.0879757131612,-0.157459561248836,-0.733771025100669,0.181704700105488,0.67438300645579,-0.0798061353446847,-0.160121875559031
"Q8K3P1","Q921N7",24368055.7927732,3341049.01137273,3978491.92647749,0.920700566993988,-0.19860169316497,-0.0532897160745321,-0.376790978101929,2971033.39,0.99199229148849,14.1059067538587,13.9729104271666,0,-0.733771025100669,0,0.67438300645579,-0.2163337968549,-0.328515999577715
"G5E829","Q921T2",98539201.9247406,15207912.8863636,14494200.7212632,0.680809857115813,-0.139211096266887,-0.226637312461644,-0.0733767759976083,71685115.8,0.981729219504742,16.1436152571903,16.2787395668762,-0.691375897707342,-0.663313369330543,0.722605919557441,0.727288096611996,0.0334733832335324,0.670648483099024
"Q8K021","Q921T2",31097681.9667581,4569197.75,4804161.67115139,0.469324009325748,-0.214591039961783,-0.0319946286363123,-0.357136533112269,18297270,0.925542429676015,14.8518400836833,14.7417193116105,-0.581920109026897,-0.663313369330543,0.814708300470295,0.727288096611996,-0.153518726529824,-0.0161171912487533
"Q8C025","Q921Y4",190106021.472158,24404203.4909091,32360094.7741387,0.800643844642307,0.149425459066908,0.422427131758131,-0.0975170480180422,135162684.2,0.986644275707616,16.3497689334154,16.0727753253603,-0.752800921742252,-0.629825181889182,0.65200429854438,0.778068484900025,0.37428836428229,1.60612475919488
"P15209","Q922J6",13611223.7886633,1532076.29739091,2464527.81612955,0.562469804537453,0.819908749708407,0.80363076747398,0.864088621573063,10149685,0.907959746838184,13.3660576481853,13.1388900371035,-0.604799544792048,-0.748988881330056,0.7567464385878,0.665797195794773,-0.174093615579769,-0.252739761764553
"Q8R2Q6","Q922J9",16363389.6792131,2327498.55470909,2598784.96352338,0.764924268573086,0.595355081280852,0.544992027104511,0.685449615359568,10568098.37,0.979217278549605,14.2688710329355,14.288856077877,-0.12086947151277,-0.748320947634057,0.117900286020842,0.660185944313443,-0.111559443781605,-0.195351193432599
"P21958","Q922P8",55490252.7811925,7222493.71554545,9370046.60257301,0.903673239852986,-0.180689103422455,-0.150544777429498,-0.227111487567925,34650872.77,0.997832227043256,14.7684849689985,14.223015653035,-0.747445551138291,-0.604777415473932,0.658732318699139,0.508679980745648,-0.161273801780415,0.587877372938036
"Q922Q8","Q8K273",202519438.610149,25097590.2818182,35133876.5425657,0.682930977220626,0.381923899196604,0.460126929050458,0.298710998367215,180348552.5,0.931892044491059,16.6090983481036,16.6127086763036,-0.75303303274992,-0.683334132331458,0.655570682610508,0.730400068934748,0.332479368025191,1.73028669714414
"Q00993","Q923J1",17008208.8367981,2110304.18387273,2948842.03289868,0.592290346888886,0.427339055444142,0.432666221126661,0.442691961373141,14613617.5,0.891357814597418,14.1066854419598,14.2014606134227,-0.745923590006149,-0.179881334908221,0.666639902690466,-0.281240594394424,-0.199885283383868,-0.12476525621673
"Q14BI2","Q923W9",11104414.0425936,623957.426763636,2283765.90983416,0.441660977970537,-0.107076826578712,0.0120631295758918,-0.183692785999406,305221.1,0.807452760532977,12.6287949873043,12.6287949873043,-1,0,-1,0,-0.471565584521264,-0.326333001098776
"Q8BKG3","Q923W9",25625468.6120543,4033859.5439,3684612.59558088,0.986402651207971,0.112777374753935,0.0681494588098881,0.0549580945363692,8441265.2,0.988986084785406,15.5469635982272,15.6787658914854,-0.801135137763663,0,0.570198422084339,0,-0.283441657369803,0.201073071037101
"Q6VNS1","Q924Z4",55848937.1641011,8848025.44282727,7968054.36827557,0.910515081743897,-0.0197874092284861,-0.178348861031522,0.0548718005157724,32867524.5,0.992428621472153,15.9285386411332,16.0036688067355,-0.57120910074873,-0.638398837650972,0.809247822615881,0.773659141785658,0.472343713600874,-0.00609037014622814
"Q8CIV2","Q925I1",42850003.9404408,6304873.21363636,6611255.76166458,0.53471434622033,0.226780003156537,0.0209980618063304,0.355166469569574,23911085,0.929611864558696,14.7912263869431,14.8829139410263,-0.708388988063943,-0.7292170573796,0.75917591966061,0.690842592872005,0.127820982277184,-0.0693023971302559
"O55003","Q925U4",23333914.8374672,3226313.5274,3786767.6558482,0.692572907287505,-0.244094729636868,-0.290378558112336,-0.201076663782546,14394284.25,0.964297997099693,13.6662584476624,13.6531412015878,-0.742976320271749,0.511622085538885,0.659039546996265,-0.0645866669870701,-0.193717575793821,-0.0846379592045702
"Q8BHI7","Q925U4",14994630.1103892,1692106.7545,2712328.55543358,0.591897067300368,-0.0365725435137654,-0.00587058953219791,-0.103806809649737,10979304.15,0.990593430544526,13.6359689474467,13.7338287995673,-0.442044162757257,0.511622085538885,0.190981837372985,-0.0645866669870701,-0.22246634112342,-0.134669669723044
"P23979","Q99JG2",15203108.5224033,907385.199318182,3111714.34001825,0.578963423772463,-0.0268785277334697,-0.477017349914289,0.46780907486014,1058938.66,0.840128312525181,12.7490614880304,12.7497572606947,-0.330525859723634,-0.73678434845731,-0.0827835036735549,0.667589734206491,-0.297002680919245,-0.400648510222367
"Q8R2Y3","Q99JH8",4434564.50893125,595817.499545455,734085.564217994,0.352331120232938,0.373621633072881,0.567285502224677,0.212148976149161,3323850,0.699052635821093,12.5448742652143,12.701607885419,-0.74181281364975,-0.628225965577306,0.675766156178325,0.768306228977958,-0.261924603997199,-0.254335408178293
"Q80UU9","Q99JP7",141832103.309079,25879244.8363636,15641100.6304009,0.905816101947276,-0.0868655086357586,-0.477842003175002,0.180234580856797,62422850,0.993436736385112,16.7531608369164,16.9122264830683,-0.755336252596312,-0.528819444252215,0.652444298169813,0.847253111377057,0.261853204169253,1.06211971244491
"Q91X88","Q99JP7",18584865.8881677,1607632.86363636,3621517.79298416,0.525471489913066,0.00748953788246023,-0.212668130118779,0.161759327968301,15389333,0.97945636479158,13.1587945257798,12.9293807107426,-0.73832274354452,-0.528819444252215,0.694995481356299,0.847253111377057,-0.113892614315418,-0.193715565958738
"P18762","Q99KC7",1101218.05088624,164426.214840909,167588.461417424,0.650534867436547,0.0880733968417377,0.0505573496156004,0.129275615795492,655880.25,0.717390568899018,11.455657379084,11.7852140127315,-0.118987021386597,0,-0.172242325817809,0,-0.310903474847103,-0.322565620378754
"P70423","Q99KC7",2231613.42320152,221374.85285,421142.83423352,0.568095039650343,0.655656631343542,0.808484678641609,0.529981795594929,1347274,0.502651507975323,10.4609362944981,10.3197442217225,-1,0,1,0,-0.321328952942215,-0.310947690516043
"Q923Z0","Q99KC7",5037623.63401224,705274.740595454,810010.599371586,0.796726267610749,-0.279897720703271,-0.172507384648771,-0.354683904184922,679477.35,0.914905807004441,11.7864655079813,12.1121110809354,-0.409068196498886,0,0.664073274672926,0,-0.28922653415048,-0.322314784154372
"Q8JZN7","Q99KF1",134827870.104714,26370445.0681818,11441047.212292,0.82500313350295,0.0291686340106976,0.0346945479072841,0.0247788687342752,55820722.5,0.956837790789135,16.9660644544241,17.1109304010548,-0.692076401378853,-0.727724023423344,0.762596286395869,0.685759005882823,1.03863866717368,0.198469003637237
"Q5U4D8","Q99KG5",15556882.4685942,2199722.68979091,2482332.42662543,0.584988997700197,-0.204395191505879,-0.0477413899505017,-0.35917291760804,9155922.7,0.901650005369487,14.0324421252202,14.1474887830542,-0.695292870785298,-0.0396941370009542,0.703535507153728,-0.254090273788291,-0.184241574392089,-0.164381557886275
"Q68FE2","Q99KI3",11588448.7589556,2033771.09090909,1402841.23922185,0.430359517521466,0.440027322530933,0.0144941463994543,0.706398339101284,5148013,0.687743866259893,14.1861014152878,14.2353554578431,-0.490606629307262,-0.720903357338081,0.859382061362943,0.704331897660698,-0.188611718406658,-0.225689678135718
"Q80ZI2","Q99KU0",13257107.116525,2007322.76312273,1989807.05141915,0.936663801196515,-0.0190804167318469,0.055468576914886,-0.11693020603745,2105241.3,0.81292219383493,13.8788629495006,14.1547463296453,0,-0.752397079545535,0,0.652507899473569,-0.214870619508971,-0.306869946579774
"Q91VC9","Q99KU0",39220428.9281655,5543880.31363636,6259830.99106349,0.51316318213825,-0.253389480803523,-0.180875881803852,-0.363224438124944,23463430.2,0.938620940496859,14.9574080174037,15.0999522664799,-0.744658614536905,-0.752397079545535,0.669616933810957,0.652507899473569,-0.0738328505914212,0.0657941839566685
"O89051","Q99L43",48196241.313051,6401719.27272727,8037620.25069404,0.3062263481696,0.323826581733102,0.284384991830852,0.364651319566097,34959283,0.739578744147112,14.8421590882726,15.1845055286714,-0.71114518762854,-0.448928171007425,0.694579300614191,0.890773779502157,0.108372897324591,-0.19127386340898
"Q60857","Q99LG1",2578711.81295385,366582.860672727,409729.886189433,0.497715118058104,0.199013159213273,0.00385754163157854,0.497026492230123,1467307.4,0.967751539273175,12.272656941079,12.1795941642251,-0.44431760964106,-0.296718130924912,0.0253068754053144,0.012599837348713,-0.254633738397736,-0.290025418862107
"Q6TEK5","Q99LG1",48196082.3532819,8742201.53240909,5399867.11230724,0.874890776854354,-0.315138640391094,-0.137694465917942,-0.406028435521547,21692676.4,0.990116162765347,15.7890050251733,15.7830064860685,-0.616149505042756,-0.296718130924912,0.776397122644486,0.012599837348713,-0.0554460870345192,0.211124153477002
"Q06335","Q99LH2",9683281.13843165,1513740.42727273,1403808.32381694,0.386412179228393,0.21665862982311,-0.203467736732421,0.55027065882433,5856119,0.826553579778018,13.6972774441017,13.9720413215663,-0.587070167619448,-0.730370244896588,0.80785324949354,0.663476197060087,-0.230522692849244,-0.202181790303913
"P55850","Q99LI2",16517438.8880305,3146253.88490455,1581852.91578249,0.846752428320361,-0.0921254977305541,-0.01235892944054,-0.133860183049141,5666699.3,0.96671538486091,14.4478391791149,14.6201783169765,0,-0.710170100253187,0,0.713056208262025,-0.133977065120645,-0.244545651453819
"Q99LJ8","Q8BW93",552941.770645338,71190.6832181818,93964.7195467119,0.706689133803356,-0.173488956310635,-0.28375513096934,-0.0090608556851131,39441.23,0.436847829180942,9.65241949938579,9.75178229688703,0.117671424339062,0,-0.102283434878225,0,-0.304429896551663,-0.333031943495582
"Q6P5F7","Q99LR1",68557676.9813066,11901200.9363636,8485565.90244365,0.871760612608246,0.510288036222464,0.475772362127975,0.705897174402311,35628932.3,0.978761222951079,15.9968891938025,16.3219731244901,-0.692347452001217,-0.621844551992924,0.717888158109327,0.643653026289748,0.383011288977685,-0.0172433613243345
"Q8BH66","Q99M02",25234995.2606404,2250975.17660909,4886593.07976666,0.96428205475905,0.136996114165334,0.0363170562395737,0.240532840881963,23722160.1,0.997301821117926,14.4009752636014,13.8986362897696,-0.676779520060925,-0.50425485371117,0.735753557033603,0.844713278210414,-0.164641652308834,0.20661093630316
"Q99M08","Q99M08",0,0,0,0,1,1,1,0,0,0,0,-0.735157941372348,-0.735157941372348,0.676447397616413,0.676447397616413,-0.301898773413495,-0.301898773413495
"O55003","Q99PL5",46721645.3049345,4930755.42272727,8655110.05430661,0.56935278916053,-0.189024586510513,-0.245867836180702,-0.12866044944167,42073794.2,0.988772170816842,14.6585634718131,14.5370153530361,-0.742976320271749,-0.716155147404088,0.659039546996265,0.699126562582395,0.101216219536946,-0.0249293669117338
"P36371","Q9CPQ1",445539310.012732,55687940.2818182,76953365.3125331,0.701268599252893,-0.288238192170328,-0.295304810639723,-0.303486364590591,306178211.8,0.996045062308659,17.1098517974591,17.0955095380502,-0.752658138268459,-0.768813154595187,0.652943325572293,0.634388102189742,4.09788291516427,0.848562261641591
"P61014","Q9CPQ1",1215624155.71784,97350783.66175,240193504.966162,0.900699620620672,0.705921146825368,0.707127673664742,0.707709171538723,1169420500,0.998018107962335,17.3564344249354,17.3257745432485,0.0696290618020233,-0.768813154595187,-0.0662759410804381,0.634388102189742,0.521410402135729,5.54038319179213
"Q60720","Q9CPQ1",451540547.750204,57887540.19,76920143.2003228,0.9323257274699,-0.0857232903076489,-0.314376683431438,0.164096237568713,306835131,0.999272995217352,17.221773390471,17.1330720815724,-0.977431992983332,-0.768813154595187,0.978384762082627,0.634388102189742,4.22115475669881,0.885171518332771
"Q8C129","Q9CPQ1",402127914.970591,48230991.0909091,70880768.3120506,0.483428964430686,0.27906999992422,0.184717435665197,0.392956936031573,270752475,0.931512484800748,16.7147923489964,16.80544948058,-0.739420326261591,-0.768813154595187,0.659745999964097,0.634388102189742,3.69622090278065,0.583751151802294
"Q8K3P1","Q9CPQ3",62664156.9342814,10034477.5568273,8820431.57014105,0.946183130280941,-0.244361176084235,-0.096351028340327,-0.401272584625351,10519576.39,0.99772532039585,15.3151629149807,15.4434007687521,0,-0.704152759050486,0,0.722110746243038,0.174229714958869,-0.437151766989767
"Q91WR6","Q9CPQ3",62416539.2120744,10066019.9820773,8703916.79089386,0.974338241631823,0.175018342172283,-0.135143993666776,0.513045281450138,36378929.75,0.990552786202554,15.7217517508211,15.6081652049161,0.0938418797384997,-0.704152759050486,0.324063296972753,0.722110746243038,0.398294973602561,-0.110915878853805
"P70206","Q9CPV0",13884396.8419324,2512671.27914091,1564944.12636,0.796802736533178,0.336340955467701,0.296802096294433,0.371915458802042,4436102.2,0.914012288201213,14.5426089236354,14.8096871374446,-0.669256657591786,0.112987211579311,0.746895616781591,0.331688501435258,-0.226183609192666,-0.168464147373957
"Q8K3P1","Q9CPV0",1803478.97060704,285121.082213636,257970.021507344,0.70494059122269,0.498454615648862,0.547181840535419,0.462319186092404,873474.5,0.871444403000224,12.1386257602213,12.2804945723894,0,0.112987211579311,0,0.331688501435258,-0.338680622293338,-0.357044228717773
"Q8R2N1","Q9CPV9",8153372.73133955,908538.738122727,1481978.84976656,0.645640423614039,-0.121763219934817,-0.0613368536681153,-0.195155643881597,5227209.67,0.966850239168536,12.7531866136493,12.7518703983874,-0.180705476964184,-0.599885125099483,-0.268078312554807,0.669103319194239,-0.277994831179216,-0.235880419784741
"Q61335","Q9CPZ6",94064490.8376405,16299589.8863636,11683793.2942569,0.644188070396645,0.861144719038563,0.862654909979771,0.861095990982465,54131100,0.784955575896069,16.3545545929661,16.3732560269604,-0.775332415526007,-0.753605190829335,0.633788346812449,0.654257359752477,-0.0937626472381951,0.55055167811904
"Q3ULF4","Q9CQ44",9549926.37569157,1382600.86631364,1494630.09043957,0.830393471871882,-0.123632827774394,-0.38220977890102,0.0683346383390163,4234694.37,0.941397654654246,13.4888009626809,13.6465243076894,-0.738376233026423,-0.26863845670168,0.680805706721903,0.546825632287864,-0.255781066380182,-0.263735982299419
"Q8VEK0","Q9CQ54",260973962.950425,29006202.7727273,47480854.3968528,0.513567563264444,-0.20260604757273,-0.224653178452052,-0.208699351634258,185714445,0.973118908213022,15.9466436441094,16.1869971736637,-0.58409939776655,-0.764506190612894,0.809047230845366,0.639913103112291,2.29120343066786,0.684337698480492
"P10852","Q9CQ56",286801536.667643,45854004.6590909,40450950.7039928,0.739692925610127,0.573507820582404,0.516121850239496,0.64107699165609,147922200,0.961542555550627,17.0769133648773,17.3469595761537,-0.664610035169207,-0.749225494993575,0.738744975582851,0.663384086432245,0.382320928162696,2.5881455870331
"Q8BXA1","Q9CQ56",20077175.8041484,2637332.96818182,3371480.8871918,0.378074732547307,-0.171671614373942,-0.118835791738595,-0.235610517053651,16979894,0.926157210113438,14.1703239019329,14.4889067806488,-0.650242499157628,-0.749225494993575,0.763153426250264,0.663384086432245,-0.127681026260931,-0.180784270386461
"Q8C3K5","Q9CQ56",24668376.1949131,4156683.66231818,3222170.1085458,0.947510075337016,0.0182123928161048,-0.208218599456263,0.308851838559672,4728364.7,0.868678911407156,14.9816191380799,14.9586425738975,0,-0.749225494993575,0,0.663384086432245,-0.117923069090515,-0.317751120357183
"Q924Z4","Q9CQ56",45801011.4980987,6743178.43181818,7062650.27597334,0.395522130186527,0.0935836448308639,0.271094404038666,-0.100768175875921,28447542.5,0.757827997210579,15.0103439590225,15.1191071533757,-0.638398837650972,-0.749225494993575,0.773659141785658,0.663384086432245,-0.113827085913178,0.0862610661165189
"P56395","Q9CQ69",358636262.727888,52348219.2727273,55731733.9015725,0.415811834090224,-0.04238589153953,-0.183756378767967,0.104625839152242,167510660,0.897246720557678,16.8004224956193,17.1097809460244,-0.70102356132288,-0.761136531794025,0.708003741935363,0.641938613138809,0.998391554758817,0.889886010144699
"P97441","Q9CQ88",19742457.8538705,3233236.95678182,2694949.61413904,0.912866754630372,-0.162785448703058,-0.110202935528184,-0.22443192800886,6347210,0.767354785046188,14.115593814191,14.2632152221115,0,-0.73597212877542,0,0.674208089545835,-0.181333637021522,-0.284436476320273
"Q8K0C4","Q9CQ91",139096026.427196,16854475.7,24400159.1305853,0.462987305362145,-0.210713567765495,-0.25278782087713,-0.170192396115579,86435022.5,0.986929379340658,15.5688419170646,15.5998019937957,-0.683628020659381,-0.790625598552312,0.731101001180875,0.608129190819271,0.796795664198592,0.430422639663714
"O35445","Q9CQ92",7969499.61010287,1331363.90488636,1055661.52022572,0.619500745731681,-0.193242181206647,-0.355027474396277,-0.0809510612294416,3448644.65,0.949503535929779,13.7117614372518,13.6646363428023,-0.730320965392409,-0.745514008697581,0.439182053505581,0.72138034100084,-0.230300243618378,-0.239414884614133
"P14901","Q9CQ92",27324683.6297038,2213594.52272727,5388701.6475566,0.412182272613779,-0.114844660194363,-0.0167092469944078,-0.277483811306361,26640542,0.939699735358566,13.7267114825876,13.8095133387129,-0.752877847951264,-0.745514008697581,0.65976645971646,0.72138034100084,-0.166183584733968,-0.0342750662186416
"Q5NC32","Q9CQ92",8855002.8813024,1592374.51233182,1014141.62320892,0.881282481974186,-0.287628070148277,-0.216201479371421,-0.352019066474632,2579178.67,0.960121094929431,13.8205833085244,13.8795907834754,-0.101308528453519,-0.745514008697581,0.979134266140681,0.72138034100084,-0.264513058846014,-0.27084623364066
"Q61146","Q9CQ92",8237445.61327253,1354928.52177727,1117367.47538092,0.636299642890649,-0.381078502805375,-0.258244312776076,-0.491464958942588,3349000.15,0.973092129694257,13.3045916512906,13.3609664127169,-0.654796172644023,-0.745514008697581,0.0248821294417626,0.72138034100084,-0.282882064740466,-0.259226201683267
"Q8K2Y3","Q9CQ92",7624802.3557486,1212749.05,1082524.09761462,0.46620798228943,-0.0493505351638011,-0.0772831151424874,-0.215843112234237,3598809.5,0.820957873364928,13.5710588109435,13.4275728437118,-0.0725891256536634,-0.745514008697581,-0.186589789010076,0.72138034100084,-0.229653123526022,-0.23805477034293
"Q9CQ54","Q9CQ92",262389687.26391,30968435.9772727,46587834.634809,0.779268671822185,0.701802712307858,0.718694322590517,0.759156715610244,184739152.5,0.972707129350905,16.357106859699,16.4973669113327,-0.764506190612894,-0.745514008697581,0.639913103112291,0.72138034100084,0.696602528915172,2.34056402435444
"Q8BVF7","Q9CQB5",138138117.483443,25692268.8954545,14397128.0594904,0.842640185494685,0.0131975150894156,0.233921887035889,-0.177250543063828,59738838.8,0.986624448581161,16.8976242918039,16.955728052902,-0.637043987014666,-0.6495009233702,0.766170246613705,0.738895179270075,1.08255606787536,0.259506270604841
"P18762","Q9CQC7",282221916.406747,37571767.1938,46997669.6322006,0.972785767098347,-0.0914841950144744,-0.0645545896354359,-0.146143666369056,218263848.25,0.998450140026721,16.8781139636366,16.7642712015183,-0.118987021386597,-0.785430351704972,-0.172242325817809,0.612825509870594,2.95280432892285,0.542893743717425
"Q5XJY4","Q9CQE2",10753444.5488607,1607643.95454545,1634530.09378173,0.436124684518384,0.859781130869624,0.904516089442063,0.82604580224911,6995047.5,0.759702417820192,13.7829972998518,13.8354491123627,-0.719020738694475,-0.754809217894082,0.71799045393827,0.653697133783091,-0.238240017190078,-0.203138996120737
"P97300","Q9CQG6",210170148.615342,33539256.2818182,29713857.8829738,0.929383993298875,0.00904109021880222,-0.226983161301823,0.263315572243258,151584610,0.992894580897978,17.0730214544302,17.0248223965773,-0.664076767717116,-0.774611509947965,0.747313656624017,0.608773045110598,0.380300725993712,1.80637784514782
"Q62312","Q9CQG6",5273565.03115156,912665.87,656623.261017434,0.433604231448252,-0.141559245894332,0.0605748395795356,-0.41315890494086,2837389.5,0.797797200206835,13.3128268363011,13.694614957882,-0.751659445217773,-0.774611509947965,0.6700877845378,0.608773045110598,-0.256122017019489,-0.245946929720321
"Q9CQH0","Q8CIA5",11244663.9093206,1303054.08706818,2012320.77066873,0.540245398584451,0.0935205744644651,0.203148070861824,-0.0403265602315923,9542622.5,0.809602487087424,13.3550005169618,13.1451732431288,0.162308442605805,-0.784272080272002,-0.176782158589648,0.611787304955547,-0.233656240002932,-0.200517303537556
"Q8VEM8","Q9CQH0",552512753.503688,81381867.6325227,85164055.1679691,0.958793639279737,-0.0671762919691747,-0.398057957230117,0.348376249144541,281561713.5,0.994502040051023,17.734355138073,17.6906992782134,-0.750419756902662,0.162308442605805,0.661244849813686,-0.176782158589648,0.0172407158646926,5.17195615584337
"O55143","Q9CQH3",965227298.10538,115917513.318182,170033766.612113,0.551482938705393,0.580153558279249,0.562435503140343,0.608134014005165,863630750,0.898894692226264,18.095358889938,17.9877583110685,-0.718024166624596,-0.774912399936176,0.696644009399214,0.625015737896902,0.294497735621508,4.17670278535726
"Q3TXX3","Q9CQS4",6661100.70194756,951288.754545455,1054457.12189095,0.404998788896219,-0.167555363725099,-0.301559416726801,-0.0968621840322969,4453299.5,0.900697179296359,13.2167666227178,13.1634061341618,-0.645957722295305,-0.623815040923408,0.758831254714594,0.787921612897048,-0.233614382608543,-0.240731120215168
"Q9CQS8","O54734",159955655.241389,30685396.2727273,14879445.3504086,0.615193183560128,0.556764924616804,0.578613585758706,0.534083055047945,56574950,0.815457919633939,17.0490847685725,17.2965349365331,-0.704039940246631,-0.798636432935528,0.707478675044822,0.602244201777749,0.86353234414602,-0.148920209610765
"P00416","Q9CQU3",80541360.5549596,7191235.49545454,15593130.2839075,0.47932622260504,-0.244621642348453,-0.244179663385851,-0.257727555731612,76557327,0.957316929596847,14.9710717686778,14.9392645291075,-0.0319264609567189,-0.691376161559218,-0.19704657364451,0.721723974596014,0.153533801558343,0.431499948078273
"Q4KL25","Q9CQU3",28370922.7760199,4973489.42034545,3442555.37255622,0.985298367079942,-0.163129174149891,-0.139319563190906,-0.216089429145774,3709484,0.949807415170071,14.8802981029601,15.0855849243676,0,-0.691376161559218,0,0.721723974596014,-0.0769099042142537,-0.353784362844073
"Q9CQV4","P63024",93847256.1070693,17900098.0727273,8939722.98872809,0.846359248179081,0.366304434690083,0.418333206153653,0.238078252339707,45297615,0.944679997108665,16.5821623061372,16.5825395490843,-0.780624441965116,-0.78463409391292,0.636550575396404,0.63980535376603,0.639155306697647,0.0956554689762508
"Q3TRM4","Q9CQV4",11279671.8456946,1560728.53181818,1829577.43315306,0.292588556215292,0.445376830811371,0.483254729403056,0.372082394346854,8160892.5,0.743547458719292,13.5452731338412,13.9786550733284,-0.762495652836898,-0.780624441965116,0.661370288082099,0.636550575396404,-0.231183909368425,-0.19187642118028
"Q9CQX2","Q3TUA9",462047100.979074,78890420.9681818,58993896.4760352,0.978333851358079,-0.311357873962248,-0.654263962106964,0.0645447019475279,278484896.2,0.997759996533669,17.9560681366627,18.0553654584511,-0.738862233313779,-0.763327299918498,0.675151967818816,0.687251729090834,0.763054520281887,4.31722462635825
"Q60931","Q9CQX2",397369372.170077,60957605.5454545,58834963.7524191,0.549874648798743,-0.061910627484513,-0.289332868764854,0.226774195189573,266454700,0.915210638994327,17.5490947554267,17.7366889787789,-0.778608574556223,-0.738862233313779,0.625892572037378,0.675151967818816,3.24272415587794,0.266587725974304
"Q8K0T0","Q9CQX2",455162543.904935,75641409.1045455,60789218.6930849,0.881802702893725,-0.155728483052561,-0.328217835946174,-0.0438993317612297,278240308.8,0.996010869209989,17.8216891690455,17.9912858797526,-0.541115829824857,-0.738862233313779,0.839101400241328,0.675151967818816,4.22425936083797,0.710208601852705
"Q64310","Q9CQY5",57961852.222913,10019558.2727273,7233012.25297813,0.354877585212878,0.748813049577989,0.772667319080545,0.74308106431253,33304850,0.6899685131512,15.8217016970598,15.9981887981706,-0.729333732489106,-0.819717952576111,0.668252334251621,0.582182698950601,-0.398874839481093,0.0141789072796974
"Q8BXR1","Q9CQY5",55756501.4501436,10195904.5635,6111632.41421957,0.903008694773072,-0.199438594924501,-0.32694252686744,-0.172754139588736,21402273.5,0.990328585417533,15.9470236329569,16.0847808030004,-0.735355816258588,-0.819717952576111,0.695594108707087,0.582182698950601,0.269640964921226,-0.132718990020798
"Q6PDC8","Q9CQZ0",4345534.34007532,546654.792168182,748008.766999068,0.737857366202458,0.116741710092933,0.197106397954424,0.0262603738729922,2613121.8,0.796917156988288,12.3919399258309,12.7808760863936,-0.232670970398218,-0.0659297114194937,-0.162807209602659,0.0814330483819454,-0.25503327836489,-0.297181622283116
"P70245","Q9CQZ6",194640245.689117,22924295,34590666.5120713,0.450023058369123,-0.196837357713821,-0.144187726915662,-0.284772496983114,146278508,0.95894870982847,16.0969660467087,15.9654376122868,-0.647084913702954,-0.778371575267285,0.756189636822533,0.622608396373947,1.4660124011569,0.467832404343885
"Q8BXA5","Q9CQZ6",202947776.941679,24421912.1045455,35717543.9239105,0.57444272811222,-0.491105418316065,-0.495166425696973,-0.494322961396136,148593163,0.989131869506575,16.0126110150761,16.0931332848048,-0.792552240264033,-0.778371575267285,0.609365800666088,0.622608396373947,1.72564740727896,0.551398168187448
"Q8K0U3","Q9CQZ6",208422651.889426,27152857.4309409,35174818.7008254,0.987692886710947,-0.33255005552442,-0.432404370181912,-0.284748319959305,23440730.85,0.997570485174152,15.9753245472855,16.0053190036503,0.015167257209561,-0.778371575267285,-0.996248423242366,0.622608396373947,0.431229439961666,-1.16212933643746
"Q9CQN6","Q9CQZ6",205772102.617371,26612558.9336364,34877145.2710381,0.928280020824909,0.327164860073615,0.349970418662267,0.284626315920325,149375670.6,0.999547261157312,16.4474620761402,16.5265333033426,-0.75601057068223,-0.778371575267285,0.648590940040389,0.622608396373947,1.76461694199227,0.577650612573578
"Q9CQZ6","Q9CQY9",208363515.959325,27189331.5627727,35130691.2339567,0.998219471234847,0.530666379870269,0.620643454080994,0.38724715973347,149296912.12,0.999476028899234,17.7673858964242,18.0835985925113,-0.778371575267285,0,0.622608396373947,0,0.332836475343244,2.52988604532729
"O35445","Q9CR20",70140142.821159,12497934.9730682,8211065.99759154,0.950301471798941,0.693732248465812,0.835323011171158,0.531451408726568,39007979.5,0.984346460827092,16.2460648751677,16.2975846606336,-0.730320965392409,-0.730667593741087,0.439182053505581,0.68037365626506,0.449122778886284,0.0533980439794825
"Q3ULF4","Q9CR22",8371238.49869121,1080380.07863636,1420607.57627686,0.455478445039717,0.273911521286265,0.348337817681782,0.204179577634399,4899254,0.793215068005881,12.7106351917578,13.1101942582371,-0.738376233026423,-0.630931220906773,0.680805706721903,0.638233481153181,-0.244021642453472,-0.230247942641574
"Q91YY2","Q9CR22",2237718.31113148,325262.453695455,349016.712072215,0.385015751876796,-0.175549111595315,-0.228989639322864,-0.100904280933722,1414086.3,0.665818024649516,12.2042372590302,12.4464602596866,-0.0822025347357977,-0.630931220906773,-0.18010867172051,0.638233481153181,-0.285950365860039,-0.286054295035937
"Q6NZQ8","Q9CR33",5201399.99585901,663697.167854545,888402.43346549,0.816890327235847,-0.158421415066471,-0.130469314926585,-0.177308433945069,716595.5,0.920185065454116,12.3757667401387,12.709301223507,-1,-0.618039738289674,1,0.795448817292052,-0.323032465007796,-0.293303049270969
"Q921T2","Q9CR33",12743364.4133635,2286429.54681818,1467567.79269445,0.656083276228997,-0.404512214788782,-0.535294205200577,-0.294316059327055,4942653.3,0.945582929392443,14.2042982094984,14.4619815059262,-0.663313369330543,-0.618039738289674,0.727288096611996,0.795448817292052,-0.210931112859438,-0.185368015476311
"B9EJ80","Q9CR60",27878013.0439842,5193617.39090909,2890132.55445599,0.636466754801625,0.235731304695944,0.40750604295454,0.111063485250381,12425405,0.967645179850487,15.2616100817322,15.3859762066898,-0.659425222357187,-0.637087257864266,0.746702751919059,0.771532163681314,-0.0339401632703894,-0.155687358817881
"Q8BJM5","Q9CR62",749994489.713404,85641792.4300591,135030698.389551,0.952266858413674,-0.308055388182918,-0.499575021322263,-0.109340661569859,593975030,0.999189440898821,17.4020929081833,17.4761921324612,-0.489177398350616,-0.758390581162441,0.21702943822082,0.64786735261594,7.22795483740687,0.800976717144501
"Q8C025","Q9CR62",714479091.48638,74973685.4545455,132599395.812621,0.509939325515042,-0.0327750843266417,-0.451932875051512,0.515456202493491,578282300,0.947610434488504,17.087025121647,16.9522708246673,-0.752800921742252,-0.758390581162441,0.65200429854438,0.64786735261594,5.98866705998956,0.794943984947518
"Q922P8","Q9CR62",750553851.895828,86043170.2428182,134916756.725314,0.981081316088738,-0.0771789294178086,-0.00242625879521717,-0.138764152158598,337964361,0.998842113516374,17.0680110363855,16.7824149566806,-0.604777415473932,-0.758390581162441,0.508679980745648,0.64786735261594,6.6803516185765,-0.479867402522893
"Q61490","Q9CR67",114732954.15573,16254500.8181818,18279468.4111075,0.43248160828878,0.044067934416966,0.132261945651307,-0.120421082157923,80863288,0.823545543883171,16.0018419544769,16.1152366413028,-0.774346602080924,-0.784395855211841,0.631356040829746,0.628859320851645,-0.139501182828873,0.517694672023678
"Q8R1I1","Q9CR67",85189417.128419,10921265.5909091,14512076.2632084,0.276555227615216,-0.184799562584169,-0.367391580207509,0.0915075227330078,48719713,0.911911250148032,15.3852978814291,15.5448547237745,-0.7597891930622,-0.784395855211841,0.64043565807227,0.628859320851645,-0.0550076424836029,0.185399967857334
"Q91VK4","Q9CR67",67486384.100609,11969846.8272727,7983827.15093105,0.776684993678526,0.0984604395039659,-0.00475855301026154,0.173564601703798,37319326.5,0.959328148163657,16.0577873519566,16.1995275962472,-0.672171784075378,-0.784395855211841,0.769015871858237,0.628859320851645,0.342730538359751,-0.013717156046448
"O55143","Q9CR76",1235122781.29512,152004314.343182,215027633.545245,0.980344462004212,0.709302408761308,0.699045256073124,0.737636284491881,1124133587.5,0.998787516551992,18.5422115225203,18.4331023917958,-0.718024166624596,-0.181452985715269,0.696644009399214,0.18473818918417,0.873121463729161,12.2111397200017
"Q02242","Q9CR76",9360524.90415721,1261242.90497727,1546598.69983849,0.908167061193768,-0.196900406571249,-0.22929943211784,-0.162770954112353,1734820.8,0.89193352386232,13.54353987778,13.5940067440671,0,-0.181452985715269,0,0.18473818918417,-0.262596925879783,-0.284376500056027
"P00416","Q9CR89",79153704.3309976,6048324.82727273,15754508.4147112,0.443138869676272,-0.285573277889893,-0.25553402462769,-0.330652484389422,77377337.5,0.977594958478737,14.6653811979834,14.5326275045581,-0.0319264609567189,-0.695949397753884,-0.19704657364451,0.715169757072319,0.138890829213999,0.463907937083361
"Q61772","Q9CR89",16253481.8564428,2957178.51246818,1806399.83312412,0.875079613926862,0.184428702938,0.275141710146372,0.0958792115085339,7789862.25,0.961966404591477,14.816106112306,14.8765746886452,-0.139675248571507,-0.695949397753884,0.179784846055055,0.715169757072319,-0.110193180101356,-0.200022741968706
"P55284","Q9CRA4",22382178.47498,3181733.53545455,3556341.90817081,0.623809578708303,-0.155187106584541,-0.187298519740833,-0.132676217185392,16055304.5,0.974479925626368,14.342573221962,14.8909351614871,-0.701013191936676,-0.388616656677298,0.711843288656809,0.0341583050708964,-0.0989688306093651,-0.163557855531651
"Q61009","Q9CRC0",244010981.596869,19028333.3181818,48418466.99949,0.465305470937637,0.0669523606546272,0.101110761145267,0.0456072221447789,232017266.7,0.935339064408652,15.5363971606572,15.4703086871804,-0.985652559647476,-0.739850294463034,0.984889929057355,0.669954747793514,0.344229004502621,1.82163830456049
"Q6ZWQ0","Q9CRC0",88331959.3435952,12297520.5636364,14262947.5106133,0.783785461646424,-0.282714416873385,-0.52086719265096,0.0332420441723222,70197255.8,0.991740283209318,15.7598012211225,15.9445933115466,-0.777057350505807,-0.739850294463034,0.633587577002928,0.669954747793514,0.578098308199351,0.112290644978532
"Q6J9G1","Q9CTG6",7634808.29367722,1101531.62914091,1198410.22004628,0.858126304511848,-0.182450487417918,-0.445693950990597,0.176037119661458,5414991.2,0.952662551123024,13.8684936809765,13.7713653335052,0,-0.801775966259299,0,0.593673912607322,-0.213234537164905,-0.238965486545927
"O88630","Q9CUS9",13244552.7843145,2504693.12979545,1303865.74913205,0.938410706554871,-0.146959478078569,-0.0240774715363009,-0.231531685741086,3612624.73,0.973029076533067,14.6032592022653,14.6934344040708,-0.698410148867283,-0.315231202310446,0.72736638010639,0.401287184309583,-0.234567887732849,-0.176066606511488
"P18762","Q9CUS9",987187.028321622,136032.984322727,160599.562260814,0.54778961973698,-0.0639029883126084,-0.0642040184801888,-0.0621447671477864,764072.62,0.911863998911203,11.157988948579,11.4970475758036,-0.118987021386597,-0.315231202310446,-0.172242325817809,0.401287184309583,-0.311247729401216,-0.35819416586332
"O08707","Q9CXB2",1971946.43454376,278187.576440909,315222.11012211,0.573705397394405,-0.0491948649076901,0.0522909232484234,-0.165800922979809,798374.05,0.790557452714154,12.7645176932439,12.9856155031588,0,-0.996442246362706,0,0.461561045494682,-0.292627724665051,-0.231032464797136
"Q9CXD6","Q8BJ03",8609269.87358662,1247819.64334091,1346111.28111992,0.419947676118275,0.890704478019817,0.857526210856357,0.927451031594162,4778512.5,0.814132552337657,13.425553707601,13.3703493837405,-0.338674309758551,-0.691421157706434,0.417203478938647,0.762211198336031,-0.213762641828249,-0.245168327169533
"P41731","Q9CXJ4",38243754.7994425,4338725.70454545,6903374.94831874,0.419690708509273,-0.237594780858736,-0.317531408329795,-0.138323058422187,25500414.8,0.9482727348074,13.9103307123697,14.2063159288341,-0.707530230758281,-0.740097296284771,0.703734165501012,0.667023756836047,0.0663109853466573,-0.0669315151903162
"O35526","Q9CXT7",86018437.6318608,5600435.455,17463135.6035073,0.613595250086919,-0.210169884533874,-0.44050608630616,0.0246472797497709,85311989.8,0.985305416223088,14.1712373450755,14.1247016979521,-0.707602440753827,-0.737463268637247,0.7060418393469,0.684233755227243,0.0617508245606934,0.545549673175411
"Q8VCM8","Q9CXT7",49945929.0030517,8854852.59090909,5914584.08216438,0.647440870776978,0.433630020200596,0.444281749128306,0.376259132809578,23329397.5,0.900387888076531,15.7857056813226,15.7824665613094,-0.763438569186908,-0.737463268637247,0.637999768001287,0.684233755227243,-0.10419234686656,0.178455858530217
"P18581","Q9CXY9",31932366.7167227,4173192.95,5378974.96730984,0.623504518121519,-0.171901225961904,-0.165706479369245,-0.20401728686013,27425657,0.919097380093879,14.8877287738863,14.7159977897626,0.0358349862266342,-0.705052258661326,-0.12994288800812,0.714878465848214,-0.0808633842158677,-0.0346327533547962
"Q9CR89","Q9CY24",12288003.8644581,1741240.91818182,1957419.45613494,0.357599545230406,0.115931862234964,0.182980841369199,0.0280743623665892,7383597.3,0.897799616286323,13.6511792685019,13.6389595198091,-0.695949397753884,-0.706063044226968,0.715169757072319,0.688163012550616,-0.220817639003498,-0.184291108580413
"P18762","Q9CY27",135865539.810866,24721511.5574364,15096772.6337901,0.980169261508693,0.0118106016488086,0.0190169201672327,0.0374996763378325,67417374.75,0.99535353997555,16.8591658690069,16.8345069675143,-0.118987021386597,-0.682010829160497,-0.172242325817809,0.747542380697951,1.26784898294688,0.173065327130045
"Q80WJ7","Q9CYN2",47091107.470218,7578672.40909091,6585018.61016448,0.285392683995926,0.608514999872461,0.686204849501578,0.531708174782649,23321470,0.749694409092885,15.2696379319784,15.6706924466683,-0.687456240427792,-0.698783139750853,0.713791601098015,0.712401744637585,-0.321298329403799,-0.272629442197292
"Q8CIA9","Q9CYN2",79320194.0370511,12158079.8028636,11754452.3155229,0.954899384817335,0.217990463044812,0.516904379882935,-0.0167117388266079,62877444.5,0.991921990935865,16.1420015041829,16.2252865644924,-0.537719745435916,-0.698783139750853,0.210634543478477,0.712401744637585,0.581417360362879,0.0783490866499977
"Q8K0D7","Q9CYN2",70119723.270823,9156669.35,11817157.2737227,0.507920147857898,-0.0546879416135139,0.161982342059248,-0.17973508394263,60434587.5,0.918007271879389,15.6348537483099,15.6018937081143,-0.504919323986995,-0.698783139750853,0.885106322191014,0.712401744637585,0.356664338088796,-0.0189797827732865
"Q8R092","Q9CYN2",77837942.1172694,11671439.1909091,11797246.1958779,0.847302345604211,-0.0139460339766256,-0.0113793775280238,-0.0252853317902425,62445505.5,0.978440804485395,16.0018023180716,16.0898457715171,-0.670621204668582,-0.698783139750853,0.738409128876492,0.712401744637585,0.480304720088073,0.0660293275770959
"P04756","Q9CYN9",16064283.0271479,2831992.09734091,1926103.53150275,0.980239128880297,-0.343077301389868,-0.323075976804117,-0.382364074885471,1368173.93,0.885276683708206,13.8872865368669,13.9686871034767,0,-0.621858926588133,0,0.801440260401399,-0.157119593895189,-0.325227136943529
"Q9CYN9","Q8VD00",21332151.7950249,2502327.88440909,3797753.60456664,0.466167923192687,-0.0749682893569669,0.105614976900248,-0.228414479529034,17279660,0.875087228141149,14.0367946303909,14.2004388893545,-0.621858926588133,0.105465966458606,0.801440260401399,-0.121644932925703,-0.127791460770382,-0.155440227592973
"P35330","Q9CZB9",76824591.6670944,10582999.8301909,12500946.1567146,0.75006267825147,0.05992535276234,-0.0602628652995824,0.225149939988599,43555208.2,0.975905880667575,15.3440152510737,15.2546927952002,-0.779246152273227,-0.78631961716573,0.692274225380406,0.5910122590278,-0.0058183748234774,0.511733518627888
"P52795","Q9CZB9",8972389.51506581,1417296.24382727,1284731.02011827,0.508058264117971,0.0763412288247443,-0.000648727402889306,0.206118252946629,5612270.7,0.874310817745392,13.7757593062979,13.7704132916462,-0.797838784082977,-0.78631961716573,0.700575825030605,0.5910122590278,-0.233425657226364,-0.213242920145395
"Q61772","Q9CZB9",3245323.33754935,500867.932277273,477351.237293349,0.562472252308361,-0.0485145054889125,-0.0725482491827212,-0.0172952261800486,936410.7,0.807174598893214,11.7999471295255,12.7536822178718,-0.139675248571507,-0.78631961716573,0.179784846055055,0.5910122590278,-0.276322312549135,-0.289636205575969
"Q91VS7","Q9CZB9",489132467.80438,57660648.3347364,86892321.8179197,0.927978618214784,0.191991092646105,0.236983659253814,0.128904312202328,378235721,0.997235429839685,16.9820446909605,16.7689157883136,-0.724000227664389,-0.78631961716573,0.689412095645799,0.5910122590278,0.747825657062409,4.94499585934581
"Q91X21","Q9CZB9",7324002.29406848,1232069.46655455,959287.516250954,0.481307152783022,0.237452987230968,0.346122936528805,0.132520261641056,3680747,0.921136649183554,13.5929832564937,13.8293735215072,-0.659414541523652,-0.78631961716573,0.75815734938156,0.5910122590278,-0.241683083168632,-0.231014953516692
"Q9CQX5","Q9CZB9",7804067.55616323,1465341.43473636,788107.888707462,0.559862419955884,-0.0372083906453565,0.0236510479260245,-0.0945799503042687,3355611.5,0.90801078103515,14.0336483068249,14.1397230934741,-0.644911022550166,-0.78631961716573,0.758994135130975,0.5910122590278,-0.236536666746219,-0.226658044533258
"Q68FE2","Q9CZW4",27217182.8260948,2342548.45,5308866.12485501,0.338811369581832,0.318098734335409,-0.0580477233357815,0.51931994555284,25768740,0.864480542504901,13.4528802588106,13.5195164154268,-0.490606629307262,-0.656223882607749,0.859382061362943,0.755334934064854,-0.0312806675435255,-0.172235999539482
"Q9CZW4","Q8JZN7",26105901.0298196,3035332.12727273,4665281.65317511,0.378667428471958,0.256849219448691,0.337775502798159,0.230335826451587,21866996.6,0.882580990754405,14.0541995407778,13.9418178681704,-0.656223882607749,-0.692076401378853,0.755334934064854,0.762596286395869,-0.183785722056948,-0.0749048303947769
"Q8VCK6","Q9CZW4",30737011.1223472,3267221.02725909,5680587.84343697,0.873009343871298,-0.155187147113392,-0.356754828722992,0.0342120593120715,4268565.35,0.97499244897782,13.9725150731674,13.8889828449932,-1,-0.656223882607749,-1,0.755334934064854,-0.217505060817656,-0.398781889079993
"Q07113","Q9CZW5",31686513.2029502,5174005.5,4343688.18387445,0.312405549561162,-0.139371900074301,-0.387469547252629,0.00579594029969472,13479908,0.729693171670909,14.8736167945653,15.161997402586,-0.77780149081178,-0.689865380043678,0.65221940461832,0.752204325234851,-0.136054754514585,-0.178325519411333
"Q80TI0","Q9CZW5",39416544.8979823,6737299.865,5022935.59283186,0.684935717565144,0.261519896786796,-0.0638072905773283,0.445402707046007,19114150,0.980724493253091,15.2824956350621,15.4186029199104,-0.766716509181966,-0.689865380043678,0.681541886035335,0.752204325234851,0.0735111602095474,-0.112737668379749
"Q02242","Q9CZX9",47217134.4294468,8726531.71452273,5018628.7375043,0.971072507076775,0.0734383521751102,0.388730305478596,-0.270720217637547,17167546.9,0.983879307487593,16.0522776497568,16.0799985154268,0,-0.691009648353245,0,0.721283119319058,0.444120873929962,-0.254514912894391
"Q8VCA5","Q9D0V7",8063649.64412841,1207160.10490455,1224062.98426858,0.71611517130331,-0.114294655818549,-0.0358505819644268,-0.180629824098524,5362494.8,0.88742930165261,13.6680829635936,13.6331899095992,0.122420309958434,-0.687769516793864,-0.225908350139439,0.687643440787089,-0.241118692379112,-0.246358271615497
"Q8VEK2","Q9D0V7",6473878.02376002,958555.211577273,993086.982512792,0.320402078687335,0.137466417768279,0.153966065943755,0.144979269811984,3320267.5,0.760173223109463,13.1974549774724,12.9530586528593,-0.480808922322703,-0.687769516793864,0.89324273270273,0.687643440787089,-0.247837997389917,-0.241501514681936
"Q3TA38","Q9D132",34906900.527512,3446540.2675,6596009.91129086,0.79835025492407,-0.104498392260564,0.0321474174971189,-0.195427851249799,31099253.6,0.979656691705633,14.2915857419681,14.7006506392971,-0.772040448580084,-0.46467740849621,0.631777651635292,-0.0909215053119832,-0.0242837859146725,-0.0105830416815247
"P17665","Q9D162",27911402.7143261,3595947.26818182,4741346.149754,0.484217440132938,0.519634784394095,0.468199514222771,0.572193265250116,19995097.5,0.825041847614337,14.4418240000261,14.3807498188389,-0.74899123008426,-0.722646157816447,0.661108738434405,0.679497062102756,-0.140869577109847,-0.0281649354497059
"P46096","Q9D162",129551578.051487,9370756.54545454,25982308.3641705,0.374691048819399,-0.0116615668249528,-0.0210148019908323,-0.0156030691866608,110376516.7,0.972279157505379,13.6509171509155,13.5034428514361,-0.552133028180542,-0.722646157816447,0.832715969274714,0.679497062102756,0.133319621259661,0.99748850860009
"P56393","Q9D162",28056718.0802642,2626096.38765909,5374430.28784257,0.445700038591022,0.37092661176304,0.420058517744718,0.297625547474024,24785122.5,0.853915091767856,13.7391371885087,13.7978838157124,-0.734694307694624,-0.722646157816447,0.658730128692142,0.679497062102756,-0.128897372601671,-0.0267112627442076
"Q61609","Q9D162",9098201.82470656,1234381.41351818,1496297.43054212,0.593624716570728,-0.115797641494792,-0.18068433309668,-0.0733178839059393,2662102.9,0.92657016856625,13.2893784074241,13.5876559161353,-0.602496192695044,-0.722646157816447,0.720420930517445,0.679497062102756,-0.297108438114913,-0.262582348088791
"Q8BFW9","Q9D162",9362570.54280766,1350854.17932273,1469569.70921901,0.781371932623886,-0.113689739153986,-0.0318926541671793,-0.167932786607238,1139314.13,0.856436643676862,13.0676295659388,13.2022752457495,-0.719439795392277,-0.722646157816447,-0.0210787385728784,0.679497062102756,-0.309897557872975,-0.286984052265503
"P47801","Q9D164",21845047.512224,2250024.60329091,4077815.06264082,0.837549044681051,-0.24593425311359,-0.106034160575469,-0.391778664759239,6672435.57,0.98971455269431,12.6123578121478,12.7901426901253,-0.272917184417259,-0.692763377974726,-0.773589051014074,0.738118241536735,-0.196502854393704,-0.321645153446718
"P58659","Q9D164",21627305.064673,2188427.83330455,4058535.13634945,0.697076476839404,-0.000648863254496251,-0.130863438315986,0.0497913276160786,19026850.1,0.99161961986809,13.3228764082475,13.4527987813134,-0.147092882728601,-0.692763377974726,0.260836640780832,0.738118241536735,0.0341840559646056,-0.179069267538208
"Q9D1D4","P47936",177270954.814786,33796908.6147591,16916786.6049586,0.993731595544515,-0.0834906718446574,0.00474139859579057,-0.20076438499123,51954080.8,0.998111609812528,17.2773995608244,17.3005459611476,-0.680665254142697,1,0.727244066816702,-1,-0.521861035501897,2.02199001555588
"Q9D1D4","P49769",142584230.5225,25815836,16051338.4451232,0.58765118092729,0.358044965286464,0.491904251718134,0.184607103616979,82935698,0.82951374150687,16.9011248251145,17.0044685341551,-0.680665254142697,-0.821477201114782,0.727244066816702,0.564091165431674,0.00451275744480558,1.03324922086294
"Q5XG73","Q9D1D4",162895629.110121,30363148.9545455,16858674.6831526,0.798795281717718,0.0938784791211876,0.335184498815804,-0.11532864914893,89367812,0.978123083766172,17.0987792557864,17.1274329361079,-0.686899274669026,-0.680665254142697,0.749079238821415,0.727244066816702,1.31070303860844,0.244777878172103
"Q8BGT9","Q9D1D4",175866494.15065,33440044.61385,16959602.9672688,0.969834313919111,-0.0652031228340726,0.177703558458316,-0.25899881809771,91407449.4,0.998886439480426,17.267643659092,17.2567093255395,-0.0880456439321446,-0.680665254142697,0.257508958383411,0.727244066816702,2.44648069801,0.0896267028628243
"Q9CX30","Q9D1D4",168811883.183551,31952376.5772727,16564551.1249837,0.875964679582935,0.363853814583725,0.343499789125119,0.38006212296265,87352457.5,0.956312885542035,17.1549155004176,17.2213265602478,-0.783640006988087,-0.680665254142697,0.586093762239496,0.727244066816702,1.39360853091403,0.314761709815891
"Q5NCE8","Q9D2C7",14466960.6690224,2060157.46409091,2295444.8757599,0.5520076368776,-0.0462441294211918,0.0990857116511217,-0.198993064019758,7752504,0.98585434063762,13.6857247099235,14.0736106670376,-0.721494318768703,-0.666589132156445,0.689658114225436,0.738745202542078,-0.157867715415747,-0.19321730805887
"Q64487","Q9D2R6",69088280.2706892,9968661.98636364,10843845.3243327,0.738324190562341,-0.0629382500017478,-0.346837980996279,0.156322265280204,38184212.5,0.988488515364232,15.3906006874774,15.3826815932247,-0.412521097329861,-0.740920342946019,0.611139551793227,0.68025247916768,0.408345977958149,-0.0541689295441197
"Q8BJS4","Q9D2R6",68164443.2197396,9568042.79090909,10938563.0949042,0.657010710422795,0.011522295182449,0.0734383690292172,-0.0826420089342479,37742725,0.968749812921287,15.2839428389853,15.4164222192729,-0.714002649443436,-0.740920342946019,0.689278809478296,0.68025247916768,0.375849130272717,0.0563456507068183
"Q9CPZ6","Q9D2R6",55844461.4475489,7231839.34090909,9458077.04078402,0.363894688675705,0.344802947353162,0.250532167773218,0.450615620657622,32350501.2,0.952520411778269,14.8954373221505,14.6575462846064,-0.753605190829335,-0.740920342946019,0.654257359752477,0.68025247916768,0.148213064691657,-0.0812288971291779
"Q6TEK5","Q9D3A9",47427802.0746912,8570493.12860455,5365812.04289126,0.907135170253788,0.00115885472897821,-0.398964244181413,0.191302045494088,21760110.87,0.996260459273099,15.7993255332715,15.7139702824981,-0.616149505042756,-0.673961409735315,0.776397122644486,0.0329844095259427,-0.130272422612782,0.276519159438424
"Q8VCX2","Q9D3A9",13401489.9185299,1764929.53806818,2246921.67198569,0.883921531722341,-0.134022745071124,0.0416916296360778,-0.223003311900896,8772186.5,0.972126835490981,14.2462700147981,14.1344030366929,-0.334631438058245,-0.673961409735315,0.195590131555959,0.0329844095259427,-0.17484635129266,-0.19912079975705
"O54885","Q9D3B1",78909351.0636586,9923630.38998636,13585018.4908235,0.907673221157226,-0.0111316623407412,0.124628166501652,-0.194220941045601,65546890.5,0.99703356654099,15.861063865549,16.3175798705636,1,-0.765483956629661,1,0.604345262803624,1.61399544577763,-0.00602230399882193
"Q6NZQ8","Q9D3B1",78979679.474029,9918059.12701364,13607644.9755738,0.900083297493038,-0.128602373980324,-0.379462124107762,0.150685026370042,19830210.3,0.990156985253513,15.2132779792686,15.1836309235328,-1,-0.765483956629661,1,0.604345262803624,0.284954568721025,-0.528646086434001
"Q923J1","Q9D3B1",77434315.4523346,9483577.74621364,13513346.5649623,0.742661722090558,0.228407272416232,0.328453189301819,0.045398273013646,64942255.2,0.978834020607506,15.3729962447678,15.4275567658364,-0.179881334908221,-0.765483956629661,-0.281240594394424,0.604345262803624,0.510239109965328,0.0643957045512933
"Q99JG2","Q9D3B1",79736061.805596,10371778.06725,13469184.3348024,0.916650428307743,-0.146488863702878,-0.195513276685112,-0.0914988977531225,21235212.25,0.98791668562447,15.6807283587531,15.9923105343199,-0.73678434845731,-0.765483956629661,0.667589734206491,0.604345262803624,0.243661588157743,-0.3457310002017
"Q80X80","Q9D4F2",21732190.040304,2301851.53636364,4021084.39155284,0.341442450570276,0.364137904903329,0.0897351314717501,0.539420344279432,17011770,0.811569713354491,13.6437315910939,13.5343393638213,-0.558242482585973,-0.678438820609594,0.825210542509534,0.719717362282891,-0.192900726632248,-0.091683019390991
"Q8BHK2","Q9D4F2",9026803.81695674,1565187.73177273,1119807.39343473,0.77781414578575,-0.0934129609412613,-0.213511177730462,0.0140296619402507,3753867.7,0.888186133856241,13.9975092487691,14.2862976800284,0.0128716212455014,-0.678438820609594,-0.313584000838399,0.719717362282891,-0.2004073492543,-0.238730583704448
"P61620","Q9D517",374173578.57167,30834720.7727273,73573929.0498229,0.390660340231828,-0.128380664211008,0.0508707256389376,-0.3229846046999,357601775,0.981763746563175,15.9913828096787,15.9552515949642,-0.747320297288538,-0.672918635631098,0.662892237599814,0.737329558572303,0.627165789717716,2.98538101692453
"Q9D517","Q9CPU9",131362536.627813,16914516.2772727,22321918.5897699,0.698560684188171,-0.0991286186954526,0.0581528569749466,-0.296026682207439,83520159.5,0.979906614444423,15.9004650227095,16.0962410413392,-0.672918635631098,-0.711307100998547,0.737329558572303,0.685284700025252,0.189903102562966,1.01471744500137
"Q9CR67","Q9D517",98871835.5641308,12203222.4090909,17188037.3967878,0.330470900198554,0.381537122962228,0.381052129903393,0.387269361891763,66522725,0.702999647889292,15.6454086132876,15.7809409611845,-0.784395855211841,-0.672918635631098,0.628859320851645,0.737329558572303,0.339294715875213,-0.18416158789971
"Q8K2Y3","Q9D666",5117027.5017963,655631.086363636,871968.092181018,0.406624787430022,-0.0403061083858458,-0.184623699147886,-0.0193003556864808,4121469,0.861211166846995,12.6648093507804,12.7780025878044,-0.0725891256536634,-0.666652258956599,-0.186589789010076,0.771710324694565,-0.250586488597237,-0.248343214922572
"O54707","Q9D6G9",4868979.89856244,393281.305690909,960686.808620751,0.694244254635117,-0.1708904221215,-0.0390944310937603,-0.299442025491813,269766.47,0.836584971856927,12.424410173304,12.424410173304,0,-0.742373553237213,0,0.44148204425866,-0.288946152006821,-0.284022916996994
"Q5SWZ9","Q9D6G9",4882225.6536917,407819.905927273,957675.96694986,0.582390605048972,-0.122287075084471,-0.363658530943044,-0.00474278253120456,2446099.15,0.97820197648375,12.5423544652707,11.9584882999743,-0.967013421591541,-0.742373553237213,0.367951003291539,0.44148204425866,-0.232474780497473,-0.24977186068221
"Q9D6G9","Q91V01",102224905.763227,17666547.3802818,12762836.032129,0.942161327285829,-0.248013971309013,-0.359052477990717,-0.184275789457149,25629772,0.991064737421091,16.1898992474629,16.6705974918126,-0.742373553237213,-0.768059596674562,0.44148204425866,0.64361173868807,0.532596929505635,-0.455781674356825
"P58659","Q9D6I7",2497783.25238446,455521.818759091,275839.08137052,0.668388867784268,0.163629805001975,0.121715482786346,0.335230617632738,979812.68,0.855874129326612,12.5510719166423,12.6863107192304,-0.147092882728601,-0.741460255440458,0.260836640780832,0.672579155218531,-0.300809834293086,-0.279393051832717
"Q6J9G1","Q9D6I7",5991583.96807211,774034.594595455,1016192.27481334,0.862281540014483,-0.0966226173532112,-0.321684017047324,0.15583302636013,5299941.75,0.921810440995454,13.5910489952241,13.4721954715427,0,-0.741460255440458,0,0.672579155218531,-0.243676450182329,-0.242286024866294
"Q9CPV9","Q9D6I7",5269973.36248056,524695.081827273,993522.448060266,0.410942427281484,-0.0592408305539767,-0.13812120013814,0.00613333538231475,4973136,0.912340642866104,12.3772251529614,12.3639053292238,-0.599885125099483,-0.741460255440458,0.669103319194239,0.672579155218531,-0.240944719369209,-0.24600548061342
"O89001","Q9D6J1",37593929.8440335,6275115.07856818,4986381.62505043,0.686664094974601,-0.0565521105847404,-0.147255469324736,0.0335879222970604,17002187.8,0.957265093429654,15.3103463138666,15.4670528103621,-0.767508077837941,-0.669381934003275,0.647538342719748,0.653675608142558,-0.124585960725632,-0.0427978140434877
"Q06335","Q9D6J1",20785277.3287101,2533282.41493182,3635946.28277983,0.502897296310032,0.226181113907277,-0.0906747205511208,0.434449962158212,17410843.3,0.924610028800675,14.0527209358087,14.2503931638326,-0.587070167619448,-0.669381934003275,0.80785324949354,0.653675608142558,-0.121848871429134,-0.19857487448227
"Q8CHK3","Q9D6J1",24554659.8975668,4044053.35129545,3324394.93815618,0.608101543614942,0.256847095498206,0.0863729899726113,0.400998312945467,14673053.3,0.952985302629131,14.8606986314104,15.2228798494046,-0.690905614468341,-0.669381934003275,0.691220494616149,0.653675608142558,-0.140162326235259,-0.155887524364003
"Q3U284","Q9D6U8",219964798.465599,25808641.4136364,39156226.2484425,0.735574607422193,-0.470579522526338,-0.661946786409258,-0.177217315000796,154180869.8,0.996778748371834,16.1310718631109,15.9584446143193,-0.815451592022418,-0.785976847738009,0.599435789796347,0.614815467428399,1.90536588406352,0.656897542526643
"O70228","Q9D771",19764294.2359391,3614285.55818182,2166270.40756247,0.671639535168527,-0.225848114115182,0.101730228446267,-0.514708680729439,8142371.2,0.912836333238817,14.8831587380471,14.8666274122126,-0.588868115452686,-0.712980745008052,0.791716396564481,0.698599719729866,-0.167579826280703,-0.133902079777692
"P04441","Q9D7B7",118026922.468628,12508484.3409091,21834279.1960742,0.573006369614743,0.0659919804056694,0.259964364307708,-0.0444524436864373,77877286.5,0.980732530847131,14.9613729080621,14.74981933864,-0.763812491585291,-0.646001474638692,0.644335444760335,0.835147424757204,0.0678226782952647,0.870726423795751
"Q9D7B7","P63024",92265339.1684426,17656740.6227273,8671169.69321025,0.842857136667603,0.411015417373084,0.303624666341677,0.470184611463857,45111805,0.984768418956866,16.5768975603434,16.5513862368731,-0.646001474638692,-0.78463409391292,0.835147424757204,0.63980535376603,0.609874838027521,0.0771748851942125
"Q8CIW6","Q9D7B7",38972924.2598996,3160829.68181818,7684370.94859575,0.578168870633834,-0.156071233964099,-0.37622950481928,0.0166798271930671,37748475,0.963974006124993,13.9374342066557,13.8086267920205,-0.731543857881604,-0.646001474638692,0.681695526949976,0.835147424757204,-0.100268371963172,0.0702569112725542
"Q9CQ56","Q9D7B7",20532588.2485335,2864955.91818182,3309846.10391388,0.479114349432975,0.0335699816963575,0.153565576922938,-0.103784547066551,17027424.8,0.931163822601896,14.3921963149947,14.6253574618781,-0.749225494993575,-0.646001474638692,0.663384086432245,0.835147424757204,-0.176056524069567,-0.116462641673117
"Q80X80","Q9D880",28265919.2940236,4025800.85,4484349.54689044,0.481144177488411,-0.296452190543371,-0.334587088746361,-0.300574980344465,17629620,0.938809616626358,14.5949550006026,14.8909369446814,-0.558242482585973,-0.739640831737859,0.825210542509534,0.679137495526891,-0.125103099550162,-0.0708424849708273
"Q8C172","Q9D882",13558181.5698925,2251194.82052273,1813221.25264942,0.542039358635905,0.312960100925465,0.483993618837991,0.129294365292645,6802110,0.775095932929354,14.2219355257523,14.1175362668511,0.140356450321708,-0.661105588377194,-0.048412003631447,0.724294330676869,-0.222513609661764,-0.226601472513542
"Q8JZQ2","Q9D8B6",73271934.714412,9229542.01363636,12603604.4801054,0.6442487944753,0.186272766257358,0.209518688978487,0.132543600485884,49369825,0.931400251197859,15.2679475496263,14.8668790120587,-0.74957608454067,-0.733241213582325,0.661878111121703,0.701614213518539,0.0822807126966277,0.423790417344333
"Q9D304","Q9D8B6",10438973.3717388,1596347.85583636,1550791.33121737,0.667214283983048,0.0599137903712112,0.156247246252074,-0.0369704123779526,7132789.8,0.88026086083045,13.8709069416775,13.7972262226976,-0.186734331093002,-0.733241213582325,-0.326401029019253,0.701614213518539,-0.206701149101465,-0.218263336444146
"P41588","Q9D8N3",4369489.09337137,633930.357604545,682620.138432307,0.774911860081711,0.119496426446316,0.373043654861091,-0.0891584503809951,1532251.25,0.911693073417219,13.3128673276643,13.7261832363813,-0.0459668668587822,-0.537234437374788,-0.22352387596664,0.597427114864423,-0.255271772198324,-0.296206103684232
"B2RXV4","Q9D8V7",67297537.7161867,5051826.73895454,13429102.7383414,0.723758429002728,0.0156854390901122,0.0286372644388025,-0.00393025191265696,65976309.75,0.991125036443966,14.5244783041267,14.5970179584849,-0.107860085512005,-0.696872089718335,0.0727036966744368,0.717691882027259,0.479231019595699,0.0388188916662829
"P97363","Q9DAV9",12011641.9769311,1731208.93181818,1887081.52421354,0.51846476916731,-0.276894526339367,-0.257454264710976,-0.293273546012303,8889421.8,0.91848163312978,13.8928006419694,13.7788314408333,-0.698793684722448,-0.772322725684383,0.72471286292739,0.634159613584137,-0.211957922908847,-0.182865367572139
"Q8BPT6","Q9DAV9",3754930.18675047,570539.022727273,561579.575247311,0.418394915312592,0.569428832364048,0.599164394779669,0.529422603466595,2569832.5,0.870429652727373,12.6759918459385,12.8911521108967,-0.163168333943833,-0.772322725684383,0.591670996979562,0.634159613584137,-0.256982368961872,-0.266296556542005
"Q9D958","Q9DAV9",50921618.2501457,7892585.08181818,7454612.42572589,0.671812185604718,0.338760520185641,0.274806763674625,0.481534269790994,29492630,0.963117349846672,14.9239249899825,15.6807447586064,-0.649501109695971,-0.772322725684383,0.779402364871182,0.634159613584137,-0.047194218698951,0.207664076936602
"Q9DBG6","P63024",133056088.399953,22739906.3636364,16959375.456049,0.368997170149444,0.532097605041622,0.631636127887394,0.362441807393882,87319450,0.673417205100481,16.7102126976109,16.8436069743519,-0.819561174671244,-0.78463409391292,0.56367421191158,0.63980535376603,-0.47847618505994,0.553708665380826
"Q8K1G2","Q9DBG6",214303159.122676,39980237.1,22116035.0315518,0.962007178477211,-0.0944830451130926,-0.0874437046797382,-0.0973316436535289,108298209.2,0.99641879873944,17.3377945326454,17.4931468719113,-0.818267008634133,-0.819561174671244,0.586005168269904,0.56367421191158,1.8424592018747,0.46015200420523
"Q75N73","Q9DBH5",302213174.848092,56402476.2804636,31148863.8193944,0.986574912648915,0.749345094954771,0.760758837168256,0.74173763267303,131638615,0.997393731404496,17.7229913576216,17.7141462974887,-0.415247357506177,-0.677181346171773,0.250213248373584,0.731749556578227,2.8512323448312,0.627279541041956
"Q8BFZ9","Q9DBH5",244158063.057471,42311341.5909091,30322260.0179225,0.574857727520478,0.276306015662843,0.394518157651209,0.157503105061131,126002560,0.933388078754786,17.3312818057579,17.3435607022347,-0.771440007325506,-0.677181346171773,0.644465198413823,0.731749556578227,1.91287752317147,0.0346945399829025
"O70228","Q9DBP0",29480935.009957,4496953.53568182,4391254.34976635,0.864829343928519,-0.0158377201759678,0.00130457165876187,-0.0399377577921199,21830702.5,0.943701355639225,14.9664576516042,14.8518671721511,-0.588868115452686,0.198659056090591,0.791716396564481,-0.336727796570357,-0.108382333638616,-0.106627410994493
"P56400","Q9DBP0",45757965.4316028,3699437.91886364,9026987.06480181,0.670775592158721,0.0381572661995852,-0.0171421605016303,0.0974119722145777,20005352.5,0.901736857865953,13.035293196018,12.9480378470144,-0.0695353034222261,0.198659056090591,-0.0597317908742102,-0.336727796570357,-0.320840414114103,-0.220041689539408
"Q91ZD4","Q9DBP0",25631331.0065518,1654616.38609091,5208099.07170278,0.595381417126383,-0.0202847731851447,0.0225118881431603,-0.0784154208964497,24923873,0.977670295213294,12.6608627286031,12.5846479414719,-0.395065726819644,0.198659056090591,0.0278725123275012,-0.336727796570357,0.0292482484114774,-0.105354064288706
"Q6P1H6","Q9DBU0",8455870.00214007,1222866.44545455,1324642.07752136,0.412856095747432,-0.437894102573509,-0.319365858739327,-0.564210087246295,5238590.2,0.91091186680804,13.0260427277607,13.6805386503661,-0.720205137895512,-0.661074290037845,0.700014399572771,0.750879597485131,-0.217903650901241,-0.233350673873156
"Q8R2Y3","Q9DBU0",8561345.1765067,1257742.62272727,1322780.61330784,0.440787091032158,-0.0025486546349492,0.125558533312305,-0.15471715633967,4850533.2,0.881108356380522,13.3366950706309,13.7216671816217,-0.74181281364975,-0.661074290037845,0.675766156178325,0.750879597485131,-0.220502808327938,-0.23229712461734
"Q91YT2","Q9DBU0",7346159.48863536,1092558.06454545,1122194.08659179,0.41327055731835,0.317111359684638,0.456165946097224,0.174528786236832,4630629.75,0.907042802081612,13.4392733827284,13.5978785586245,-0.738002038944352,-0.661074290037845,0.668640943550414,0.750879597485131,-0.225787997701864,-0.244267019279299
"P52800","Q9DC16",88786680.9204652,15372466.8051591,11045761.2684823,0.957250915891055,-0.0545099296505835,-0.186347391558904,0.0430126265805929,51005019.25,0.994960012119434,16.328485584945,16.3691130758944,-0.0670442734105386,-0.608775645298428,-0.485612298820722,0.742082278136325,0.685697158120592,0.0389471847356749
"Q01237","Q9DC16",88267723.7722601,15235198.985,11046889.1578745,0.930831288249273,-0.0647838967327821,0.201075592679345,-0.32708599041461,51112467,0.995510272552726,16.2642495737414,16.3960473787412,-0.769260010294628,-0.608775645298428,0.642839679432306,0.742082278136325,0.581555835971876,0.0807533410362842
"Q8CIW6","Q9DC16",88407326.6218688,15179310.2954545,11173839.6945328,0.848910006292134,0.0318478972768689,0.111209238464591,-0.0105239314896848,50886426.5,0.992214625027728,16.2123573963001,16.3945407385245,-0.731543857881604,-0.608775645298428,0.681695526949976,0.742082278136325,0.411999211856072,0.0823352558134058
"Q06335","Q9DC60",10704424.5970899,1712172.63636364,1508926.96592811,0.480644400703918,0.195711132002013,-0.0588821114366054,0.363869587821368,5788297.5,0.838844127151107,13.848431257062,14.1992451389203,-0.587070167619448,-0.679463967483723,0.80785324949354,0.749199874583436,-0.220174277641851,-0.19093836833661
"Q6P5F7","Q9DC60",3957232.96216488,539956.481818182,648267.855245454,0.336730777173104,0.0135334616151116,-0.178224308083535,0.155448477505449,3005857,0.76000770868798,12.476476244314,12.8133060574832,-0.692347452001217,-0.679463967483723,0.717888158109327,0.749199874583436,-0.263829063583951,-0.258431149204476
"Q8BLF1","Q9DC60",120288009.275628,16603830.6636364,19544921.3770202,0.834719255947901,0.72221278042668,0.657925796705366,0.747875223935248,87807427.5,0.972436860197197,16.0490279238831,16.1522131240536,-0.723643384092159,-0.679463967483723,0.737003650137674,0.749199874583436,0.178185243147764,0.905820001192344
"P37040","Q9DCC3",323132482.822593,53700614.4527136,43155095.35802,0.989230300146489,0.222200849090349,0.0589586929309987,0.364267523058786,123990282.62,0.99902156893351,17.3986842479591,17.3014336435726,-0.744522172027805,-0.528254798593606,0.680851724177864,0.42644427052249,0.305772295595554,2.87120275930412
"Q5NC32","Q9DCC3",1379193.20747754,186207.517245455,227572.429531229,0.696255728214385,-0.0316795215648469,-0.139850488945226,0.112049375967442,1093428.65,0.85719924033158,11.7930476127043,11.4649042053662,-0.101308528453519,-0.528254798593606,0.979134266140681,0.42644427052249,-0.329466039935141,-0.294155984839119
"Q9D3A9","Q9DCC3",12376863.3302141,947013.5293,2462965.54576627,0.608042681120863,0.261016136394933,0.266801125770597,0.313236766275951,9093311.47,0.992885052319411,11.8250130763109,11.9517142541352,-0.673961409735315,-0.528254798593606,0.0329844095259427,0.42644427052249,-0.212209191829051,-0.17206738014955
"Q8BGT9","Q9DCC8",103169946.878528,14402816.2047591,16624644.1070598,0.843521744617769,-0.347309876140627,-0.127975693041914,-0.511880139083282,43138315.2,0.995293981363899,15.3387769531899,15.2918158553943,-0.0880456439321446,-0.698279272384873,0.257508958383411,0.760164350951155,0.592728741221574,-0.365553516142868
"A6X919","Q9DCI3",11298445.7898307,1603157.06818182,1797882.59792146,0.347071756616799,0.45450034366586,0.490390275301952,0.371603857262734,9130395,0.725136945432175,13.9654764225021,13.9133986804877,-0.810814626546894,-0.758785230151322,0.567519245712159,0.637582313467873,-0.213149142939971,-0.24230895569319
"Q9DCC8","Q9DCI3",95659394.1409333,11796756.5909091,16636656.4521855,0.435914373385613,-0.0803842750957487,-0.0659591523726672,-0.132055953534129,59758205,0.959624389547905,14.8832676418841,15.3626274019812,-0.698279272384873,-0.758785230151322,0.760164350951155,0.637582313467873,0.134879354794808,0.624166781104403
"Q9D8Y1","Q9DCU2",51848116.9617963,7155501.29440909,8425612.62798176,0.666789642911493,-0.169631416048075,-0.33351644983439,0.0570753257718072,29196697.5,0.953056019057085,15.086753671185,15.0513614631694,-0.769884613921407,-0.106174047612399,0.634877799640168,0.0420810659796308,-0.0597815887588388,0.0702052684780666
"P55096","Q9DCZ4",217061251.812101,31292637.2272727,34093818.325459,0.570931246209493,-0.230300408220272,-0.493166106693546,0.0393743301599456,128358955,0.964771380904713,16.6378390757868,16.6821842310338,-0.646457346772578,-0.768647707125979,0.765303871991563,0.634742025483609,1.09521298941499,0.697545923248551
"Q60857","Q9DCZ4",208409623.692079,24619077.9667636,36989183.4612959,0.876104767781812,-0.247690861266023,-0.277257860268334,-0.276841342107244,136774199.33,0.998828155344995,15.872790785488,15.6034919241407,-0.44431760964106,-0.768647707125979,0.0253068754053144,0.634742025483609,1.95676020722077,0.516788798610689
"Q9D6K5","Q9DCZ4",182481826.82246,19347065.5909091,33753666.6607062,0.406412657046739,0.633764773351237,0.702876786533163,0.530009791374374,125107775,0.85369629172756,15.542051866272,15.5794196683265,-0.757125980968964,-0.768647707125979,0.645631302343296,0.634742025483609,1.49432174398383,0.358301551716716
"Q9EP73","Q9CYN2",78980195.2199221,12134105.6161273,11674891.1162992,0.958902644299526,0.353138910611063,0.521796469989371,0.135241309429856,62503608.75,0.992079624791588,16.1213886434801,16.1223534984467,-0.320005225230137,-0.698783139750853,0.339792270948611,0.712401744637585,0.68067168346241,0.0315787266292508
"Q5U4D8","Q9EPE9",42459648.5292325,6020287.12590909,6760368.79541833,0.602414492344425,0.132008643578569,0.372144350848705,-0.187722508351497,32935272.5,0.964985539620151,15.2260974451378,15.2994240221815,-0.695292870785298,-0.818608950310785,0.703535507153728,0.574322341003656,0.112859540343923,-0.104164884434736
"Q922J9","Q9EPE9",42952700.8246459,5999790.7,6918321.40166369,0.546155893508075,0.0132971124072246,0.183641246010045,-0.264725934387652,33296938,0.986030716881824,15.1461948690697,15.2848633978462,-0.748320947634057,-0.818608950310785,0.660185944313443,0.574322341003656,0.0768822631892202,-0.0984990714644924
"Q8C172","Q9EQ31",12103642.2555153,1628935.36724545,2001393.67776681,0.860283446558651,-0.0700385780193272,-0.112541691238714,-0.0269272644078713,9389882.85,0.987260677180009,14.3133729955511,14.3838147379858,0.140356450321708,0.514317466729775,-0.048412003631447,0.247284539454144,-0.234489278117346,-0.143516449393042
"Q8JZU2","Q9EQC1",292742186.474431,36584763.9649318,50565977.9377827,0.874373644872209,0.119854261177228,0.238367362328746,0.0280614469935903,169396335,0.986774591164061,16.5326961642402,16.344426022961,-0.682742851868127,-0.728210847217745,0.805498506103982,0.667238178505553,0.521822919195129,2.77290268728648
"Q923Z0","Q9EQC1",15021274.9144313,1225105.32447727,2958956.14903102,0.487231014100069,-0.169081252576574,-0.123301694789126,-0.231045995387529,2951997.5,0.957675499392675,12.5590850445032,12.7085876126286,-0.409068196498886,-0.728210847217745,0.664073274672926,0.667238178505553,-0.256027987472075,-0.300462764678711
"P35546","Q9EQN9",2558286.07995974,336892.611659091,428947.007085382,0.56030588372637,-0.169926779884242,-0.466801275883096,0.183299491275417,578087.25,0.709720463351717,11.9008391021808,12.0568891839349,-0.358787784977654,-0.570008485139736,0.600686920123259,0.363769724663884,-0.299245312639685,-0.294359071378056
"Q922J6","Q9EQN9",19799978.8162652,1740343.68681818,3845928.46020956,0.541082219446253,0.139655764621807,0.00265320425246987,0.30841853266861,17715962.75,0.95985595837747,13.2480024212627,13.1164749345035,-0.748988881330056,-0.570008485139736,0.665797195794773,0.363769724663884,-0.187461422822162,-0.0965142573015549
"Q9CQZ0","Q9EQN9",1372594.90906526,198216.718509091,215284.135659726,0.401509061179273,0.450465895744291,0.485593318370087,0.40276054778819,710336.05,0.630368359136879,11.344797667423,11.5809275124198,-0.0659297114194937,-0.570008485139736,0.0814330483819454,0.363769724663884,-0.337805461155038,-0.291925111755799
"Q8R0X7","Q9EQQ2",43857105.7931722,5993096.34545454,7177196.35317203,0.412246573742509,0.313721668086076,0.496609815970598,0.00445337763853101,27785147.5,0.845145703874179,14.6876316277669,14.7395505384229,-0.791703706028498,-0.843741919523925,0.560567310861884,0.540991652226192,-0.154016692164128,0.105711290225387
"O88324","Q9ER00",46990499.1827469,8852365.2405,4690856.0263417,0.971433033853582,0.0165644379015208,0.0782808691784394,-0.0492538618650372,16018617.75,0.989167954139402,15.7694175207572,15.8594759205893,0,-0.651582177331881,0,0.755921869144941,0.324458563094313,-0.266873742722424
"O70572","Q9ERK9",37849445.0998445,5611445.22983636,5799049.7179286,0.940940385135293,-0.0735278367620529,-0.0808875256117508,-0.0736672578383912,24503734.3,0.993408768379624,15.2415234845115,15.1768345246206,-0.75769947525626,-0.461810831989009,0.651743178671011,0.607275297974023,-0.117121175722937,0.11341998333961
"Q8K2C9","Q9ERS2",1234511783.73269,133044756.227273,227096233.772884,0.4982426745389,-0.310089169826088,-0.45178838845635,-0.25392886570295,779663885,0.990884285038817,17.5012990683679,17.3718762443341,-0.82731179288053,-0.780743323076637,0.860242744010436,0.620388614414925,12.2980361923067,0.841155779455641
"P52795","Q9ERY9",12170472.5153089,1502488.72272727,2115484.14062931,0.287742122179883,0.0757416160335006,-0.13427051654302,0.343307473090307,9573892.5,0.763818080169487,13.4145902036087,13.0150577935158,-0.797838784082977,-0.710572349492158,0.700575825030605,0.70307113180239,-0.2004074650151,-0.21528500594475
"Q8VCD6","Q9ERY9",15647453.9351104,2406789.29547727,2310104.78874163,0.700214823977193,-0.255032686275162,-0.197225864719735,-0.3064789124624,5550002.5,0.963347143627033,14.0692432843774,14.3126761569634,-0.399777658869193,-0.710572349492158,0.234650810924578,0.70307113180239,-0.184782032354946,-0.241426232980841
"Q923Z0","Q9ERY9",14840057.3461054,2042359.30227273,2416423.05715152,0.550141272504116,-0.199575668648914,-0.0889519303057043,-0.28794364062632,5727542.85,0.981215549439744,13.6507226841589,14.104848134313,-0.409068196498886,-0.710572349492158,0.664073274672926,0.70307113180239,-0.19691575397281,-0.23810722626864
"O55100","Q9ES90",21586354.7077656,2084010.14487727,4103338.70338059,0.829801472166072,-0.234256906331972,-0.153663957361656,-0.277669168483745,1799721.71,0.989786257199459,13.2441323960054,13.1883611700542,-0.526532488594003,0,0.850672674262458,0,-0.368719561808662,-0.231495489693814
"Q7M750","Q9ES90",2842191.4695757,230312.910881818,560482.078925003,0.519201156238321,-0.153837479560087,-0.0496289479003168,-0.232645548182403,115166.45,0.332308321338221,11.6541424352352,11.6541424352352,1,0,-1,0,-0.331138854708119,-0.281969995624889
"O55101","Q9ES97",97464748.0252444,16305477.9863636,12881042.5107827,0.49239983769876,0.165911679248239,0.581610069055679,-0.135348623332613,43868269.8,0.99321992779244,16.0398991948782,16.1868249820179,-0.579796651414952,-0.663230787705934,0.810678551979442,0.738300669556141,0.581153354451809,-0.0817907263317661
"Q3U1F9","Q9ES97",118538242.900996,21552691.6636364,13197636.9014313,0.886899975441252,-0.0497959669927933,0.246993048971564,-0.37049769147679,44776101.8,0.993090160377339,16.6791705282315,16.658952801214,-0.75711615409172,-0.663230787705934,0.65573792313396,0.738300669556141,0.864440977433718,0.168434612473067
"Q5NCE8","Q9ES97",120394830.368856,22111492.755,13036167.7280563,0.91558248901573,-0.0551176647331603,-0.331132494953184,0.182801812476915,45104102.25,0.994466636034138,16.6998783031874,16.7711414084551,-0.721494318768703,-0.663230787705934,0.689658114225436,0.738300669556141,0.903353712988563,0.190480728818489
"Q8VCA6","Q9ES97",118806884.305905,21769073.2454545,12949973.0768858,0.881188696665516,0.0732544124311767,-0.265490075587375,0.384959927124604,44350755,0.971578801290162,16.680795284188,16.7599221159505,-0.748445904577741,-0.663230787705934,0.683781590323796,0.738300669556141,0.892220886972021,0.171625480992473
"P16390","Q9ET38",24331326.5082978,2145257.48761364,4723089.30349725,0.705804943341025,-0.110065351849392,-0.0262425616235714,-0.2069923031065,314400.2,0.319153610037168,11.5300070685685,11.3938321963334,-0.660093536824452,0,0.643651413918578,0,-0.343563971109494,-0.368841634986268
"Q80UK8","Q9ET38",18692421.343311,1014592.07703182,3853922.91199264,0.774809442762918,0.106183261080209,0.383020147397375,-0.138738441780349,18646654.9,0.989619591563427,14.3910491104792,14.3910491104792,0.25568113365284,0,-0.100365448282849,0,0.0010469628229967,-0.0891485448330144
"Q8BXA5","Q9ET38",24496942.4005528,4025665.02072727,3327356.66364078,0.87438683069343,-0.0249004704108431,0.153572823777546,-0.274849140418394,15206945,0.75997098348209,14.0834799887329,14.7225571191447,-0.792552240264033,0,0.609365800666088,0,-0.197699617997256,-0.130128977779761
"Q61009","Q9ET80",254635226.586318,18526963.9181818,51029240.2781806,0.811488681035348,-0.0818788830985988,-0.0274918076331696,-0.130570988720251,44156243.5,0.998637092688451,15.1609519161975,15.3076641252949,-0.985652559647476,0.0161534639296103,0.984889929057355,-0.104409751904805,-1.10870540445458,0.241045982520793
"Q8R087","Q9ET80",42915924.0280807,2473508.7,8809022.07663601,0.596432545442344,0.0746514761968514,0.114066616696869,0.0116505676327755,42760639.8,0.971743052928557,13.195822291673,12.9244515492399,-0.79316254955747,0.0161534639296103,0.60564468041471,-0.104409751904805,0.131236794995803,0.0120122614114286
"Q9JIF3","Q9DAM7",13749756.4729334,2272783.20068636,1851459.45581866,0.821573376147979,-0.33163345353258,-0.539415456640559,-0.0937466178160498,4988499.97,0.971807158244878,14.1064696656148,14.14078515581,-0.752355155274249,-0.759366433012657,0.647731040189666,0.0865861418179673,-0.244534373859014,-0.185478523406028
"O88455","Q9JIG8",69206070.6124244,7113826.73636364,12926604.9315528,0.377711256319326,0.0835624469500654,0.167121943742835,0.0328321336286614,62138180,0.891394953402197,14.7244175176783,14.7581208561974,-0.959699167724853,-0.596911736557105,0.952021953188212,0.797757756154838,-0.0513216211351487,0.204107429377107
"Q64445","Q9JIG8",43153000.7081206,7234462.51214546,5683939.16560684,0.997852059079678,0.609317616681796,0.384042609988765,0.769462856908506,25068730.8,0.998111240626616,16.1391200148552,16.1404071998456,-0.488552388614608,-0.596911736557105,-0.508383837936857,0.797757756154838,0.514428755705956,-0.167331469748565
"Q6ZWR6","Q9JIG8",41230916.4608415,6842063.17727273,5518910.649763,0.85750335800469,0.610391504554211,0.547248674263271,0.653755994535941,24267220.5,0.984676117886277,15.4700881336706,15.4424893261303,-0.553428959359577,-0.596911736557105,0.604609849322304,0.797757756154838,0.126850787288182,-0.0965058423439737
"P26361","Q9JIM1",85501284.126643,15007399.6095773,10347561.5054313,0.969441055933524,-0.146677564860122,-0.248178332122622,-0.0280282536018937,41986459.78,0.997451392073042,16.1166407913785,16.1310113086038,0.919280654816396,-0.704846333060137,0.942544191016139,0.744188499508177,0.934808137874182,-0.261949808056527
"Q91VK4","Q9JIM1",80108649.0661507,14044374.0090909,9718814.80438998,0.80622095905673,-0.0208355132022187,0.21579369083374,-0.305026483301575,38861450,0.975686107758262,16.1845767388225,16.1975333688007,-0.672171784075378,-0.704846333060137,0.769015871858237,0.744188499508177,0.470735657611531,0.0207399919561153
"Q9JIM1","Q9DB43",74102890.4301354,12399697.4545455,9790262.87344846,0.611366943481544,0.0692311312460688,0.152286258595905,-0.0126526741832919,39109022,0.884721704389986,15.9958694738001,16.0686253038487,-0.704846333060137,-0.672800937259836,0.744188499508177,0.740517853046037,-0.047528360906175,0.414669883834157
"O88967","Q9JIP7",86643651.7707738,8253405.78445455,16526164.9805722,0.796113041305124,0.186365842401212,0.327666817084304,0.0130308743610591,56788322.5,0.958820410072031,14.4359000182021,14.2154085316299,-0.748736162591471,0.88077683975114,0.664131807269731,-0.888986877688615,0.254357958563402,0.0844631128507938
"Q9CQ92","Q9JIP7",88037230.4701133,7468912.11627273,17219560.3476165,0.741431566886423,0.245043371538731,0.387705198748995,0.129103389489283,57220946.8,0.973233851815627,13.8682931406052,13.6772462685469,-0.745514008697581,0.88077683975114,0.72138034100084,-0.888986877688615,0.269268691473211,0.0786469046373253
"Q14BI2","Q9JIT0",10994631.3248477,628058.354540909,2258356.77833698,0.638743158169036,0.36778213469703,0.240881382580848,0.516191226360726,10851532.775,0.982152292659211,13.3056302611374,13.133786388725,-1,-0.597540789854371,-1,0.35917907787851,-0.134900623636361,-0.142209879819942
"P97799","Q9JJ06",10947692.1564047,1750418.03421364,1543973.19619335,0.833096030222935,-0.235665567470161,-0.127529941986211,-0.346981520799956,6063689,0.939308653298919,13.7734954302382,13.9281591638554,-0.737790998015201,-0.72097843034865,0.48598240671578,0.680328051324598,-0.167298837352373,-0.238558356520927
"Q09143","Q9JJ06",17203406.8374412,2110581.09115909,2999674.61025234,0.500514454536013,0.43011484587001,0.365309863071727,0.509209962783829,14273762.5,0.926752750577369,13.8994921619988,14.0227193425562,0.403099374062652,-0.72097843034865,0.0502281620811034,0.680328051324598,-0.202945057489842,-0.154063273387395
"Q497J1","Q9JJ06",9841210.89656733,1448688.07339091,1517744.96245168,0.84656148167767,0.265192482071679,0.277353095848095,0.270168092208089,2524190,0.809175487805903,13.68741636618,13.8760371985101,0,-0.72097843034865,0,0.680328051324598,-0.274405549538378,-0.293016076846007
"Q8BUY5","Q9JJ06",31323724.8473874,3805010.06,5488241.57990768,0.561957857779112,-0.345955508281481,-0.254006377025319,-0.445283685140304,24938214.5,0.984758799053971,14.231419185464,14.3548937268296,-0.75786942514739,-0.72097843034865,0.648119193414978,0.680328051324598,-0.0865532848501557,-0.0102901792303246
"Q8VE91","Q9JJ06",10006649.9798754,1426551.82545455,1586332.84057876,0.553176436482137,-0.129410968548422,-0.260643222814305,-0.027680578789157,6167768.5,0.947407451405755,13.5358158979393,13.4910514933726,-0.49479220188023,-0.72097843034865,-0.0506817037593208,0.680328051324598,-0.19934133752322,-0.225820414734243
"P28230","Q9JJK5",6084179.56721792,688294.7025,1099478.17914974,0.600075115933597,0.656668224528089,0.641377102164924,0.675808902871798,4638190,0.857222609148429,12.6559907062804,12.7462630090855,-0.20051249784135,-0.700802943107991,-0.0973556086213076,0.715538802765098,-0.267611956115575,-0.243172285521677
"Q7TQE6","Q9JJK5",3968241.78118921,481445.108636364,695687.240207262,0.309950314009784,0.13697726406592,0.329608252019955,-0.0208629085112054,2846626.5,0.858895204807907,12.2116844093332,12.4554248641371,-0.680380297291624,-0.700802943107991,0.73986048726188,0.715538802765098,-0.258575738606946,-0.263292365639276
"Q9CQH0","Q9JJK5",10969575.434263,1069349.87025,2079929.89411909,0.527897568618788,0.120795302670971,-0.173678216511872,0.434921495924566,10240366,0.857190904993828,13.2374634783555,13.1415650790828,0.162308442605805,-0.700802943107991,-0.176782158589648,0.715538802765098,-0.231520617152301,-0.193638142340611
"A2ARI4","Q9JJR8",21802135.5166472,4080641.56545455,2225851.52449892,0.75899607944922,0.497220452446896,0.432020808942504,0.581795235142394,9325052.7,0.942731446532998,15.0664734919215,15.1569747713675,-0.780104875245788,-0.621461003453589,0.661259630562772,0.770156579531182,-0.0811142966163432,-0.162725156107605
"P19783","Q9JJZ4",1238896532.06792,154785944.490909,214027766.646716,0.834462962341928,-0.357758238698631,-0.458232748706369,-0.29429999076915,744411991,0.997056002499961,18.0345100236599,18.0018573302269,-0.781591045354906,-0.64294236305446,0.617859595402181,0.763655545877119,0.892512673237243,12.4244427401831
"Q3V3Z3","Q9JKK1",37405567.5881102,6497841.52322727,4623525.35924697,0.995657576822038,0.36942712053609,0.794104636233013,-0.0646689659851323,11791724.32,0.987046417065333,15.825682448495,16.1794816045352,0,-0.680059435340975,0,0.72985100466221,0.286746331263165,-0.258921661636252
"P15209","Q9JKN1",12598321.8380267,1926156.19086364,1871994.61391089,0.641080087353667,-0.211470236923559,-0.0255128989010569,-0.365503459759898,7595164.2,0.955149743322205,13.9452318402054,14.2049638782679,-0.604799544792048,-0.698947834686384,0.7567464385878,0.716222050541411,-0.197856405758339,-0.204431105320818
"Q9CQC7","Q9JKN1",278847734.177358,35675209.1136364,47556763.6233554,0.767684657173591,-0.40294051108613,-0.525294212131122,-0.276465122048141,217966318,0.995733836347381,16.7331580559979,16.9684612736004,-0.785430351704972,-0.698947834686384,0.612825509870594,0.716222050541411,0.707095011726477,2.50398577344371
"Q9D3A9","Q9JKN1",15673422.7456373,2592279.31799545,2108619.91907143,0.873855934127635,-0.197774192407179,-0.0889934598555691,-0.282908659078866,8501366.7,0.97736494281496,14.4674703159232,14.6319905766094,-0.673961409735315,-0.698947834686384,0.0329844095259427,0.716222050541411,-0.173273300196232,-0.174619814152546
"Q9JKW0","Q9EPS3",51863047.1987424,8690674.63181818,6836278.56799883,0.800655412602546,0.00151227348034436,0.111440298814044,-0.079293285265069,29147482.2,0.982153401702641,15.3835299221002,15.8873679817391,-0.683458475594234,-0.639343948708766,0.73195402569152,0.747014566604548,-0.0335045485673203,0.219317834660744
"P52194","Q9JLJ4",28792409.8977958,2949744.62103636,5383396.25176492,0.74819810898377,0.226380008297556,0.352631402779208,0.0790955004884526,21236609,0.918000793739272,14.0066119663658,13.6636900012463,0.619523280962391,-1,0.446223403224521,1,-0.226322055735437,0.167947098112761
"P56395","Q9JLJ4",320525245.800354,45348649.2236273,51120816.5634077,0.978002403550764,0.526808450424168,0.440410500103971,0.599312010296895,206521995.75,0.998122556162924,16.9284157764641,16.2447756135478,-0.70102356132288,-1,0.708003741935363,1,-0.0798439122472848,5.31053139109591
"Q9CR60","Q9JLJ4",33721210.9383798,6484444.26908182,3104715.49433268,0.925174927304375,-0.364710793479702,-0.190711343369575,-0.497806797549795,9411349,0.985821295399168,15.24156676243,15.3630129584908,-0.637087257864266,-1,0.771532163681314,1,-0.290008397458771,0.0169935172391129
"Q9JLL0","Q80WJ7",80105477.7513567,14149135.9090909,9564447.73947851,0.859988363881386,0.187137387932068,0.172432502438022,0.192094248149138,45399000.5,0.990911374678725,16.2282452896035,16.4378246256952,-0.736376490611112,-0.687456240427792,0.676331708208949,0.713791601098015,0.499414844571381,0.0539049685220492
"P00397","Q9QUJ7",12902157.3159923,1552694.80863636,2270629.84547694,0.494264563707236,-0.187135914171665,-0.191045150637241,-0.193441035792604,10013114,0.970756740649246,13.5082155127433,13.6125058929983,-0.759378852668988,-0.73374709317126,0.646864316537573,0.717975502234312,-0.202547992664046,-0.175157231953667
"Q8BGY5","Q9QUJ7",5955316.10694864,1032517.50697273,738910.656586253,0.942426645577695,0.0302809966367391,0.0670588340509173,0.0102163811408934,2162394.58,0.983643456701711,13.769024405796,13.9466284917887,-1,-0.73374709317126,-1,0.717975502234312,-0.268811893766563,-0.272502849038441
"Q80XR2","Q9QUM4",11084800.7520107,1770985.92678636,1564843.91246771,0.755879376600598,0.0211283232415084,0.132056088919066,-0.0859503707102529,5367867.5,0.978123774181317,13.9060096788726,13.7547022617874,-0.674438404795522,-0.00661878312183346,0.73289487300537,0.489771758127471,-0.213101933035976,-0.21565014163259
"Q9D8H7","Q9QXX4",122555792.62201,9922823.34202727,24171498.0518127,0.532379242032573,0.403796186982726,0.459742539492956,0.35192336967602,98172705,0.976669148672127,14.2380776673357,14.1109739456562,-0.148930264847432,-0.668567344541704,-0.272532584185846,0.741598015753206,0.940590733246936,0.302368052117983
"Q8BGA9","Q9QXY9",19587410.7897544,2996463.02272727,2908711.5799862,0.454776531826675,0.0318643953060045,-0.203370459596335,0.26428107463346,11479505,0.819281476599083,14.3815282636369,14.4985637157919,-0.717237277039796,-0.82170499944582,0.713662187469713,0.604632135931724,-0.173946851458965,-0.144665194302577
"Q9D7B7","Q9QY33",8049241.20583923,1306985.65,1112115.74007405,0.342099619093763,0.23596088234478,0.0822820626429991,0.293016319123993,3953161.5,0.874934224919732,13.7131140006284,13.8117944618239,-0.646001474638692,-0.282885210297456,0.835147424757204,0.691431633383181,-0.242865280648168,-0.226434953348256
"Q8BH59","Q9QY42",385114891.108618,39309876.4136136,72085056.7395668,0.907709440678747,-0.0764519503914823,0.0454392960677537,-0.225355877281393,43914459.75,0.999190828726309,15.9672520457772,15.6905937359233,-0.780093603573337,-0.629056280875298,0.623978898627903,-0.624520316073594,-1.20750257916035,1.00665602520144
"Q91XC9","Q9QY42",27250295.8958981,4342332.63634091,3859756.62487648,0.91187140247482,-0.0769433519016408,-0.205502140933996,0.0583330143957666,16930583.37,0.985659750439702,14.7589183438433,14.8314197923098,-0.773142173320334,-0.629056280875298,0.697997317248757,-0.624520316073594,-0.187702251378291,-0.147189379516134
"P70423","Q9QY73",9651926.24978854,1771193.1164,1047571.41454406,0.843257792312981,0.0783382979032199,0.128519157912572,0.0325910613291017,3297009.75,0.925243092809713,14.0399750181032,14.4607350887054,-1,-0.699129881489966,1,0.712288876186328,-0.214231936304499,-0.255298131225631
"Q9EQQ2","Q9QY73",9182075.50102136,1481533.18636364,1279591.8684545,0.296884289441451,0.378400477557079,0.461647093964956,0.269470928783821,5684282.5,0.682539731327075,13.8937844592119,13.8834678410393,-0.843741919523925,-0.699129881489966,0.540991652226192,0.712288876186328,-0.248801760112296,-0.220278533780886
"Q8BGJ0","Q9QY81",6961562.00317061,914032.292259091,1169369.1935001,0.86155332113081,0.521374181215451,0.501234791288385,0.579409137855124,4229730.12,0.973995879211969,13.248325258598,13.1153358152506,-0.807218262971274,-0.0210325021257051,0.919440454740266,-0.180000085879719,-0.207713644660123,-0.276150853141386
"Q8R1V4","Q9QYA2",73421747.613031,12009826.7272727,10039835.1718884,0.369318899044724,0.198052632677323,0.0620979681580334,0.298830602844951,34421382,0.764337861977485,15.8066683452672,15.9068787210987,-0.696211861675457,-0.708365545105253,0.706833063209031,0.718763426669402,-0.214291234235934,0.0627360374929031
"Q91VS7","Q9QYA2",454028598.448932,51299208.0909091,82088249.5447056,0.525258127396716,0.19229182355335,0.176136720003941,0.195208271878748,366863525,0.939094955484867,16.6275871226964,16.683055326317,-0.724000227664389,-0.708365545105253,0.689412095645799,0.718763426669402,0.538271552159561,4.38822003883385
"Q9CPV9","Q9QYE5",5403637.78611098,553294.400981818,1010498.03319529,0.550868785075709,0.156167408060254,0.1113432582506,0.203201049541991,4826902,0.867047655717672,12.3510180361986,12.1717924991059,-0.599885125099483,-0.446415759173572,0.669103319194239,-0.220114792063282,-0.240932664168995,-0.183825025691649
"Q9ES90","Q9QYE5",1617984.70549145,225105.06385,261384.785347385,0.814248451745761,-0.146156961787182,-0.0527033938697108,-0.228066359272152,440145.5,0.944890561134879,12.5909162752268,12.6711389813774,0,-0.446415759173572,0,-0.220114792063282,-0.271736112246299,-0.239373972378489
"Q8BMK4","Q9QYE6",41024258.3423896,7165061.06363636,5016117.52952007,0.538100521033724,-0.354383978641909,-0.25255716947562,-0.441420428052201,19994809.7,0.971190651690558,15.3948780230874,15.9063179546594,-0.679076715373061,-0.674845706625048,0.733985447725434,0.735146949058005,-0.140270345055987,0.0890689593750428
"Q8VHE0","Q9QYE6",22481041.5328393,3464452.05454545,3312125.18675268,0.393933294127366,0.495282766840764,0.398009972397134,0.661885858468384,16163310,0.863128968214321,14.6276666659125,14.9477761591518,-0.837023527995168,-0.674845706625048,0.535634634222033,0.735146949058005,-0.20534189208063,-0.0999282777662608
"Q66JT1","Q9QYI4",13518219.3961033,2038794.58998636,2037101.56480984,0.735133227307592,-0.132378018004666,-0.0272671364362164,-0.361728221601062,4656934.1,0.972513258120259,13.8697604926155,14.0092373805907,-0.141514069651853,-0.721506592415733,0.860172314519674,0.692887366097487,-0.210915364189171,-0.24392458229888
"Q9D164","Q9QYI4",21504079.4487642,2743935.81090909,3672894.51610901,0.536652217388349,-0.0545580984827878,-0.0637968498912125,-0.0590380870525567,17699485,0.962275947663134,14.1519628063267,14.2270630055728,-0.692763377974726,-0.721506592415733,0.738118241536735,0.692887366097487,-0.172134163999393,-0.108295335213664
"Q6P9J9","Q9QZI8",27260290.1214595,3727594.09545455,4459078.31495506,0.37656864257101,-0.10064771782043,0.00861337563620347,-0.162521610433932,21111263,0.864419049542333,14.4663280501426,14.8898131674553,-0.694758983626941,-0.569315779808527,0.718751016485348,0.790866362033302,-0.182389317010683,-0.050910127415529
"P56695","Q9R049",29976617.0272995,4532952.09545454,4505295.69712787,0.444271911702909,-0.0349383901394262,-0.208663004300007,0.0951448429083803,19079340,0.845065144906224,14.8876326750734,14.7252455148852,-0.674571696149115,-0.665199556667884,0.738219367094742,0.80056262317346,-0.150515982546853,-0.0441020646749604
"Q497J1","Q9R049",16560518.639984,2897126.8943,2018068.431901,0.897306367566391,0.360164417504113,0.535504359304224,0.276666521590003,4861360,0.91452385691358,14.5363095120315,14.8015412848258,0,-0.665199556667884,0,0.80056262317346,-0.176365143567386,-0.281854735908016
"Q9R049","Q9D880",17126776.0989467,2659092.29545455,2502448.61137905,0.404203291297713,-0.0154855657392541,-0.187151501649795,0.0210881622734689,10892367.8,0.874114409238104,14.3255190644919,14.4509379375897,-0.665199556667884,-0.739640831737859,0.80056262317346,0.679137495526891,-0.176191652923903,-0.185972937601365
"O54734","Q9R0K7",208031423.86356,40742655.9045455,17526428.2147428,0.922653181469624,-0.267293723940098,-0.295392883175422,-0.26925120727766,79548452.5,0.99451523331027,17.402061217951,17.5670446843492,-0.798636432935528,-0.599313638929755,0.602244201777749,0.799745678409603,0.423137421552832,1.63439244659361
"P03888","Q9R0K7",229931603.246681,26752300.7454545,41078339.2809252,0.88257243527047,-0.155152499824194,-0.171608990923318,-0.159920234283847,172650354.8,0.995899944020444,16.2406074836607,16.2971972625611,-0.757352465918522,-0.599313638929755,0.649914374688134,0.799745678409603,0.693013014604339,1.86179247539652
"Q4VAE3","Q9R0K7",116092482.702486,13632283.5090909,20658481.8143651,0.752297598715721,-0.110353206654807,-0.139403641569614,-0.102763936651405,62697426.2,0.988522776852115,15.2300307945533,15.2815023396302,-0.783350222703534,-0.599313638929755,0.617368428808987,0.799745678409603,0.358850621424123,0.679703137110591
"Q62312","Q9R0K7",41150756.4350665,3174162.52454545,8179041.91174317,0.477603219902413,-0.267649068219351,-0.103054854190114,-0.409005763249921,38037808,0.989736898513493,13.2883561810047,13.0873660822419,-0.751659445217773,-0.599313638929755,0.6700877845378,0.799745678409603,0.104410768528237,-0.0984787115907455
"P70206","Q9R0P6",79221894.0772998,12202792.6227273,11677735.7116838,0.637888446237697,-0.233358463003617,-0.0663638049933968,-0.385082930802989,60425880.5,0.976696388003097,16.0316786625466,16.1111770309104,-0.669256657591786,-0.689097808990837,0.746895616781591,0.725668553072733,0.467855696494568,0.0188009033730797
"Q8K3K7","Q9R0Q3",361206441.109211,41518034.9909091,64859167.0291179,0.520673923223023,0.173958916160589,0.384786217418667,-0.0484608100599934,264407800,0.916486835005898,16.4581015227779,16.1893121526253,-0.715617535575376,-0.722154304578816,0.714798280062232,0.688322375581844,0.395967056833859,3.28266440755073
"Q8K4X7","Q9R0Q3",71415304.0900479,12179446.8,9137060.70324524,0.669992475413125,-0.39827896589676,-0.32796882892132,-0.525668675648648,43309513.5,0.981010477003825,15.9900211848606,16.1682436764483,-0.710456688655166,-0.722154304578816,0.770804347797689,0.688322375581844,0.362295654853569,0.0135712511495653
"Q9R1J0","Q80WQ6",54701310.0143899,9265875.57727273,7081959.83594105,0.705742420382818,0.0961904959563027,0.113092321362632,0.0835631665772627,29550062.5,0.931049824553306,15.6278502905571,16.0158793560702,-0.721503691364509,-0.685114897703894,0.696680798144179,0.728064006319278,-0.0439059613444501,0.236253988082215
"Q9R0Q3","Q9R1J0",45575183.1628405,5945718.45454545,7685177.07145199,0.266878160149124,0.333303993925103,0.565107834718551,0.0923276861686466,37361077,0.848999100294366,14.8968680608049,15.1631880320638,-0.722154304578816,-0.721503691364509,0.688322375581844,0.696680798144179,-0.277922434441133,-0.144288889545277
"O70496","Q9WTK3",9848425.42446936,1448990.02727273,1519582.73519629,0.228188109061037,0.193960237676868,0.141243092188604,0.23223030207248,6503180.5,0.726365260442969,13.7776136038215,13.6681878802588,-0.786561260337624,-0.733516909945444,0.599664984761917,0.69394791904118,-0.241423223689711,-0.245286240574283
"Q8VCB1","Q9WTL4",2312896.27158994,436672.979513636,229074.894493015,0.874520597396166,0.126732243421506,0.100796617120198,0.155289549053289,340385.93,0.793878843156879,12.0490340193701,12.0462938922279,-0.654080068014039,0,0.740581577288397,0,-0.293083960495626,-0.292803372328163
"P15530","Q9WTS2",15157120.6274633,2094160.06593182,2461126.54653326,0.81693853602229,-0.0410923336698184,-0.299152083253089,0.212915695390667,9652815,0.845968771519694,13.9578655051406,14.2473167415288,0,-0.685739200421467,0,0.72020679156824,-0.204849636632123,-0.207567449901324
"Q6J9G1","Q9WU03",7637339.87104877,962799.866059091,1313138.52866254,0.764238702441705,0.707468656828077,0.789203694909395,0.627102613258584,3201901.26,0.98109676481975,13.3097251216637,13.5198484845455,0,-0.0486925252800648,0,-0.0724815712396482,-0.277555094163813,-0.287177235843254
"Q9D8B1","Q9WU03",8372372.64132379,1010957.23626364,1471113.73868118,0.492923731781066,0.625759357791688,0.706756518512662,0.521707176853312,6220647.75,0.84173513774426,12.9055104297461,12.8505487485796,-0.785102967336135,-0.0486925252800648,0.617907133449006,-0.0724815712396482,-0.217269035968751,-0.245503275245787
"Q8BQU7","Q9WUP0",13930878.0098076,765365.948045455,2869764.73035316,0.848751006142895,-0.0702303548664327,-0.330741854890338,0.198783712730502,232632.82,0.85787705457641,11.1906073866237,11.5497909791298,-0.0824469059848534,-0.715917352362774,-0.111373155131047,0.698196860842959,-0.336334162892748,-0.355478235230515
"P48771","Q9WUQ2",286689747.231591,39082948.0909091,46994448.8381469,0.394996336972329,0.323679170594114,0.489892556611086,0.221343436330657,184814333,0.935036129709805,16.5420243156008,16.9766114965427,-0.765463353881097,-0.77499262535096,0.811828136114397,0.624622110284576,-0.0996500707298826,2.08413755878193
"Q9CQH0","Q9WUQ2",124446307.556281,22288924.5416136,14392813.8721979,0.913684140493223,0.284954190873796,0.258424113647345,0.338970347797048,77584540,0.984709146831451,16.7619104517561,16.9284131105888,0.162308442605805,-0.77499262535096,-0.176782158589648,0.624622110284576,1.24989039866139,0.0894091536390793
"Q9WV18","Q8BKG3",25379079.5605006,3970972.88765909,3675396.7905687,0.835059767136226,-0.187172127112362,-0.0583789655842603,-0.340294667730602,11222113.2,0.98784887716025,15.098095861722,15.2534198992253,-0.826080244089541,-0.801135137763663,0.606676749542382,0.570198422084339,0.0280496506650665,-0.233340688916765
"Q9CQX2","Q9WV55",342843901.514538,52481628.8636364,50877245.6309123,0.397961066409411,0.0375361432889901,-0.2583157410745,0.281602356819602,228250275,0.846572860590531,17.3023215327218,17.4903041464406,-0.738862233313779,-0.643366857955258,0.675151967818816,0.784887908177709,-0.151950248734272,2.10721995074343
"P00416","Q9WVK0",80049853.3114508,5914088.46772727,16009226.433947,0.556089925970195,-0.158313150773968,-0.22518610233008,-0.0736931376148259,77972504,0.992577965150926,13.9769745916275,14.1146569136746,-0.0319264609567189,-0.470271356043344,-0.19704657364451,0.768125861742403,0.146396867951936,0.559834084951853
"Q80W54","Q9WVL3",32075999.689304,6064095.04545455,3161258.98554738,0.476419870314846,0.121588745969414,0.172709964992206,0.127848474395573,12139402.5,0.945891177419535,15.4599588013615,15.670210775758,-0.744633320922481,-0.712943462715952,0.668998483803993,0.661985839881725,-0.193302978161873,-0.108203524906064
"Q9Z0S9","Q8VCD6",18648333.9331911,3299355.25686818,2218455.29839288,0.734808888805308,0.0299636523435326,0.0172746453316331,0.0422115943772705,9170190.48,0.980697762166486,14.5848905955642,14.5713984727359,-0.602342745742688,-0.399777658869193,0.797969068129382,0.234650810924578,-0.200081544513632,-0.114897715672942
"E9Q9K5","Q9Z0U0",105762776.412957,6256776.53179546,21663254.726991,0.704221215204863,-0.202882957442834,-0.112844914626663,-0.311179989774669,105041753,0.995031612708558,13.98114011933,13.9616150542323,0.0153069740621779,-0.697608208404109,-0.223445689835631,0.708036933361696,0.399678965586437,0.757341724946641
"O35683","Q9Z0U0",117619246.742283,13021025.3363636,21430915.4201431,0.680425027827429,-0.337178905434253,-0.47410745231573,-0.206330189873465,86487780,0.993145295753377,15.1077260581655,15.6262535716046,-0.756747663987885,-0.697608208404109,0.650080015896654,0.708036933361696,0.319907025360993,0.876127733864369
"E9PUL5","Q9Z127",133633827.301641,15081397.46,24171857.8983363,0.927708839881269,0.0176687894467419,0.0255199202168901,0.00980067889821533,101094083.75,0.998537893943953,15.7585463738525,15.6885883977849,-0.712573566778942,-0.724289080712826,0.700599883571831,0.69013048404662,1.04762588592102,0.184467591641657
"Q9CQG6","Q9Z127",132759015.965375,14675105.6545455,24202802.5694144,0.704417341425788,-0.146268402326185,-0.16399088815636,-0.152149091730442,100921253.2,0.993103432992735,15.395133810779,15.5731603163961,-0.774611509947965,-0.724289080712826,0.608773045110598,0.69013048404662,1.03099566280491,0.17512614750334
"A6X919","Q9Z1P5",10757500.4284365,1650179.92049545,1592821.28952018,0.590578711027695,-0.037984782392638,0.017781829861963,-0.156487837559648,6686333.5,0.956943452241438,13.6369713373312,14.0140948730238,-0.810814626546894,-0.166505184872805,0.567519245712159,-0.0161293328203532,-0.227482651898573,-0.194834735243675
"Q9Z1P5","O88324",3258171.79278915,489551.222368182,492819.100419343,0.718813812996163,-0.206265396363972,-0.385884558484,-0.00340629761603822,1441004.75,0.807645168626195,11.449604753645,11.9744622472218,-0.166505184872805,0,-0.0161293328203532,0,-0.28647127781932,-0.322545957627141
"Q64729","Q9Z1P5",2570191.63962339,396366.134131818,378366.740927653,0.393303991705161,0.139345591855529,0.134831444392237,0.155359855537451,1445679.75,0.813947211244345,12.4312528121761,12.7639147798312,-0.820863911926359,-0.166505184872805,0.570948079105237,-0.0161293328203532,-0.273262360035961,-0.275479081378465
"Q99JH8","Q9Z1P5",2408227.00165504,343458.218522727,381644.720456003,0.358070932289957,0.154917384473204,0.243495143998597,0.0617636169505231,1861995.25,0.824571989583897,12.1617068455699,12.1807619982326,-0.628225965577306,-0.166505184872805,0.768306228977958,-0.0161293328203532,-0.275627485743684,-0.278081348240329
"P61804","Q9Z1Q2",99429228.0837428,10038717.9090909,18670714.230929,0.304373295263801,-0.271964905722464,-0.0392347054494299,-0.477272119347342,93810205,0.94626696179318,15.4003152837876,15.6310917168638,-0.720128877963089,-0.638492885284592,0.689820695261193,0.801520217856417,0.0381308646430977,0.463980503053889
"Q9CZB9","Q9Z1Q2",54638536.9947416,10411906.7438273,5224061.81224011,0.870538330310236,0.192822296157802,0.266264904302766,0.133086480320128,19042928.7,0.97442805799661,15.9948505271915,16.1752082115248,-0.78631961716573,-0.638492885284592,0.5910122590278,0.801520217856417,0.268610423734987,-0.0424597791019906
"Q9Z1Q2","Q9JIG8",33945602.8532692,6021176.41818182,4015331.48737302,0.36355730344116,0.374352346720807,0.0862752149248591,0.549149095873312,14015407.5,0.807518461088099,15.3105978824332,15.5779127891238,-0.638492885284592,-0.596911736557105,0.801520217856417,0.797757756154838,-0.262326879729912,-0.173836928441328
"Q9WV55","Q9Z1Q2",167977084.205554,29149271.4545455,20805746.8447833,0.518564117768548,0.0865308143451311,0.0326969739283955,0.0541520619957542,95251017,0.90095455044489,16.8592183821783,16.9838317321059,-0.643366857955258,-0.638492885284592,0.784887908177709,0.801520217856417,0.00999493753453188,1.22427460406075
"A2A699","Q9Z1X2",13829929.0079141,2244381.30454545,1912251.08516464,0.609518261430242,0.0293140318261163,-0.230935636429782,0.327339029200273,6607722.7,0.934257109394429,14.0487166962488,14.3545927036085,-0.709534836176788,-0.743671420341022,0.704294834202665,0.667445222072363,-0.168830886639707,-0.198790560748215
"Q80TI0","Q9Z1X2",10645760.327663,1710093.93045455,1492328.03840387,0.472812332509153,0.440967849711059,0.300656909725347,0.635357338001308,5408802.5,0.914877473154046,13.7316787086509,13.9696561234927,-0.766716509181966,-0.743671420341022,0.681541886035335,0.667445222072363,-0.218678631339463,-0.235927420760482
"Q9Z0U0","Q9Z1X2",12910567.9043667,2087794.63181818,1793767.77496407,0.580934350676393,0.309206852560721,0.216023488622138,0.404309518517168,6018080.3,0.919540229885056,14.0779120795162,14.3156127094922,-0.697608208404109,-0.743671420341022,0.708036933361696,0.667445222072363,-0.170746714394025,-0.208162670426672
"Q9Z222","Q80WJ7",81947543.944775,14487540.0427273,9765072.2564218,0.880198238059096,-0.208508213584936,-0.231711059782776,-0.22401419824336,45132462.75,0.98451370094377,16.2234407617596,16.4533229718483,-0.786657581423036,-0.687456240427792,0.698660728992686,0.713791601098015,0.519319810456239,0.0750651517879742
"Q8VCM8","Q9Z222",58071362.7452221,10576421.6790909,6436218.0783311,0.867938418966448,0.0316762387879657,0.0545572993983709,-0.0605996029347903,24868076,0.984881180840839,15.9669816461412,16.0168208363875,-0.763438569186908,-0.786657581423036,0.637999768001287,0.698660728992686,-0.0142289446371486,0.2807103616054
"Q8R090","Q9Z261",72357794.2791962,5792671.27740454,14297869.3602372,0.908287474873493,-0.0378731446817314,0.0856923614913998,-0.0786619253477268,66433756.2,0.991789237674709,15.2361660832479,15.6932250457373,0,-0.213599142954335,0,0.0664343368849444,1.54459363576296,0.0430295951676271
"Q9Z261","Q8VD00",68934919.8212052,5950855.25518182,13438317.4150656,0.690941725692835,0.168628395906152,0.0590320933926908,0.310779429384874,62051417.5,0.964114433857504,14.0999902815398,14.2840376414026,-0.213599142954335,0.105465966458606,0.0664343368849444,-0.121644932925703,0.0126476647102583,0.57298205080402
"P56677","Q9Z2C6",26125688.7402696,3244384.12388636,4527587.09870682,0.613731826811321,0.160735505767403,0.274607909541575,-0.112310834006505,19322256.25,0.967179430065218,14.2500398948968,14.4543466565436,-0.0303409260326765,-0.0789052857330141,0.00425676286914813,-0.202197073986968,-0.147161689469808,-0.101492697951933
"Q8BK08","Q9Z2C6",25376092.7004204,3588405.37811364,4048903.95534556,0.606827843069537,-0.152705819474488,-0.561902468681531,0.350515630439563,15124606.67,0.983453278910087,14.371189843563,14.391642354061,-0.736231474195071,-0.0789052857330141,0.695989194871057,-0.202197073986968,-0.12290286577286,-0.125799149201974
"Q3UN04","Q9Z2G6",15006897.020095,2482723.81140455,2018108.61778596,0.742549315279011,0.184905888014908,0.331257327887085,-0.110390693512427,10089198.5,0.956483374946193,14.496509406188,14.5299169025947,-0.614948290751885,-0.802556205386303,0.674084213573561,0.610911200240889,-0.147113783206009,-0.189587612863439
"Q8C3K5","Q9Z2I0",89512313.0296533,13114082.1850455,13864462.173098,0.950148473392131,-0.00010224382510979,-0.0344064463613151,0.0433833312476152,28245060,0.926695263086405,15.2256769921621,14.983079226587,0,-0.725471784367028,0,0.691407489197462,0.364142210580923,-0.50691845106288
"P55086","P58196",18893800.9010291,3148202.90287273,2512963.83415795,0.910981308167521,0.00456628120697831,-0.117917944757464,0.170527828855149,11096787.68,0.981957316007445,14.855080981451,15.0118932702807,-0.855855867615114,-0.757581101091041,0.57040214823537,0.428204737073732,-0.0409388622231361,-0.194326279547153
"Q8BG55","Q9DCF9",27006844.738312,1939643.10401818,5421342.18771286,0.819734395191555,-0.0447972367485549,0.0501053143878977,-0.163751151731883,1610948.8,0.877812180584178,13.316649854564,13.8003575792789,0.2416894033375,-0.777858265581879,0.959536091399188,-0.353639676585581,-0.285059651343073,-0.382854472928263
"P97926","Q7TM99",1794523.87051751,224487.661377273,309811.69496553,0.641811290463578,-0.155889748405663,-0.0543018756824927,-0.295731985784193,356929.25,0.603582983533874,11.0009058082818,11.2037977174516,-0.811999483801168,-0.713051775013897,0.923563385128184,0.806794140456965,-0.31556502244227,-0.352453239603054
"Q8R0T6","Q8K0S5",16273540.5637957,1057087.02948636,3304573.94274499,0.581829331314549,-0.17067720254633,-0.138889099426255,-0.200469463708908,692003.63,0.924376343131888,11.7056006458087,12.2072117360102,-0.751273153603393,-0.834898584003477,0.433341903051402,0.673156229873636,-0.313318527728982,-0.339137036003211
"Q60612","Q9EQK7",11180694.5261166,1293605.4843,2002189.67415099,0.967364352264,0.103617182224921,-0.130709588154383,0.364378851348006,7651620.17,0.99264005445687,14.0042585503793,13.7758499295312,-0.712883610290424,-0.79867867230008,-0.268284332093294,-0.128773055438674,-0.111478992853671,-0.249812728422103
"Q9CPV9","Q99P65",22464102.4688173,3526904.1991,3240207.12495697,0.764832604555516,0.0686870736051862,0.233805095659679,-0.161079300685453,10279100,0.920274498830433,14.5112181881258,14.4842521588784,-0.735486432805863,-0.754949812364742,0.675946829433081,0.637324625301662,-0.0841288040995407,-0.18994192342414
"P33766","Q8BRK9",6833379.51069476,1061793.9022,997545.559239884,0.86430231947426,-0.158176825723788,0.0536512396675129,-0.372338440664515,2426712.2,0.894937468556931,13.3371065016327,13.2454276809627,-0.849460899170723,-0.854576617511807,0.896359439164414,-0.162374119792839,-0.293523899647369,-0.27635193830147
"P35363","P70302",66395762.105943,10949718.5861182,8971363.04910588,0.993538989010145,-0.122818588164788,-0.318018878132167,0.0920835231933925,11449174.45,0.996848069978869,15.9838911845308,16.174171056056,-1,-1,1,-1,0.320690862087977,-0.480159379558471
"O35457","Q6TCG8",591222.516340992,76090.4429681818,100491.845572506,0.583726355730872,-0.126074092279013,-0.0595811586981484,-0.230136004973642,37199.92,0.250013441611772,9.9993131710576,9.9993131710576,0,0,0,0,-0.367938392086715,-0.347437600680568
"Q04573","Q0GA42",3729360.89780024,321026.651559091,727413.045843533,0.668505100506153,0.43439636878166,0.513708141771241,0.466609525178949,3430881.5,0.800207743997446,12.9862530373977,12.0099125564153,-1,-1,1,1,-0.260724793849957,-0.251193869822051
"P51678","Q9QYM9",4749696.10149018,282846.330690909,972334.772765442,0.384651827531684,-0.0650175481797602,0.0076988535209867,-0.148266545133329,119454.23,0.316106571854452,10.8999474813782,10.8999474813782,0,0,0,0,-0.374044163345557,-0.301642058253717
"Q60613","O35372",4698746.25971291,713690.460618182,702994.465077896,0.795417677614763,-0.0941645260498363,0.0147570170904717,-0.296450166245115,1612966.35,0.924861439190678,13.049567212235,12.9682202305838,-0.782741577264926,-0.807360465810512,0.798949235790733,0.52065617989972,-0.307903464136181,-0.285960727192033
"P70263","Q3UHK6",8323048.06437249,848615.17695,1558406.51823582,0.76360889559146,0.143301076437077,0.176312637571527,0.0921453401160029,7195959.9,0.986095753144488,12.7037247272678,12.6953534517183,-0.911347417571673,-0.695644325851689,-0.383338221248188,0.998831401101895,-0.134001144205184,-0.263859201384711
"Q9R1W5","Q8K4P7",34343616.1398561,2775728.37674545,6775561.94613286,0.746374760915474,-0.108904426908453,-0.104705161131564,-0.122301956254103,33473073.93,0.992985598803466,13.8823424334923,13.9790039527046,-0.718563481291662,-0.724274667051766,0.3981986497647,0.402813287550681,-0.132791940090061,0.165145102733693
"P35343","Q9CZB9",3386378.18491565,547769.201759091,470320.637561866,0.774179027657535,0.0776270531542704,0.0930958852347672,0.0471681599892065,522890.2,0.551763796518743,12.5849543016908,13.0001768784324,-0.455033178706797,-0.97110142365125,-0.492400714598474,0.94325420484056,-0.304497745990152,-0.300090564479854
"Q9WUK7","Q8VD31",35116796.796261,5656198.54475909,4905250.49735539,0.977666253984077,0.198750545849663,0.28318878947275,0.0423488239990426,8994770.05,0.981799954275004,15.2979467705026,15.9124941001184,-0.82776196545665,-0.920261799061169,0.861110140926298,-0.99480859854639,0.205616231603815,-0.289612211347464
"P47750","P97414",13059010.0435197,1556641.46338636,2308372.36159444,0.768588915543257,-0.193180655717756,-0.511486953095223,0.209757154327175,1071586,0.723119197459463,13.0355736717268,12.9910906891284,-0.843146820131575,-0.517934060342588,0.490426373157894,0.295663761395394,-0.257344560112728,-0.328893919131343
"Q7TQP0","Q3TNW5",4070952.3879652,485860.693236364,719195.252726423,0.482903927267621,-0.0977497099167182,-0.421653535965549,0.23372596160524,31332.05,0.16126306059115,10.35242872999,10.35242872999,0,0,0,0,-0.36250097388867,-0.338705718347859
"Q61088","P31809",31340108.9446539,3540780.37197273,5666430.91342952,0.682153087113817,-0.140428757451985,-0.185701691276865,-0.0639595768747774,22825979.38,0.987548927229078,14.0836529544693,13.9905262810368,-0.684489082514549,-0.736337176289819,0.866531256568753,0.653688451849205,0.0601773986729375,-0.130216157294973
"P47750","Q8BH02",7645105.19378677,885415.836663636,1368484.3464103,0.709068569058561,-0.151058845336352,-0.0890563455331559,-0.19988356900321,887860,0.670887864395033,12.6828750204322,12.855642542278,-0.694970486310353,-0.382486934259057,0.723097890660741,0.63532197483744,-0.256312637226722,-0.294765032645492
"P97295","Q3TZM9",16543456.9414232,2529987.62887273,2457525.96142067,0.95422472726716,-0.0893845100489008,-0.302214595823317,0.22523227693019,2615221.15,0.960248451629331,14.3921059895311,14.466232975032,-0.574885512716399,-0.983652870812266,-0.145109055344092,0.794137549043366,-0.198693285855736,-0.306681029578665
"P47743","Q9CR23",13980445.2951951,2065485.20461818,2148951.22180162,0.881103340527338,0.178456855145125,-0.105261640851548,0.484444651781355,9398840.83,0.991872152316927,14.328933340233,14.3931307271695,-0.641580452959036,-0.438975382998645,0.82264346971102,0.584860311404133,-0.11627286834152,-0.20323887838093
"Q99MT6","Q921I0",6816742.91029166,1178968.89665,849831.411118299,0.91091972588112,0.0276640489543401,-0.0977610400699863,0.226267422701803,3262965.5,0.949676784872065,13.5945176194887,13.7242084333293,-0.982299777621509,-0.690425503603111,0.873814146460834,0.355797661304683,-0.235389729739978,-0.262047638097282
"Q61089","O70281",1203697.27862355,200483.668877273,160202.387035744,0.431809890788576,0.196768782040072,0.259938824482427,0.162049162552741,498386.97,0.857364840966405,11.4188287403189,11.886676282774,-0.655450434037308,-0.77269185710092,0.480087948616667,0.327560244798093,-0.317814952854117,-0.293842980665927
"Q99MT6","P56402",23818859.348299,1183532.44437273,4938354.44446937,0.461473767799843,0.202252151189588,0.214115453309491,0.181661710072211,23797119.25,0.979710376758341,13.5409601026079,13.5409601026079,0,0,0,0,0.22939659433592,0.0732514843873859
"Q9Z0L1","P01872",72441087.6710205,5963848.44927727,14246572.8570859,0.909399199369905,0.855833964369246,0.867165371529941,0.839882333394992,68236920,0.969044855796803,15.4964000589382,15.720045541442,-0.637126393122744,-0.766777317448497,0.883209065498451,0.928976884281906,1.3301741009707,-0.0285001281068168
"Q8BLG2","Q6X893",38180589.5087997,7254825.21895,3691776.23037882,0.974900745601397,0.252329441307987,0.357213253235367,0.229742693311857,14770035.75,0.991422922460667,15.7888443429023,15.6883729699868,-0.756265629912346,-0.761661616497803,0.696223537012694,0.494684133330175,0.158769792936096,-0.178617773481124
"Q8VGD6","Q3U2C5",3581266.19066615,571510.129345454,506312.125868401,0.777468997009554,-0.317947221708786,-0.341242231008497,-0.3024214099745,641704.5,0.657615844157301,12.409479305272,12.1953119564254,-0.749726748849158,-0.0244710802350439,-0.705698718807597,0.231733367257212,-0.199012927927102,-0.340609219217224
"Q9R0M1","Q6PDJ1",2923056.81605252,331160.596927273,527928.18247854,0.634944991216958,0.0602139122171468,0.182035129654028,-0.105567794696439,907923.7,0.72204773780811,11.8899618828479,11.9530398390474,-0.0968412266414809,-0.633370328334468,0.925430368383699,0.493464348381529,-0.307771200558203,-0.341165605553153
"Q91ZB7","Q99KW9",21973635.0540663,4180483.37100454,2114440.9400154,0.939375949074435,0.429156375264711,0.470727065828732,0.389227369065173,9247061,0.974294542384825,15.2259269408792,15.2228861461932,-0.810451459371883,-0.504908237506428,0.593211773349746,0.576257019352381,-0.0292174280257271,-0.16899495640563
"Q3UVD5","Q8CC84",870879.905035766,159986.142559091,94226.3621562639,0.864011894810558,-0.0736232193260716,-0.05642886195805,-0.0840397865662832,129140.2,0.403126964918358,11.7315603515517,11.7315603515517,0,0,0,0,-0.193819599414549,-0.291229634125159
"P34968","Q3U0Y2",4431880.88587363,632308.491109091,702128.568003352,0.832768330454225,-0.131009323299932,-0.149804017273238,-0.128355214930975,601334.33,0.758127517235409,12.7623474242787,12.8916874578912,-0.991928253223196,-0.947507741544217,-0.837017542745643,0.957566195455119,-0.286093213037547,-0.303516683122357
"P51682","Q5U4E0",1352207.7509201,197620.637045455,209900.370906909,0.842065640926334,-0.0399199605958993,-0.0320796256434881,-0.0753096643974005,265444.5,0.698793769299804,11.3931507268488,11.3336345642949,-0.75090508694624,-0.956361123076133,0.156518360207775,0.676748178159961,-0.302811670847124,-0.295753597068815
"Q8BW93","Q9R049",18396918.3520845,3254859.57403636,2188567.05118739,0.993103796097025,0.188207166987275,0.434214753851426,-0.00444556304297428,7797501.07,0.985992165807433,15.2303807613779,15.1070480463862,-0.235139711263997,-0.975132515838606,0.544977391924346,-0.738672078597496,-0.0333197551158452,-0.250916143763556
"Q9Z0M6","Q9WTL4",9817686.04914289,1182536.23973182,1727088.14689764,0.874141406658397,-0.189891444144919,-0.333706470972537,-0.0389759253774781,414148.57,0.74727054948328,11.8958432602058,12.2229732936026,-0.975217623885707,-0.800265828451686,-0.870184519659717,0.993856531401563,-0.322815571105505,-0.290582266767663
"P47750","Q9JIG8",42405952.2127716,7201996.33967727,5465396.33006826,0.919596677903512,-0.183756925213368,-0.3072309126722,-0.100712642405864,19486433.3,0.967241044606717,15.5670709393358,15.4123065252526,-0.694970486310353,-0.834065087526019,0.723097890660741,-0.554514537708802,0.161586184927895,-0.295465053218879
"P30730","Q5RL79",13441895.5854137,1142583.74135909,2628200.29675307,0.823401368048306,-0.109054348021627,-0.051382327380809,-0.198264720889048,443575.88,0.888821642549138,11.2375592131774,12.3061566398013,-1,-1,1,-1,-0.285839735687661,-0.375212691436135
"P41593","Q8BX35",2094710.21028919,127186.530904545,428099.912134585,0.456492313371326,-0.0955712956402748,0.00437873419156598,-0.178048346649497,42997.4,0.278251336981432,10.6689181846811,10.6689181846811,0,0,0,0,-0.358553181368422,-0.24317418089777
"P51678","A2RST1",5940059.40186507,499156.972640909,1163904.80445417,0.37801435824261,-0.0829924187643812,-0.683523856049624,0.653393309621973,2096911.73,0.904331133648958,12.8935227418661,12.1175105212988,1,-1,1,-1,-0.323638916988091,-0.317966889966806
"P97772","P04231",30333294.4223896,3387905.77689545,5508649.51420078,0.857428300027696,-0.196154116921731,-0.0612420271911395,-0.326633134227497,21822841.5,0.995887501908973,13.8676616118383,14.1500591588789,-0.689775442577992,-0.761956146035156,0.188637102817722,0.781066202370362,0.0753387101398686,-0.227708191774507
"P43117","A2AN08",4803117.00460631,957399.034995455,363346.121694735,0.937716141567664,0.248974520243932,0.325246514695946,0.154121660843592,1231178.5,0.881274211209819,13.8032936693826,13.7485247780636,-0.932167627612403,-0.972224031651825,-0.710059366288828,0.533525691170791,-0.214222613633918,-0.277705676510162
"Q8K458","Q9JIS5",29676546.2106032,2197064.7799,5933346.95810035,0.972259669822472,-0.0437279537661277,-0.0495625177742606,-0.0392868718436358,7830996.37,0.984886833475969,13.8316952490048,13.2530570224291,-1,-1,1,1,0.0445055504330111,-0.371601010489375
"Q91ZB8","Q8BLU0",2618138.7401882,449420.366922727,331053.401787053,0.876975188684876,-0.0764270707991534,0.10151857542047,-0.188911124565859,1031301.53,0.854923558648304,13.2443605240028,13.4512951129131,1,-1,-1,-1,-0.223334024468859,-0.288990241646055
"Q99MT6","Q9WUP4",4113552.5407295,775280.145740909,409989.457125045,0.917007732812175,0.524209777541832,0.559039527708535,0.485588796767796,1549588.4,0.913472260441044,13.8030133521825,13.7873422277445,-0.982299777621509,-0.651686130737079,0.873814146460834,0.457290175578428,-0.270988160488216,-0.272375173155439
"Q80T32","Q99MQ3",906325.584262747,123987.395204545,148204.838737998,0.625651636366384,-0.174169118998132,-0.125596010856617,-0.172962687638652,52629.2,0.38967389211871,10.192407220784,10.192407220784,0,0,0,0,-0.299779851236277,-0.188992342517449
"P56726","Q03146",1845245.29985862,275031.131213636,281295.986757072,0.373461626506591,0.557538749999616,0.645487693183496,0.497234990400004,1066679.5,0.723333876993088,11.9309249988722,12.3678642909178,-0.74909864094009,-0.819054048150298,0.855762301864065,0.735860782951199,-0.287383627708364,-0.281960308971389
"P30993","Q5SZV5",18569599.8656171,2520022.87557727,3053453.35580439,0.88927242279423,-0.162015609665796,-0.210584351654506,-0.128622112334701,2507927.65,0.972916338981664,13.8765205476274,14.2334356833104,-0.804604959281623,-0.802552065425465,0.522007231098251,-0.0756938633048243,-0.330009166726212,-0.230341325959092
"Q9ERZ3","Q8BIX9",2152046.23288428,304755.576122727,342983.689153508,0.569727097224269,0.440505720690202,0.441173274502282,0.503901461855415,1768506.25,0.764386358851167,12.2258675619292,12.2264163793729,-0.556569731877663,-0.722015849730711,0.411557307972186,0.266341138084535,-0.31552718622433,-0.288855491915341
"Q5NCH9","Q99PD7",496390.274486232,73050.4816,76575.3050748366,0.646451827478477,0.575029227117959,0.129709794445519,0.78150424073996,270852.5,0.636599740285671,10.3199885954654,10.0042316477622,-0.71219757465049,-0.584958888079422,-0.685736627145226,0.234805031148609,-0.30173973810264,-0.34570792134768
"P30987","Q8R138",13206540.7627909,2258135.27800909,1681866.79798879,0.708027011334837,0.0310355702495732,0.185459491995157,-0.258613285694118,6431593.5,0.98074379181646,14.3151891443687,14.3422235867247,-0.826687824082431,-0.758521288746413,0.785307942856951,0.611914500563771,-0.197786296732773,-0.206860221491703
"Q61091","P04235",14854002.1813336,1243260.76237727,2912637.35291566,0.751968058405304,0.0157464971893951,0.226071492307347,-0.1976891630758,12845187.6,0.994162443879207,13.8005635688148,13.8484153851192,-0.878048292953565,0.2582400437523,0.647469065357445,0.740420753198368,-0.0539014000517737,-0.201219123727822
"P47746","Q00560",10055503.9157928,1941277.29767273,909667.596093458,0.951513787914765,-0.193663045919001,-0.102018803366277,-0.30119353000936,3107914.37,0.959359407177069,14.1908978684746,14.3487595511058,-0.785273940901889,-0.69597686516192,0.153585446671428,0.203930089635437,-0.232287550075098,-0.268976111083171
"P61793","Q9D7D7",25949644.0419267,4481534.14115455,3244104.89279021,0.944728311323151,0.335195886314419,-0.154548691788847,0.628668541206968,13689139.75,0.991105285713213,15.1862371288213,15.2944831660538,-0.624443852989773,-0.669348833862956,0.340203538450179,0.363030209856632,-0.214074185202888,0.131343270081399
"Q61090","O35166",35003997.0920046,5752375.85454546,4754440.97198513,0.632210153802718,-0.252050017654486,-0.209707938525876,-0.264363723520168,23537358.5,0.960761783464605,15.2311889509179,15.348827129039,-0.752304033386591,-0.681009374172547,0.526104620664781,0.726728389441827,0.0407638942820936,-0.109872861829749
"P51683","Q9D665",4372364.63729031,643378.146677273,674570.329568298,0.611851980083452,0.0092411405591823,-0.0970479320246108,0.136547250364544,2346352,0.965797805991043,13.1082114344956,13.2458405743646,-0.787143982639921,-0.635528383691682,0.378763483850376,0.348572316768487,-0.270480030638906,-0.302781533261806
"Q8C419","O54990",46316539.4390204,4124381.41334091,8972154.75453884,0.700117510751793,0.0137758722130932,-0.361259524907093,0.351274969788884,39951104.97,0.952622393631138,15.0632114057887,15.3172525759836,-0.866712872564648,-0.858644276391248,-0.398703179228251,0.997727365338435,0.461469763217488,-0.124913077303598
"P51675","Q8BQX5",1137329.15839432,174046.877259091,168831.098208971,0.718528886330026,-0.293347810315908,-0.0840764311506034,-0.450950474794098,239379.42,0.515226488413671,10.7753135222428,10.7753135222428,0,0,0,0,-0.330601703967619,-0.340405090359194
"P70205","B2RU80",7098161.57434193,695557.387331818,1344015.28663999,0.444450666972886,-0.18062054434086,-0.0605741197314221,-0.302157573719058,6104386.25,0.978930040558317,12.3217659759729,12.5557261659852,-0.708011608723078,-0.645845211021401,0.707152371236463,0.774754554064139,-0.243139238168015,-0.233989991452283
"Q5U431","Q9DCZ4",208142077.042164,24134290.8885364,37239346.4376003,0.768405247050567,-0.285621222358652,-0.397746259403253,-0.122021630842969,79190892,0.996613816483517,15.6040263374255,16.0473906896817,-0.728559873946306,-0.629776806331298,0.121680768110982,0.972401612076818,1.03383243888342,-0.547960044773622
"Q9Z1P4","Q6NXK8",1118890.25411062,97240.1305181818,217829.296709967,0.350728758899405,0.183855852805972,0.00854073490370588,0.2980970143389,1001682.1,0.848309520198157,13.0082124495926,13.0082124495926,0,0,0,0,-0.320951969920168,-0.253521587367353
"P18762","A9JSM3",9286415.21611336,1186595.49743182,1584890.4798196,0.722678877734069,-0.123831609311208,-0.225978019590147,0.0335713113420523,6638241.25,0.968236472619326,13.4225656370385,13.6737499696262,-0.809403421869647,-0.767275125563346,0.178908561370751,0.363541437368159,-0.206685010058073,-0.228894904958459
"Q9D8I2","Q8VI59",4551742.73057955,623018.802531818,744037.158853452,0.603513566559135,0.470447341939475,0.594649571500045,0.359242204705306,3799100,0.882480522013499,12.9554448005768,13.1679558074398,-0.756546020842936,-0.746592916310117,0.662769948280449,0.541972359828723,-0.263105564662869,-0.255496200336106
"O54689","Q5RJF7",3194308.68846834,346694.193913636,586177.0205465,0.458696658168673,-0.151640709665132,-0.0410646170565717,-0.302904604784022,36853.35,0.0818859338197364,10.5147289367836,10.5147289367836,0,0,0,0,-0.361874265169844,-0.301130837581599
"P34971","Q91XL3",2735462.29011977,510519.500613636,281948.609882091,0.785601505487626,-0.235823816971754,-0.326680583006408,-0.100514136588418,777974.57,0.817644319383083,12.7112459912026,12.7471730772803,-0.755134913525562,-0.836413110510377,0.0766141536463479,0.0816536079467292,-0.257708800879154,-0.283252354130641
"Q04683","Q9QUK6",4050954.32690987,707047.096554545,495987.895301944,0.945117039092846,0.674573083933554,0.696514611170894,0.654451755928112,1636675.7,0.844718710995948,14.0124789003326,14.2758151154136,-1,-1,-1,1,-0.22814308215564,-0.273364732913374
"P56485","B2RU80",3602976.39373524,434728.023786364,633306.363144291,0.528475557919943,0.31418479202208,0.533926687569342,0.115492042601472,3006338.25,0.917302968915515,12.1823320362029,12.0394498656296,-0.760545429542822,-0.669514889442867,0.629005495339752,0.491553621968665,-0.262508685239858,-0.270351894725805
"O09047","P31695",6181841.34204907,773446.436218182,1067161.39626449,0.661241925026156,-0.0658930391022631,0.0671707274091497,-0.125310953505544,4267835.52,0.959959517117973,12.8567455441044,12.8000269734575,-0.687215580804022,-0.734270125781013,0.546771327842878,0.315022184480058,-0.249713863528394,-0.220563542066162
"Q04683","P11911",22758599.7431307,1816938.8851,4499121.07679168,0.440172485245929,0.967194215524288,0.966853688576629,0.967606721345257,20594755.5,0.938070740786191,15.9377062281358,15.6403265080073,-1,-1,-1,-1,0.566575704160352,-0.12052293438841
"P97468","P17809",416659045.180564,24097738.9156864,85501020.0556138,0.691157119416705,-0.18024658292562,-0.351159941143493,0.0130683932572179,415413065.3,0.99924981791091,15.3717393702438,15.2420655960952,-0.769053464376871,-0.729327694945428,0.637288917805431,0.398381938983995,3.93188625266168,0.450803764514243
"Q80T32","O88736",10749671.4860379,1555899.44474545,1682764.6252823,0.822996496407316,0.371943857952209,0.204384615535965,0.471324674487202,7756574,0.976708054990221,13.7499827793623,13.5907034502065,-0.590355745729073,-0.725109446879084,0.555918540833156,0.546630553438679,-0.162937845370429,-0.235707439087451
"Q3UVD5","Q9DCZ9",1133438.60957549,137745.155613636,198547.116916165,0.776150236880904,-0.169620008137261,-0.361600229640462,0.0626557724059812,63978.38,0.639395814619625,10.826986588496,10.826986588496,0,0,0,0,-0.195239140297951,-0.38118695859911
"Q9R1W5","Q9CQG6",33679284.7872244,2460129.50909091,6745857.33262196,0.430923678287469,-0.182654777615795,-0.136891926777175,-0.264434178488121,33115557,0.97207019112284,13.5824954203013,13.5720753832806,-0.712206537856298,-0.774611509947965,0.702221172011931,0.608773045110598,-0.138488169958887,0.0385730961648673
"Q5NCH9","Q8BQX5",378611.487121127,63533.6036590909,49791.951117553,0.705342059269436,-0.154190937804176,0.253042496440789,-0.382558328728539,55668.48,0.318736114675286,10.9080991804183,10.9080991804183,0,0,0,0,-0.306364378452274,-0.347042887437416
"Q8BMC0","Q3U1J0",38645956.8585357,2826568.32183636,7739336.46144402,0.557506487749853,0.53739318859723,0.642949807294256,0.379527650530119,30758132.35,0.989493702221226,13.0261062367298,12.5091854864383,-0.808919725569683,-0.782611187811325,0.553789776622099,0.428559706122619,0.233374555102112,0.0076724547059076
"P70174","P70669",1562955.77988349,224840.877372727,245935.646316542,0.708816185708296,-0.0995509850557964,0.0171817475018738,-0.28338056248314,513284.97,0.81028401925838,12.0737723793827,12.3801740509302,-0.998005291257703,-0.552600333497895,0.998033406962975,-0.198329323799044,-0.256316624366368,-0.294198050920083
"Q8VEW1;Q8VFZ5","Q8CD26",7236965.93441376,902283.616363636,1251601.33792281,0.369937256364722,0.00290916014164829,-0.00255284393228776,-0.00470762076555672,4784294.7,0.952694388826041,12.8467934500809,12.8363668011501,-0.73475135552552,-0.729601721887297,0.67941118391546,0.416022765027742,-0.240589428789882,-0.225401260226757
"Q64326","Q921I0",6936201.5139772,1210166.57061818,849915.038865666,0.928148454094756,-0.0647872015658461,-0.168201713077388,0.1023289550649,884010.05,0.85361863947824,13.4991409063491,13.4986175303099,-0.998256194279816,-0.864277512340773,0.999793093725933,0.654072258405961,-0.266254871084207,-0.289693282817532
"Q99JG2","Q8C4X7",18709201.3520502,1494955.54879545,3698074.37107674,0.68037904712856,-0.0668986586276621,-0.0314454840394018,-0.111439881680818,15007250.32,0.984811738215186,13.1958866579342,12.5342481687736,-0.7726762630355,-0.821977346021776,0.20888792171685,0.159216033223525,-0.177566296595961,-0.0479954881139782
"Q62463","O88455",77017522.8508238,8603448.39443636,13985826.7412716,0.88365768939948,0.105985456256888,0.164137060083481,0.0373880034606931,69558946.67,0.991019798067971,15.4229650295863,15.5084856230502,-0.62028757990194,-0.966294610255404,0.418045108380722,0.865688677334498,0.702916442643342,0.0227813024526415
"O08530","O54707",11236740.4376438,1403903.55404545,1941221.98514736,0.95146740458625,-0.0502710342921528,0.0585193587837401,-0.192363220743565,8172203.3,0.994847737240904,13.8492878260958,13.824222795964,-0.990817783642673,-0.828237993165248,0.786509036622664,0.84788842082589,-0.247777278983113,-0.102133628524985
"Q8BLG2","P54830",5444729.69963175,387274.930427273,1094313.40707371,0.616612915577268,-0.102915192516794,-0.0848131781660229,-0.12763104515239,524632.75,0.804431533863621,11.8631943614578,11.8631943614578,0,0,0,0,-0.279718090339558,-0.346225632197795
"P30549","Q9EPW9",929137.04200077,106929.600045455,166753.625661628,0.489878592200643,-0.102468276113313,-0.268221022273042,0.120697623285658,100885.9,0.683841925707666,10.9330378645362,11.2637000959419,-1,-1,1,-1,-0.210784003308352,-0.37181967419864
"Q68ED2","Q00977",2441731.16685732,274778.096313636,442153.050553354,0.599466249822819,0.101788855639512,0.236020139721243,-0.0232350820661553,1886798.97,0.975771959523611,12.9359610264482,13.1568739769061,-0.961770842547299,-0.654983201024297,0.566810120956267,0.0594455878271414,-0.279199601495945,-0.292250021415384
"Q9EQD0","P56857",8727246.06499318,798467.485954545,1680621.05274095,0.817149899231305,0.00181110126610237,0.0182427682107387,-0.0175451648996865,7140336.25,0.961138668504992,14.0693978911103,13.3736471718827,-0.931770943479103,-0.721933417556331,0.732511178672549,-0.235188851210839,-0.228449951034865,-0.184930697232577
"P30993","Q9WVD4",17015184.8146506,2251372.34545455,2844497.16472965,0.445665653216039,0.0804720651860986,0.15030762657935,0.0127758309941254,10204150,0.888498594107629,13.8688627878411,13.8270035796976,-0.640839850084479,-0.751278275800556,0.767187725094521,0.658734943872187,-0.192702762815272,-0.156749426243854
"Q62053","P56528",99849594.0133773,15772147.1995727,14297500.7739218,0.990865374467942,0.47024176613925,0.434518383850384,0.563589926302788,55784344.5,0.992286083503976,16.7059367394067,16.9916578532788,-0.705267047017125,-0.698780804350362,0.648734419297512,-0.0506201076014964,1.28342199776551,-0.0817176937099848
"O08786","O35074",32515638.0137041,5064750.92327273,4733484.55787842,0.881633568045793,-0.112335363081295,0.023986472308241,-0.236436744781883,19555812.75,0.99304443305759,15.4191456306558,15.3108656463057,-0.773929136797559,-0.889706735063366,0.878672140172257,0.751911718829249,0.23905378536767,-0.155723663223264
"Q9Z1P4","Q9D8K8",698110.173975666,101191.809413636,109145.983263328,0.649730150839921,0.090434108612467,-0.180352796302117,0.077617360748586,274523,0.542145950685289,11.2049634147957,11.2540772448301,0.92819311210337,-0.995506832313481,0.418626817824426,0.788164442470565,-0.338998526440845,-0.329012104141097
"Q61091","O35516",6123621.37925239,1140769.69883182,634927.25672941,0.940893322704728,0.323809743888154,0.491760973192076,0.191205515851412,2367857.45,0.965897156765068,14.0009309060919,14.0575068738331,-0.692571926951445,-0.85529118304012,0.699204576746966,0.18950255837554,-0.271022866521952,-0.258210628920409
"O08786","Q9D958",55233314.6248248,9059302.39145455,7523170.05357141,0.885816206206731,-0.194875196744476,-0.127716542733418,-0.247462866434415,17428279.45,0.992201963012325,15.0347853824956,15.880601173819,-0.773929136797559,-0.665413323105644,0.878672140172257,0.734217565904378,0.281712844619041,-0.276975303947345
"P97772","P03888",227626198.389179,25021871.6603864,41582129.4890416,0.906175865174458,-0.180120999378916,-0.315268336403067,-0.0140897827365293,172955483.25,0.999419069605969,15.4736557333552,15.0669459791947,-0.689775442577992,-0.755791505353373,0.188637102817722,0.801399736545488,2.37268834819892,0.182334394741703
"P48302","Q91V61",106100485.809729,16347518.9136364,15635046.3661304,0.850867524769254,0.201233309401548,0.336565456093254,0.0246642797421111,68253282.5,0.986739618354989,16.1566430891318,16.5338798997887,-0.69334169847343,-0.719460250243652,0.730140219492329,0.713024647835476,0.803467304396418,0.0805330386459699
"Q91ZB5","Q8CIA9",1173830.42493204,205917.7823,142227.560782399,0.756395424971598,0.389168836851635,0.441150352410544,0.35572205002236,245886.37,0.439389615216489,11.9610023051613,12.2077467470777,-0.991316186606549,-0.914692842036499,-0.948683207522936,-0.513975249799982,-0.314624731587993,-0.310346414858399
"P97772","P36371",71283028.0712038,9171631.74675,12118085.3859094,0.881281712451679,-0.252329531109473,-0.125869146088702,-0.362184751495808,44613091.5,0.997984104429551,14.7881000784571,14.7096436684957,-0.689775442577992,-0.771486826463194,0.188637102817722,0.741975506541331,0.43776902087079,-0.280918885357694
"P97718","O35714",2823054.69554372,360792.697745455,481751.900388274,0.653672229924636,-0.0367729852769406,0.239702331024612,-0.270192056109555,1463039,0.907263175692577,12.7099427945623,13.5520390957795,-0.861906118623476,-0.341494768720657,-0.394524084102833,0.675652619771644,-0.256220285155983,-0.307524804580195
"O35659","Q8BI84",35122183.8975806,6095929.47748182,4348667.32698846,0.964251269916191,-0.0633631936156685,-0.337862899345419,0.29552138867371,9149924.2,0.938426091508015,15.3613013675249,15.4052755206937,-0.742657012906709,-0.786292389303437,0.0724063022721289,0.503094634235647,0.0799902592193672,-0.314660625257263
"P56484","Q5RJF7",1753741.49604001,149276.6129,342807.398710661,0.39995147427965,-0.0886377768213207,-0.00707316613827896,-0.192706795207206,0,0,0,0,0,0,0,0,0,0
"Q80T41","Q60677",9834592.18168731,1134021.35956364,1763610.77974191,0.92109265886707,-0.157706138277837,0.0130848844111772,-0.309195925521879,1813461.75,0.954474525953394,13.5995963288488,13.7207527123254,-0.75462611825095,-0.781192051560741,0.978501517943515,-0.322426483358884,-0.30710815276094,-0.310631966183997
"P56485","P04223",858882.495941544,136012.026859091,122603.420152461,0.599293483287327,0.571522471180611,0.663131834390967,0.485412868600468,519420.4,0.872104676658132,11.4381114421272,11.4272684084943,-0.800116282333306,-0.606454356705895,0.828725543607827,0.843643291452798,-0.292434585837188,-0.341812402553411
"Q61089","Q9Z306",11598997.6704091,1164364.75578182,2181641.90356927,0.667113109764063,0.235447078684283,0.359286328403398,0.139123872948391,10292205.25,0.9179089770205,12.7241305730063,12.8057220029748,-0.655450434037308,-0.72279056620142,0.480087948616667,0.675870968199155,-0.177262166304362,-0.220265490322291
