"DL_score","ML_score","Truth"
0.00024552067,0,"1"
0.01721568,0,"1"
0.00983945,0.15330957,"1"
0.25071418,0,"0"
0.8966568,0.9912305,"0"
0.99800664,0,"0"
0.97659487,0.1057952,"0"
0.5220593,0,"0"
0.13697042,0.5359189,"0"
0.84799963,0,"0"
0.63801944,0,"0"
0.33634114,0,"0"
0.8269806,0.54472196,"0"
0.9905183,0,"0"
0.9956038,0.069091074,"0"
0.60852706,0,"0"
0.6983773,0.7615939,"0"
0.99360013,0.79608023,"0"
0.9080581,0.13461813,"0"
0.6847107,0,"0"
0.032433055,0.33303276,"0"
0.78778243,0.61522466,"0"
0.9699191,0.9441983,"0"
0.12019995,0,"0"
0.9151385,0.28055945,"0"
0.054527372,0,"0"
0.95956373,0.3709852,"0"
0.96424437,0,"0"
0.51543427,0,"0"
0.9912846,0.86891025,"0"
0.9095117,0.026742766,"0"
0.8946674,0.913551,"0"
0.6828613,0,"0"
0.8824997,0,"0"
0.48647526,0.7133479,"0"
0.22557378,0.6099034,"0"
0.85219526,0.01831592,"0"
0.05725957,0.054921202,"0"
0.1587026,0.6225476,"0"
0.3645533,0,"0"
0.022211345,0,"0"
0.3956878,0,"0"
0.6769656,0,"0"
0.556003,0.17188346,"0"
0.2864982,0.9125342,"0"
0.9976312,0,"0"
0.9573748,0.2607715,"0"
0.25989026,0,"0"
0.11234116,0.8567137,"0"
0.7154269,0.43947908,"0"
0.87814605,0,"0"
0.48015448,0.9615848,"0"
0.41166738,0,"0"
0.18589756,0,"0"
0.2445955,0.16953489,"0"
0.9878236,0.20354265,"0"
0.60170734,0,"0"
0.998555,0.85125697,"0"
0.23799224,0.9077944,"0"
0.77996993,0,"0"
0.6871695,0.13440582,"0"
0.7608907,0,"0"
0.9889086,0,"0"
0.0880364,0.77371305,"0"
0.034286574,0,"0"
0.99437344,0,"0"
0.9689673,0.004692939,"0"
0.90376425,0.45890835,"0"
0.60126036,0,"0"
0.9926602,0.44517666,"0"
0.998548,0,"0"
0.93874496,0,"0"
0.9412677,0,"0"
0.17435348,0,"0"
0.15614319,0.11667965,"0"
0.9943982,0.9172338,"0"
0.87033916,0.8944887,"0"
0.62444735,0.01272892,"0"
0.26860592,0,"0"
0.9347796,0.8930308,"0"
0.4802307,0,"0"
0.9242306,0,"0"
0.4499238,0,"0"
0.9969765,0,"0"
0.21803476,0.5930733,"0"
0.9987213,0,"0"
0.9987948,0.89658386,"0"
0.8080978,0.53278273,"0"
0.048944492,0.63855445,"0"
0.87834144,0,"0"
0.5548282,0,"0"
0.63119423,0.83132213,"0"
0.9664646,0,"0"
0.47907397,0,"0"
0.7167246,0.45385662,"0"
0.75343645,0.8811857,"0"
0.54814464,0,"0"
0.80652815,0.5436619,"0"
0.86800855,0,"0"
0.003935514,0.8601571,"0"
0.83433115,0.5441626,"0"
2.9117715e-05,0.9975311,"0"
0.5648284,0.9880574,"0"
0.04033813,0,"0"
0.38406348,0.5611371,"0"
0.17742372,0,"0"
0.16167615,0,"0"
0.8959328,0.9057561,"0"
0.94014347,0,"0"
0.108155206,0,"0"
0.41829413,0.42083028,"0"
0.12506565,0.88962305,"0"
0.7567131,0,"0"
0.0062898127,0,"0"
0.24612212,0.13814539,"0"
0.8010998,0,"0"
0.26799336,0,"0"
0.017539201,0,"0"
0.08393925,0,"0"
0.09665124,0,"0"
0.00041458156,0,"0"
0.91356033,0.80652875,"0"
0.46742547,0.2255215,"0"
0.6419457,0,"0"
0.7181772,0.19550426,"0"
0.7329474,0.34180397,"0"
0.986401,0.81408566,"0"
0.17714284,0.10635568,"0"
0.09042706,0.41174355,"0"
0.7482598,0,"0"
0.1394508,0.9427357,"0"
0.95596856,0.43344438,"0"
0.056238197,0,"0"
0.039482065,0,"0"
0.0047676573,0,"0"
0.82445824,0,"0"
0.8101275,0.4248572,"0"
0.5844157,0,"0"
0.5040759,0,"0"
0.048400983,0.34844416,"0"
0.6207166,0.19244227,"0"
0.99867886,0.44349408,"0"
0.8711969,0,"0"
0.10740936,0,"0"
0.99706143,0,"1"
0.033811912,0,"0"
0.6061228,0,"0"
0.17638133,0,"0"
0.99877256,0,"0"
0.20098004,0.31170037,"0"
0.2898087,0.9623635,"0"
0.9257816,0,"0"
0.11578139,0,"0"
0.9837118,0,"0"
0.8192534,0.98073006,"0"
0.39317393,0.5966958,"0"
0.9292753,0,"0"
0.28857753,0.4279371,"0"
0.7447356,0,"0"
0.72037846,0.31435925,"0"
0.7298736,0.1662115,"0"
0.99477744,0.49139374,"0"
0.7405672,0.45625144,"0"
0.99925286,0.12108724,"0"
0.039950848,0,"0"
0.706082,0,"0"
0.68223095,0.8322848,"0"
0.0018883331,0,"0"
0.9967637,0,"0"
0.4786133,0.101208255,"0"
0.99924636,0,"0"
0.6050871,0,"0"
0.9935002,0,"0"
0.5414057,0,"0"
0.8386435,0,"0"
0.3359671,0,"0"
0.92634636,0.8535651,"0"
0.7097148,0.80234444,"0"
0.955529,0,"0"
0.9976992,0.18498361,"0"
0.7989845,0.9308154,"0"
0.7351114,0,"0"
0.082783036,0.25143424,"0"
0.88082856,0,"0"
0.86605895,0.073825456,"0"
0.4901726,0,"0"
0.95848334,0.50376076,"0"
0.13242216,0.36076942,"0"
0.03023832,0.5528238,"0"
0.19802578,0.9714693,"0"
0.0085654985,0,"0"
0.9939307,0,"0"
0.13814095,0,"0"
0.5712657,0.025231445,"0"
0.12167004,0.94924915,"0"
0.9274504,0,"0"
0.9257481,0,"1"
0.999175,0.81498975,"0"
0.85210276,0.45708618,"0"
0.8592786,0,"0"
0.70454144,0.66193134,"0"
0.35038283,0,"0"
0.57692975,0,"0"
0.99301416,0,"0"
0.5365239,0.17396985,"0"
0.3762325,0,"0"
0.08265384,0.21627526,"0"
0.014234892,0.99652135,"0"
0.7355027,0.7943675,"0"
0.71796614,0,"0"
0.9862118,0.4184204,"0"
0.05488213,0,"0"
0.9940156,0,"0"
0.80826443,0.6072584,"0"
0.46717107,0,"0"
0.7688801,0.8990879,"0"
0.985691,0.48276642,"0"
0.8410961,0.74650425,"0"
0.8404213,0,"0"
0.9878521,0.60553586,"0"
0.8954037,0.7023706,"0"
0.9796674,0,"0"
0.31698248,0.22813512,"0"
0.81158394,0,"0"
0.03719159,0.8136943,"0"
0.29502717,0,"0"
0.95878816,0.14796124,"0"
0.00017340734,0,"0"
0.47573668,0,"0"
0.2899568,0.75422865,"0"
0.22431825,0,"0"
0.9707171,0.27318358,"0"
0.23674238,0.79137784,"0"
0.9706491,0,"0"
0.5808728,0.1796038,"0"
0.08286301,0,"0"
0.78002334,0,"0"
0.80511165,0,"0"
0.8345128,0,"0"
0.9968681,0.9374522,"0"
0.21155554,0.7246792,"0"
0.45550123,0,"0"
0.21220608,0.17548081,"0"
0.051872592,0.7240836,"0"
0.99998474,0.97373295,"0"
0.9999981,0.44642216,"0"
0.0020106654,0,"0"
0.9996555,0.6298914,"0"
0.92670983,0.684134,"0"
0.75863254,0.9993931,"0"
0.9999994,0.6329185,"0"
0.96605855,0,"0"
0.9963212,0,"0"
0.9966101,0,"0"
0.94752914,0.9637687,"0"
0.74546164,0,"0"
0.97804034,0,"0"
0.9754091,0,"0"
0.14491576,0.49351877,"0"
0.47360012,0.25637957,"0"
0.21501799,0.14050451,"0"
0.97004324,0,"0"
0.963616,0.59142077,"0"
0.9552374,0.68661284,"0"
0.67356265,0.7234103,"0"
0.04059872,0,"0"
0.81420535,0,"0"
0.9995976,0,"0"
0.04790803,0,"0"
0.19762631,0.79536897,"0"
0.20130347,0.24790514,"0"
0.999788,0,"0"
0.9505578,0.09022915,"0"
0.0056019635,0,"0"
0.99993336,0,"0"
0.9989766,0,"0"
0.99046516,0.016109124,"0"
0.9999746,0,"0"
0.56568855,0.71666324,"0"
0.15543605,0,"0"
0.34460104,0.8124347,"0"
0.9976405,0,"0"
0.94070977,0.3038539,"0"
0.005938231,0.9582223,"0"
2.215284e-05,0,"0"
0.57915145,0,"0"
0.0075062816,0.9489148,"0"
0.04665112,0.8094372,"0"
0.738094,0,"0"
0.9999895,0.1330257,"0"
0.9999981,0.16340722,"0"
0.99993694,0.17032039,"0"
0.9999999,0.9783654,"0"
0.5693178,0.6611695,"1"
0.6211415,0.17163801,"0"
0.9919951,0,"0"
0.6253329,0.6663789,"0"
0.9434522,0.69012713,"0"
0.115049616,0,"0"
0.9995969,0.13329291,"0"
0.36090007,0.44616914,"0"
0.6307302,0,"0"
0.022272704,0,"0"
0.965256,0,"0"
0.99999976,0,"0"
7.734437e-06,0.07837114,"0"
0.7762219,0,"0"
0.9990639,0.3035443,"0"
0.96968013,0.7303349,"0"
0.904828,0.9149002,"0"
0.7708455,0,"0"
0.9428647,0,"0"
0.88131803,0,"0"
0.062655956,0.6572072,"0"
0.6036372,0.65177006,"0"
0.9999989,0,"0"
0.73520374,0.95614606,"0"
0.02314499,0.986312,"0"
0.4281947,0,"0"
0.6626907,0.85699254,"0"
0.990426,0.9420498,"0"
0.72713274,0.9867796,"0"
0.019119252,0,"0"
0.10540473,0.33468166,"0"
0.6480169,0,"0"
0.9999821,0.11829751,"0"
0.28840914,0.26333994,"0"
0.12927957,0.39621198,"0"
0.3148117,0,"0"
0.31658545,0.85280997,"0"
0.7376156,0.7373709,"0"
0.17712454,0.150299,"0"
0.51052135,0,"0"
0.5788784,0,"0"
0.46862695,0.63857377,"0"
0.82899225,0.25425345,"0"
0.88464797,0.8598409,"0"
0.99999976,0,"0"
0.46158674,0.2387805,"0"
0.24163315,0,"0"
0.0866288,0,"0"
0.27365997,0.9682625,"0"
0.7674887,0,"0"
0.222745,0.057746112,"0"
0.99786633,0,"0"
0.9526857,0.29995102,"0"
0.9694659,0,"0"
0.13342975,0,"0"
0.0883859,0.2098818,"0"
0.21798953,0.28296176,"0"
0.004381419,0,"0"
0.0029445188,0.46625426,"0"
0.27730218,0.22043917,"0"
0.28018528,0.37780014,"0"
0.65707034,0,"0"
0.5058526,0.96128774,"0"
0.18801853,0.7883345,"0"
0.37574837,0.99856335,"0"
0.36936507,0,"0"
0.00068708,0,"0"
0.013219673,0,"0"
0.79849213,0.24050802,"0"
0.98098135,0.5224325,"0"
0.021046482,0.5566563,"0"
0.023964578,0,"0"
0.9123211,0.71139336,"0"
0.9998795,0,"0"
0.2673155,0.4283047,"0"
0.028970176,0.17356826,"0"
0.5411709,0.69519717,"0"
0.9995492,0.94246453,"0"
0.22084127,0,"0"
0.0698297,0.7890112,"0"
0.09039644,0.2728499,"0"
0.312707,0.69909054,"0"
0.7279429,0,"0"
0.62755746,0,"0"
0.004128226,0.9556886,"0"
0.27787247,0.8585094,"0"
0.47831738,0,"0"
0.8981499,0,"0"
0.10286327,0.71634316,"0"
0.42465997,0,"0"
0.0005516946,0.42500377,"0"
0.016679987,0.22816256,"0"
0.28563324,0.07474727,"0"
0.0032892644,0,"0"
0.036433004,0,"0"
0.0020919174,0,"0"
0.18367307,0.028262066,"0"
0.34540734,0.0033143673,"0"
0.96695477,0,"0"
0.28321022,0,"0"
0.98528636,0.19040504,"0"
0.05347943,0,"0"
1,0.84127796,"0"
0.76146835,0,"0"
0.057673354,0.9666371,"0"
0.03888344,0,"0"
0.05269375,0.7461746,"0"
0.9002033,0.0107568335,"0"
0.95846987,0.23904502,"0"
0.99614966,0.037564512,"0"
0.3980965,0,"0"
0.16009137,0.96774846,"0"
0.39944193,0,"0"
0.64862186,0.062356565,"0"
0.024317935,0.55948627,"0"
2.7981601e-05,0.19335,"0"
0.00032762645,0.71800244,"0"
0.069779634,0,"0"
0.6552135,0.09704336,"0"
0.73887295,0,"1"
0.004201629,0.027910184,"0"
0.000530463,0,"0"
0.8198693,0,"0"
0.8895768,0.9734833,"0"
0.99999976,0.117323264,"0"
0.019037832,0.01615908,"0"
0.9785187,0.91653216,"0"
0.00065703905,0,"0"
0.06992827,0,"0"
0.00022654928,0.97305614,"0"
0.0419532,0,"0"
0.014196216,0,"0"
4.8635906e-05,0,"0"
0.03375798,0.9223088,"0"
0.20244566,0.03139274,"0"
0.1722575,0,"0"
0.330676,0,"0"
0.32732952,0.15297078,"0"
0.28961906,0,"0"
0.033093058,0.39052236,"0"
0.23946187,0,"0"
1.9692918e-05,0.94416386,"0"
0.00028511128,0.6643781,"0"
0.15832114,0.06349424,"0"
0.4451485,0,"0"
0.083555825,0.44938055,"0"
0.9999995,0.49712697,"0"
0.060389195,0.052582953,"0"
0.0201603,0.25873262,"0"
0.9893666,0.019558756,"0"
0.99999726,0.58467835,"0"
0.28406933,0,"0"
0.0413094,0.31305447,"0"
0.82941645,0.16344443,"0"
0.0808648,0.9096093,"0"
0.11467023,0.9826062,"0"
1,0.880515,"0"
0.99978656,0.9443793,"0"
0.6082593,0.27874827,"0"
0.30402684,0,"0"
0.030825943,0,"0"
0.0012877918,0,"0"
9.71408e-06,0.7350555,"0"
0.94576484,0,"0"
0.9999982,0,"0"
0.999918,0.9410871,"0"
0.1539371,0.09566025,"0"
0.9730314,0.62823725,"0"
0.043500185,0,"0"
0.08667889,0.09705178,"0"
0.055347763,0,"0"
0.9983027,0,"0"
0.6433321,0,"0"
0.99998474,0.9920155,"0"
0.9943199,0.044846833,"0"
0.00068654295,0.96305615,"0"
0.84749424,0,"0"
6.2221176e-07,0,"0"
0.9991763,0.97600174,"0"
0.5545499,0.34405175,"0"
0.99826485,0.93167096,"1"
0.30078226,0.08177037,"0"
0.070248425,0.523304,"0"
2.1261617e-11,0.008349365,"0"
0.6480497,0.07455127,"0"
2.1606172e-06,0,"0"
0.05298876,0.6465766,"0"
0.3978351,0.6383107,"0"
0.9999988,0,"0"
0.011770009,0.72304153,"0"
0.34128806,0,"0"
0.8844939,0.37172273,"0"
0.0049229916,0.93932444,"0"
0.0018815689,0.8772241,"0"
0.13091762,0.7237412,"0"
0.004853505,0.9805776,"0"
0.45055628,0.46150416,"0"
0.99013793,0,"0"
0.016925637,0.801974,"0"
0.0011597726,0,"0"
0.9646125,0.96110046,"0"
9.061866e-06,0.98260903,"0"
0.7057809,0,"0"
3.6492231e-10,0.5969499,"0"
5.7699657e-07,0,"0"
0.20988075,0.99229103,"0"
6.4157944e-06,0.19840476,"0"
0.9997422,0.94205725,"0"
0.7676276,0.052027863,"0"
0.9956993,0.18404616,"0"
0.9335736,0.22301888,"0"
0.00053873763,0,"0"
1.5271852e-14,0.03823397,"0"
0.106320366,0.04945363,"0"
0.65507984,0,"0"
0.00029818524,0,"0"
0.010260425,0,"0"
5.181566e-05,0.06625309,"0"
0.003700285,0,"0"
0.99960786,0,"0"
8.6500694e-07,0.98387927,"0"
1,0.16723783,"0"
0.37477443,0,"0"
0.04550212,0,"0"
0.7551043,0,"0"
0.010159967,0,"1"
0.011551233,0.10083646,"1"
1,0,"1"
0.6412098,0,"1"
0.001905731,0,"1"
2.8211928e-06,0,"1"
8.541277e-05,0,"1"
1,0,"1"
0.00049557607,0,"1"
0.00048528,0.53045464,"1"
0.019957555,0,"1"
0.0014085082,0,"0"
0.007170439,0,"0"
0.026391165,0,"0"
2.4929996e-05,0,"0"
0.00047851703,0,"0"
0.37052137,0,"0"
0.014911799,0,"0"
0.08707273,0,"0"
0.0060576685,0,"0"
0.00012365406,0,"0"
0.005372894,0,"0"
0.6107867,0,"0"
0.081839174,0,"0"
0.0013727634,0,"0"
0.00067274255,0,"0"
0.0066668023,0,"0"
0.0004699886,0,"0"
0.019486345,0,"0"
0.0007654006,0,"0"
0.32517803,0,"0"
0.023857227,0,"0"
0.04333592,0,"0"
5.495128e-05,0,"0"
0.0034727463,0,"0"
0.8252184,0,"0"
0.0008561262,0,"0"
0.61055875,0,"1"
0.0067979177,0,"0"
0.00068683876,0,"0"
0.9199946,0,"0"
0.0008887648,0,"0"
0.0715116,0,"0"
0.27852398,0,"0"
8.150821e-05,0,"0"
0.03269617,0,"0"
0.89691275,0,"0"
0.0039491504,0,"0"
1.2431826e-06,0,"0"
0.0023720532,0,"0"
0.6686223,0,"0"
0.0039839745,0,"0"
0.047362,0,"0"
0.28130448,0,"0"
0.0004888021,0,"0"
0.00021174176,0,"0"
0.011398983,0,"0"
0.069007955,0,"0"
0.0028512909,0,"0"
4.5136916e-05,0,"0"
0.018753458,0,"0"
0.05296711,0,"0"
0.00024076519,0,"0"
0.0009853955,0,"0"
0.00031306827,0,"0"
0.003955002,0,"0"
0.0068037156,0,"0"
0.0134874545,0,"0"
0.101574965,0,"0"
0.0042209937,0,"0"
0.32265294,0,"0"
1.494391e-05,0,"0"
0.008261938,0,"0"
9.376646e-05,0,"0"
0.00021526321,0,"0"
0.019336827,0,"0"
0.011986787,0,"0"
0.14159365,0,"0"
0.002936254,0,"0"
0.0013293244,0,"0"
9.509736e-05,0,"0"
0.0005400512,0,"0"
0.032131106,0,"0"
0.0010407462,0,"0"
0.0008793116,0,"0"
0.08137916,0,"0"
0.05968563,0,"0"
0.00956121,0,"0"
0.00039370183,0,"0"
0.0012656635,0,"0"
0.001438282,0,"0"
0.9867688,0,"0"
4.8744743e-05,0,"0"
0.024120312,0,"0"
0.2371162,0,"0"
0.005521645,0,"0"
0.0029254132,0,"0"
0.002042828,0,"0"
0.001405322,0,"0"
0.008677286,0,"0"
0.011385526,0,"0"
0.0013499792,0,"0"
0.5200702,0,"0"
5.3559063e-05,0,"0"
0.0018779812,0,"0"
0.019614233,0,"0"
0.009970293,0,"0"
0.8622757,0,"0"
0.64218813,0,"0"
0.0014223658,0,"0"
0.08979191,0,"0"
0.00023634708,0,"0"
0.0021981543,0,"0"
0.0028751937,0,"0"
0.0014382277,0,"0"
0.0014647369,0,"0"
0.027701573,0,"0"
0.00044972356,0,"0"
0.0001120709,0,"0"
0.0031451373,0,"0"
0.12031359,0,"0"
0.0010630884,0,"0"
0.0013513789,0,"0"
0.069240935,0,"0"
0.026771097,0,"0"
0.004208152,0,"0"
0.0007293257,0,"0"
0.0073637553,0,"0"
1.3076468e-05,0,"0"
0.0014594056,0,"0"
0.00735956,0,"0"
0.0033158087,0,"0"
0.30493668,0,"0"
0.0002309304,0,"0"
6.779937e-06,0,"0"
0.0027321149,0,"0"
0.00019365804,0,"0"
0.0012851262,0,"0"
0.003961843,0,"0"
0.008834184,0,"0"
0.963082,0,"0"
0.00014373986,0,"0"
0.102363974,0,"0"
0.043603554,0,"0"
0.43666932,0,"0"
0.00015100003,0,"0"
0.0299304,0,"0"
0.0013365261,0,"0"
0.0054183383,0,"0"
0.0035063862,0,"0"
0.085854426,0,"0"
0.59504706,0,"0"
0.005643343,0,"0"
0.0009759719,0,"0"
0.0045530763,0,"0"
0.004195525,0,"0"
0.015281027,0,"0"
0.006942813,0,"0"
0.00044494795,0,"0"
0.0015293959,0,"0"
0.00034639408,0,"0"
0.0019581432,0,"0"
0.00016441764,0,"0"
0.001990852,0,"0"
0.1147623,0,"0"
0.0015762977,0,"0"
0.101032235,0,"0"
0.057481915,0,"0"
0.50582707,0,"0"
9.411789e-05,0,"0"
0.048541307,0,"0"
0.99597234,0,"0"
0.06191645,0,"0"
0.04512771,0,"0"
0.0057583624,0,"0"
0.019798748,0,"0"
0.01650148,0,"0"
0.01186401,0,"0"
0.0026601283,0,"0"
0.040282566,0,"0"
0.2545358,0,"0"
0.0008893819,0,"0"
0.0030979025,0,"0"
0.021021385,0,"0"
0.012598698,0,"0"
0.02928462,0,"0"
0.030915584,0,"0"
0.6148642,0,"0"
0.012735424,0,"0"
0.0019675714,0,"0"
0.00032190452,0,"0"
0.00010619195,0,"0"
0.0023585057,0,"0"
0.114344575,0,"0"
0.20338228,0,"0"
0.045165934,0,"0"
0.012361918,0,"0"
0.018013576,0,"0"
0.0022387048,0,"0"
0.0063883723,0,"0"
0.0105637675,0,"0"
0.008191779,0,"0"
0.13075969,0,"0"
0.005941438,0,"0"
0.027130667,0,"0"
0.09532177,0,"0"
0.056281462,0,"0"
0.0014566766,0,"0"
0.003902613,0,"0"
0.0023549744,0,"0"
0.0005499814,0,"0"
0.71380395,0,"0"
0.0057315673,0,"0"
0.0015544884,0,"0"
1.345817e-06,0,"0"
0.00013917468,0,"0"
0.025818065,0,"0"
0.0001404789,0,"0"
0.00040381443,0,"0"
0.05375662,0,"0"
0.0012191249,0,"0"
0.00056536327,0,"0"
9.378596e-05,0,"0"
0.01978488,0,"0"
3.7448694e-07,0,"0"
0.23765108,0,"0"
0.0007941369,0,"0"
0.011426603,0,"0"
0.00058098783,0,"0"
0.019151328,0,"1"
0.000942334,0,"0"
0.011390904,0,"0"
0.00031196588,0,"0"
5.3244345e-05,0,"0"
0.014363841,0,"0"
0.0018045839,0,"0"
0.047335885,0,"0"
0.0018061755,0,"0"
4.6189063e-05,0,"0"
0.00016135476,0,"0"
0.009086639,0,"0"
0.0018405434,0,"0"
2.3453304e-05,0,"0"
0.002850072,0,"0"
0.091594696,0,"0"
0.031088527,0,"0"
0.00012488429,0,"0"
8.820207e-06,0,"0"
0.0016534013,0,"0"
0.0039196406,0,"0"
0.0020475043,0,"0"
0.00231914,0,"0"
0.030080507,0,"0"
0.04546292,0,"0"
0.02146054,0,"0"
0.021618841,0,"0"
0.16790576,0,"0"
0.0019335165,0,"0"
0.0013039365,0,"0"
0.00045785678,0,"0"
0.00045770887,0,"0"
0.0031032972,0,"0"
0.16821243,0,"0"
0.0049643978,0,"0"
0.047602523,0,"0"
0.00090679724,0,"0"
0.025126753,0,"0"
0.0063539958,0,"0"
0.041330364,0,"0"
0.009441684,0,"0"
0.010994671,0,"0"
0.00052035705,0,"0"
0.0006751466,0,"0"
0.00031640797,0,"0"
0.025987215,0,"0"
0.7854286,0,"0"
0.00015309411,0,"0"
0.017137436,0,"0"
0.0026442609,0,"0"
0.0055102143,0,"0"
0.000113866394,0,"0"
0.00015883843,0,"0"
0.0044762967,0,"0"
0.072422944,0,"0"
0.005213605,0,"0"
0.030896237,0,"0"
0.0016775277,0,"0"
0.019438416,0,"0"
0.011070182,0,"0"
0.01604735,0,"0"
0.18089372,0,"0"
0.00095208787,0,"0"
0.0553353,0,"0"
0.0066901436,0,"0"
0.0003183754,0,"0"
0.17718081,0,"0"
0.03215673,0,"0"
0.0053004865,0,"0"
0.0002286756,0,"0"
0.016100148,0,"0"
0.004843283,0,"0"
0.007663155,0,"0"
0.29729828,0,"0"
0.014415034,0,"0"
0.005586287,0,"0"
0.6967568,0,"0"
0.00021140062,0,"0"
0.007608774,0,"0"
0.00017042547,0,"0"
0.01667707,0,"0"
0.61687726,0,"0"
0.17466536,0,"0"
0.01927488,0,"0"
0.00036743574,0,"0"
0.00011373899,0,"0"
6.982108e-05,0,"0"
0.0055118427,0,"0"
0.057436254,0,"0"
0.0022105838,0,"0"
3.7139394e-05,0,"0"
0.09426612,0,"0"
0.11657279,0,"0"
0.10088176,0,"0"
0.050231263,0,"0"
1,0,"0"
0.32193545,0,"0"
0.12367027,0,"0"
8.9471345e-05,0,"0"
0.07168903,0,"0"
0.062727585,0,"0"
0.48794731,0,"0"
0.0025223035,0,"0"
0.00016651332,0,"0"
3.986099e-05,0,"0"
0.00097298966,0,"0"
1.32447085e-05,0,"0"
0.07326675,0,"0"
0.00145053,0,"0"
4.600562e-05,0,"0"
0.00017675289,0,"0"
0.00071378105,0,"0"
0.0057254396,0,"0"
0.008369831,0,"0"
0.003021215,0,"0"
0.011462857,0,"0"
0.0007888678,0,"0"
0.002068646,0,"0"
0.8008137,0,"0"
0.007046322,0,"0"
0.00066005485,0,"0"
0.023094729,0,"0"
0.0012269036,0,"0"
0.0030994038,0,"0"
0.0010580084,0,"0"
0.0033489494,0,"0"
0.0018653893,0,"0"
0.0013856295,0,"0"
0.12228814,0,"0"
0.028640848,0,"0"
0.0029660126,0,"0"
0.0011906945,0,"0"
8.411355e-09,0,"0"
0.0011898811,0,"0"
0.100434475,0,"0"
0.018338487,0,"0"
5.640087e-05,0,"0"
0.014074646,0,"0"
0.08302065,0,"0"
0.00014671432,0,"0"
0.0005287392,0,"0"
0.00018976643,0,"0"
6.887398e-05,0,"0"
0.0031177667,0,"0"
0.0027045398,0,"0"
0.22275634,0,"0"
2.4438565e-05,0,"0"
0.0015483785,0,"0"
0.0022405013,0,"0"
0.0012209511,0,"0"
0.046227694,0,"0"
1.9395602e-05,0,"0"
0.09259335,0,"0"
0.1949438,0,"0"
0.52302194,0,"0"
0.14150065,0,"0"
0.00015998773,0,"0"
0.011044471,0,"0"
0.007898409,0,"0"
0.20757455,0,"0"
0.0032700347,0,"0"
0.024423,0,"0"
0.0069106347,0,"0"
0.0006188585,0,"0"
0.0037989449,0,"0"
0.0065928656,0,"0"
0.9988078,0,"0"
0.002263648,0,"0"
0.012736827,0,"0"
3.909195e-06,0,"0"
0.0006288985,0,"0"
4.5824365e-07,0,"0"
0.18408245,0,"0"
0.001453842,0,"0"
0.7033865,0,"0"
0.0031233474,0,"0"
0.008727223,0,"0"
3.9489973e-05,0,"0"
0.00079013174,0,"0"
0.13604447,0,"0"
0.0240035,0,"0"
0.0030370625,0,"0"
0.10859688,0,"0"
0.00042200915,0,"0"
0.4034658,0,"0"
0.00027536624,0,"0"
6.045784e-05,0,"0"
0.0340566,0,"0"
0.010496191,0,"0"
0.0022541627,0,"0"
2.7439564e-05,0,"0"
0.00034248256,0,"0"
0.007345952,0,"0"
0.0019668469,0,"0"
0.021300547,0,"0"
0.19854459,0,"1"
3.092057e-05,0,"0"
0.7864672,0,"0"
0.002326235,0,"0"
0.000486264,0,"0"
0.0010314028,0,"0"
0.012475934,0,"0"
0.0148344925,0,"0"
0.00021792557,0,"0"
0.0065305782,0,"0"
0.025720857,0,"0"
0.003431236,0,"0"
5.0105143e-07,0,"0"
0.20415273,0,"0"
0.0034336871,0,"0"
8.783715e-05,0,"0"
0.00076766027,0,"0"
8.058071e-07,0,"0"
2.625081e-06,0,"0"
0.009272646,0,"0"
0.076538175,0,"0"
0.05751548,0,"0"
0.62512314,0,"0"
0.0057653524,0,"0"
0.00021300632,0,"0"
0.00050437177,0,"0"
0.00062827545,0,"0"
0.006598539,0,"0"
0.00067718356,0,"0"
0.017939307,0,"0"
0.00023659578,0,"0"
0.00016127461,0,"0"
0.4983011,0,"0"
0.3432561,0,"0"
0.7832552,0,"0"
0.00028456867,0,"0"
0.012313921,0,"0"
0.0024415406,0,"0"
0.006716719,0,"0"
0.009037157,0,"0"
0.0054368167,0,"0"
0.105594106,0,"0"
0.0036852607,0,"0"
0.0016917284,0,"0"
0.0027862368,0,"0"
2.8677288e-05,0,"0"
0.0041828337,0,"0"
0.0014491148,0,"0"
0.0032233773,0,"0"
0.01043575,0,"0"
0.0072314525,0,"0"
0.099036515,0,"0"
0.00078581943,0,"0"
0.29187936,0,"0"
0.0863824,0,"0"
5.1281313e-05,0,"0"
0.066036575,0,"0"
0.0018254486,0,"0"
3.1490017e-05,0,"0"
0.08726805,0,"0"
0.0020179055,0,"0"
0.00016346361,0,"0"
0.6487103,0,"0"
0.0046762065,0,"0"
8.136888e-05,0,"0"
0.0083734505,0,"0"
0.0012519575,0,"0"
0.00046919694,0,"0"
0.00071434927,0,"0"
0.00013860612,0,"0"
0.0038936185,0,"0"
0.0016355532,0,"0"
0.4345496,0,"0"
0.00012216585,0,"0"
0.00052732986,0,"0"
0.13065363,0,"0"
0.0024644053,0,"0"
0.0032237084,0,"0"
0.0023099962,0,"0"
0.0004375938,0,"0"
0.00033152345,0,"0"
7.411737e-05,0,"0"
0.0060688844,0,"0"
1.0667334e-09,0,"0"
0.005634172,0,"0"
0.66051555,0,"0"
0.0005425419,0,"0"
8.390309e-05,0,"0"
0.0045473482,0,"0"
0.5104865,0,"0"
0.008075922,0,"0"
4.8503357e-06,0,"0"
0.048681453,0,"0"
0.00020364628,0,"0"
0.0018537492,0,"0"
0.00014478616,0,"0"
0.0026678918,0,"0"
0.00042492143,0,"0"
7.346086e-05,0,"0"
3.2018765e-05,0,"0"
0.2482359,0,"0"
0.00036965936,0,"0"
0.0017646278,0,"0"
0.0004902208,0,"0"
0.021352302,0,"0"
0.77597415,0,"0"
0.0027665957,0,"0"
0.0012254274,0,"0"
0.029762875,0,"0"
0.012184229,0,"0"
0.029771857,0,"0"
4.5619243e-05,0,"0"
4.3438427e-05,0,"0"
0.002585167,0,"0"
0.002547647,0,"0"
1.3413603e-05,0,"0"
0.0011098444,0,"0"
0.0637714,0,"0"
0.00018008947,0,"0"
0.58441615,0,"0"
0.26442552,0,"0"
0.010597148,0,"0"
0.0011534969,0,"0"
2.1983784e-05,0,"0"
1.7779116e-07,0,"0"
3.9847193e-05,0,"0"
0.0033234719,0,"0"
0.0007929006,0,"0"
9.61755e-06,0,"0"
7.743263e-06,0,"0"
3.0399544e-05,0,"0"
0.0057568857,0,"0"
1.8929968e-05,0,"0"
1.6238865e-06,0,"0"
0.0006683733,0,"0"
0.010120772,0,"0"
1.3867505e-05,0,"0"
4.8577684e-05,0,"0"
3.777748e-06,0,"0"
0.06337719,0,"0"
5.7589503e-05,0,"0"
3.4406577e-05,0,"0"
0.0011280897,0,"0"
0.00088245916,0,"0"
0.00024593392,0,"0"
0.0034374471,0,"0"
8.354526e-05,0,"0"
6.843455e-06,0,"0"
5.6055424e-06,0,"0"
8.1021484e-10,0,"0"
0.0062133935,0,"0"
4.0572985e-07,0,"0"
0.007293319,0,"0"
0.006114091,0,"0"
4.2606862e-07,0,"0"
0.00033914074,0,"0"
6.0200864e-06,0,"0"
0.98710465,0,"0"
0.0024048197,0,"0"
0.9883839,0,"0"
1.3281704e-06,0,"0"
2.4081976e-07,0,"0"
1.5374868e-06,0,"0"
0.002515867,0,"0"
2.5831538e-05,0,"0"
0.0036426904,0,"0"
0.00035080547,0,"0"
0.15610828,0,"0"
5.36454e-05,0,"0"
0.11676327,0,"0"
0.0001966829,0,"0"
0.052664634,0,"0"
1.8112408e-06,0,"0"
0.0005337778,0,"0"
8.293856e-07,0,"0"
4.3062465e-07,0,"0"
0.882214,0,"0"
1.0458896e-05,0,"0"
1.5678736e-05,0,"0"
0.030235665,0,"0"
2.8128463e-07,0,"0"
0.79640245,0,"0"
1.9695442e-07,0,"0"
0.0031667328,0.82584953,"0"
0.048029847,0,"0"
0.0037596729,0.15104736,"0"
0.00071544683,0,"0"
0.028959583,0.92085075,"0"
0.019011926,0.9927037,"0"
0.0018028101,0.08827628,"1"
0.001254965,0,"0"
0.0012083822,0,"0"
0.0013657607,0,"0"
0.0001427183,0.057549566,"0"
0.26058373,0,"0"
0.004296535,0.94965863,"0"
0.0019238092,0,"0"
3.3980134e-05,0.784324,"0"
0.021526268,0.07569358,"0"
0.007522395,0.8954001,"0"
0.00031143188,0.869261,"0"
0.0114358235,0.9069155,"0"
0.0014274577,0.9381923,"0"
0.0011831406,0,"0"
0.00024125418,0.052521307,"0"
0.071678564,0,"0"
2.8760877e-11,0,"0"
0.74184996,0,"0"
0.06108051,0.32915434,"0"
0.003944485,0,"0"
0.62827504,0,"0"
0.001311132,0,"0"
0.0012405851,0.16554928,"0"
0.0014793708,0.74543726,"0"
0.50970536,0.08585227,"0"
0.0020642674,0,"0"
0.33244017,0.17002006,"0"
0.0005234653,0.011137863,"0"
0.005187564,0.041473646,"0"
0.0017353516,0.16468333,"0"
0.0014198167,0.41407582,"0"
0.0008239402,0.7137783,"0"
0.6018055,0,"0"
0.0025094538,0,"0"
0.00018773098,0,"0"
0.0036473228,0,"0"
0.002076205,0.418068,"0"
0.0012332909,0.014080013,"0"
0.0021684573,0,"0"
0.00053606735,0,"0"
0.0020197816,0.8274375,"0"
0.00037112337,0.02654201,"0"
0.025826195,0,"0"
0.0013833196,0.8281979,"0"
2.2433554e-05,0.21937588,"0"
0.0015565369,0,"0"
0.00046880732,0.8703548,"0"
0.056342375,0,"0"
2.4975876e-05,0,"0"
0.07194529,0.027635653,"0"
0.0003916774,0,"0"
0.0036837202,0.22546652,"0"
0.011118658,0.4713189,"0"
1.9475876e-05,0.5570136,"0"
0.008261649,0,"0"
0.004289277,0.44263595,"0"
0.0015127431,0.07530163,"0"
0.13190462,0,"0"
0.0023686523,0.13064955,"0"
0.012301326,0,"0"
0.00079030497,0,"0"
0.0077168276,0.6193133,"0"
0.034678377,0,"0"
0.0083967,0,"0"
0.009032436,0,"0"
0.011128387,0,"0"
0.014820631,0.08332872,"0"
0.00024277504,0.014959195,"0"
0.00027346707,0.063124366,"0"
0.0009610146,0.4498271,"0"
0.00017961803,0,"0"
0.00028599388,0,"0"
3.541264e-05,0.0154742645,"0"
0.06547867,0,"0"
0.0001835422,0,"0"
0.3934726,0,"0"
0.0011584284,0,"0"
0.84913576,0.028350009,"0"
0.015135363,0.99889743,"0"
0.00056328974,0.24054506,"0"
0.06164273,0.015708528,"0"
0.00629745,0,"0"
0.00013500667,0,"0"
0.52376413,0,"0"
0.0038808708,0,"0"
0.00022388807,0,"0"
0.3510145,0.5074842,"0"
0.0055917753,0,"0"
0.014271084,0.30588385,"0"
0.36069548,0.20426792,"0"
0.015784554,0,"0"
0.024621937,0,"0"
0.00052068604,0,"0"
0.01936927,0.94209033,"0"
9.809361e-06,0,"0"
0.00044293862,0,"0"
0.043840706,0.1731518,"0"
0.027910728,0,"0"
0.0008439573,0.76488537,"0"
0.0064624273,0,"0"
0.022930872,0.82534635,"0"
0.004352105,0.08877338,"0"
7.5128334e-08,0.8364268,"0"
0.0067300103,0.30167106,"0"
0.016905114,0,"0"
0.00017473917,0.38790125,"0"
0.007161982,0,"0"
0.80464405,0.54276407,"0"
0.22274753,0,"0"
0.009859664,0,"0"
0.00023931099,0.27943718,"0"
0.0030140579,0,"0"
0.0029891317,0,"0"
0.118932314,0.36323905,"0"
7.481704e-06,0.25919783,"0"
0.00036624112,0,"0"
0.01601309,0,"0"
8.594469e-06,0,"0"
0.008236986,0.09680208,"0"
0.8973398,0,"0"
0.01526054,0,"0"
0.0004053676,0,"0"
0.0041780896,0,"0"
6.5164364e-05,0,"0"
0.0029455407,0,"0"
0.0110677285,0,"0"
0.0027684276,0.97706705,"0"
0.015296899,0.25846952,"0"
0.013372992,0,"0"
0.0038344176,0.5065072,"0"
9.314175e-05,0.16862646,"0"
0.00066157954,0,"0"
0.0022159175,0.5189105,"0"
0.002295675,0.010420536,"0"
0.00093027315,0.9136999,"0"
0.0021935427,0,"0"
0.00047824986,0.79923946,"0"
0.0043680607,0.5180056,"0"
0.10817982,0.8983037,"0"
0.000968587,0,"0"
0.0015657122,0,"0"
0.0057817674,0,"0"
0.003921365,0,"0"
1.272691e-05,0.7309584,"0"
0.0006734976,0,"0"
0.022474384,0,"0"
0.007780275,0.6915853,"0"
6.762347e-06,0.18295456,"0"
0.5591612,0.65497786,"0"
0.87657654,0.985966,"0"
0.02458636,0,"0"
0.0017615679,0,"0"
0.5023374,0,"0"
0.0068051526,0,"0"
0.54452163,0,"0"
0.072855264,0.64568186,"0"
0.113435045,0,"0"
0.32481718,0.4063105,"0"
0.16849096,0.9284173,"0"
9.975738e-06,0,"0"
0.004361997,0,"0"
0.0008811702,0,"0"
0.00091434666,0.9945661,"0"
0.0008696785,0.6075168,"0"
0.020506669,0,"0"
0.15056953,0.91532034,"0"
0.0021503535,0,"0"
0.00011057521,0.14681144,"0"
0.00021042491,0.25089023,"0"
0.004915196,0.19570701,"0"
0.003789891,0.4339774,"0"
0.8388234,0.98790133,"0"
0.08323917,0,"0"
0.10097169,0,"0"
0.0011866993,0,"0"
0.02928187,0.77591586,"0"
0.0010370042,0.32662424,"0"
0.0010075306,0,"0"
0.011894364,0,"0"
0.00978346,0.752213,"0"
0.8769763,0,"0"
3.174622e-05,0,"0"
0.0037357039,0,"0"
0.00032493946,0,"0"
0.36862448,0.12528005,"0"
0.0057801995,0,"0"
0.0011326909,0.0744481,"0"
0.0013334119,0.5662148,"0"
8.061309e-05,0,"0"
0.49748465,0.6768973,"0"
0.0011045493,0.91760224,"0"
0.005100014,0.99356365,"0"
0.00018715746,0,"0"
0.0003304878,0.71823615,"0"
0.0002416119,0,"0"
0.025809227,0.12577146,"0"
0.00030146935,0,"0"
0.06910124,0.88696563,"0"
0.050890516,0.2105758,"0"
0.0005982299,0.7564104,"0"
0.07554273,0.9441579,"0"
0.03211084,0,"0"
0.001511276,0,"0"
0.00035353532,0,"0"
0.0038612941,0.055650078,"0"
0.0005992722,0.041998453,"0"
2.2911529e-05,0.10156593,"0"
0.009509667,0,"0"
0.050943956,0,"0"
0.0015934849,0.40202612,"0"
0.0021890595,0.6524059,"0"
0.00014360042,0,"0"
0.015452726,0,"0"
0.0052444832,0.9869059,"0"
0.0017393344,0,"0"
0.019775655,0,"0"
0.00015606167,0,"0"
6.687653e-05,0.39496094,"0"
6.551472e-05,0,"0"
0.0059396755,0,"0"
0.00042980193,0.9434086,"0"
0.0020258527,0,"0"
0.004241623,0.74357533,"0"
0.023952715,0,"0"
0.0010771212,0.9633033,"0"
4.74447e-05,0,"0"
0.004188045,0,"0"
5.688763e-06,0.31822112,"0"
0.012088279,0,"0"
6.10871e-05,0.055669393,"0"
0.0008954352,0.7215246,"0"
0.0010793112,0.42265308,"0"
0.00010028276,0.22048886,"0"
0.00011012328,0,"0"
0.009170748,0.40476698,"0"
0.0014534523,0.88288087,"0"
0.00070039433,0,"0"
0.00019237857,0.20636588,"0"
0.0028286965,0,"0"
0.0035864592,0.97854054,"0"
0.067783885,0,"0"
7.446796e-06,0.6406885,"0"
0.007010162,0.022549964,"0"
0.004838305,0,"0"
0.0028358866,0,"0"
0.19286168,0,"0"
0.001998813,0.09373984,"0"
1.874549e-05,0,"0"
0.0014097254,0.32246777,"0"
4.034913e-06,0.8026301,"0"
0.00092478155,0,"0"
4.469478e-06,0.36902395,"0"
0.00044408903,0,"0"
0.00011133137,0,"0"
0.058087885,0,"0"
0.0010108072,0,"0"
0.00049548777,0,"0"
0.0013883051,0.13708912,"0"
0.0018202629,0.24632964,"0"
0.0004373617,0,"0"
0.0009131573,0.49950457,"0"
0.0019209408,0.13081248,"0"
0.0023822938,0.8248337,"0"
0.025677102,0.16551563,"0"
0.018105943,0,"0"
0.000644257,0.24505486,"0"
0.0018651861,0.46763444,"0"
0.0023413172,0.94852287,"0"
0.0011520616,0.43651044,"0"
0.0007761813,0,"0"
0.00024793443,0,"0"
0.026426328,0,"0"
0.0006795177,0,"0"
7.683577e-06,0.7226649,"0"
0.00066310144,0,"0"
0.04079398,0,"0"
0.0053011808,0,"0"
0.004095788,0.08975067,"0"
0.0002193406,0.59328866,"0"
0.0012447266,0.052412596,"0"
0.011495669,0.37652305,"1"
0.0016567355,0.6104694,"0"
0.006132088,0,"0"
0.00020835179,0.13827856,"0"
0.32268265,0.6651057,"0"
0.0011364412,0,"0"
0.0018565969,0.09403119,"0"
0.0007227444,0.22225256,"0"
0.00337019,0,"0"
8.385814e-05,0.891988,"0"
0.06539973,0,"0"
0.14853325,0,"0"
0.004019081,0,"0"
0.0012820965,0,"0"
1.1044262e-05,0,"0"
0.0010331229,0.22294526,"0"
0.0051000435,0.43112758,"0"
0.0025134461,0,"0"
0.00042837643,0.07582472,"0"
0.0014396509,0,"0"
0.19742334,0.07056034,"0"
0.006942487,0,"0"
0.0067308135,0,"1"
0.018637773,0.08904438,"0"
0.35835293,0,"0"
0.98529,0,"0"
0.00094076415,0.026462808,"1"
0.42530143,0,"0"
0.008166308,0.6982675,"0"
0.013625455,0,"0"
0.016229589,0.3115349,"0"
0.007642612,0,"0"
0.0014142145,0.37853014,"0"
7.72198e-08,0.9484797,"0"
0.04133383,0.9774814,"1"
0.006414735,0,"0"
0.0003195769,0,"0"
0.0002744,0.92769367,"1"
0.01669407,0.10463784,"0"
2.4959825e-05,0,"0"
0.18047431,0.49161813,"0"
0.033021726,0,"0"
0.00058796676,0,"0"
0.00015788877,0.035425153,"0"
0.00059241516,0.13376914,"0"
0.0018656506,0.19198173,"0"
0.0041544717,0.99387556,"0"
0.00028099082,0.14141937,"0"
0.0041411608,0,"0"
0.05061923,0.077616066,"0"
0.0004024465,0.3352418,"0"
0.0072752545,0,"0"
0.00018041962,0.09555497,"0"
0.00050376775,0.113833755,"0"
0.00033434585,0,"0"
0.0050431956,0,"0"
4.6044817e-05,0,"0"
0.0005821294,0,"0"
7.590201e-05,0.27969885,"0"
0.00016015317,0,"0"
0.00019321134,0.23290722,"0"
0.051991366,0.11108044,"0"
0.070982836,0.14647333,"0"
0.0007833813,0,"0"
0.014918285,0,"0"
0.0047070766,0,"0"
3.3791687e-06,0.4419725,"0"
0.0005759562,0.79971325,"0"
0.028556729,0,"0"
0.0002558844,0.08866462,"0"
0.00056923856,0,"0"
0.0037173321,0.16553272,"0"
0.0151165025,0.571228,"0"
0.011032638,0,"0"
9.0186084e-05,0.18774618,"0"
2.752646e-06,0.1721939,"0"
0.0012548843,0.10515614,"0"
0.0003154083,0.8819284,"0"
0.06050727,0,"0"
1.8986908e-06,0.5268438,"0"
0.07508615,0,"0"
0.03460375,0.1266412,"0"
0.0022726678,0.3077659,"0"
0.0004598886,0.60967964,"0"
0.07455917,0.27555442,"0"
0.009626508,0,"0"
0.0007360609,0.12789159,"0"
1.9158144e-05,0.08355663,"0"
0.004866865,0.56913257,"0"
8.372303e-05,0,"0"
0.20508952,0,"0"
0.01880808,0.89346063,"1"
0.0011202001,0.9657962,"0"
0.008471002,0.07556049,"0"
0.00028945986,0,"0"
0.012589275,0.23665646,"0"
0.00183541,0.53184986,"0"
0.4784682,0.19857265,"0"
0.00241055,0,"0"
0.00034312575,0,"0"
0.00023722893,0.49874088,"0"
0.04204897,0,"0"
0.00060205255,0.14587942,"0"
0.853375,0,"0"
0.0018988523,0.052164566,"0"
0.00014303124,0,"0"
0.0039199106,0.12608646,"0"
0.0004971135,0,"0"
0.00013025968,0,"0"
0.0004531758,0.30414146,"0"
0.029165246,0.24053334,"0"
8.214414e-06,0.022671392,"1"
0.0005631507,0,"0"
0.012358215,0.5774445,"0"
0.003268274,0.10148074,"0"
0.002159742,0,"0"
0.00013083927,0,"0"
0.0071172058,0.25370395,"0"
0.00018453594,0.108045705,"0"
3.616907e-05,0,"0"
0.00030057164,0.050854612,"0"
0.015487755,0.050501753,"0"
0.00011962492,0.99909925,"1"
0.021868655,0,"0"
0.006906618,0,"0"
0.0006886107,0.059024826,"0"
0.0030535401,0,"0"
0.009715402,0,"0"
0.10146576,0.70019466,"0"
0.017845595,0.3600544,"0"
0.011530969,0.39876837,"0"
0.00058220566,0.39753234,"0"
0.008232916,0,"0"
0.00087222294,0,"0"
0.35658222,0.12986444,"0"
8.10251e-05,0,"0"
0.012207344,0.30833402,"0"
0.0075991205,0.27147037,"0"
0.0013744452,0.7657182,"0"
0.009033988,0.6150947,"0"
0.0021415772,0,"0"
0.01081147,0.7305457,"0"
0.03635847,0.06479237,"0"
0.03226424,0.69994646,"0"
0.00051319454,0,"0"
0.05204827,0,"0"
0.0036708396,0.020071493,"0"
0.0027528887,0.024514647,"0"
0.0043768766,0,"0"
0.04019239,0,"0"
0.0018538074,0.73058057,"0"
0.0002984085,0,"0"
0.57867014,0,"0"
0.15902139,0.11650604,"0"
0.9147205,0.2746996,"0"
1.2625211e-05,0.3105165,"0"
0.0008420624,0.17767854,"0"
0.002403339,0,"0"
0.005047993,0.07557581,"0"
0.0005443894,0,"0"
0.00088579516,0,"0"
5.988404e-05,0,"0"
0.0035684027,0.3974543,"0"
0.001970633,0.99622464,"0"
0.00265325,0,"0"
0.0011191464,0,"0"
0.012206545,0.12618297,"0"
0.0003167626,0,"0"
0.0010942125,0.4693778,"0"
0.1470615,0,"0"
0.00023613423,0.104526505,"0"
0.00037705392,0,"0"
0.00018066699,0.06419854,"0"
0.0030596852,0.2045136,"0"
0.004348115,0.012708431,"0"
0.002024863,0.64377064,"0"
0.0020926024,0.97930455,"0"
0.3107655,0,"0"
0.003476256,0.094516486,"0"
4.1001185e-05,0,"0"
0.018389624,0.044484366,"0"
0.003528986,0.15266544,"0"
0.00825968,0.08976495,"0"
0.0002600927,0.2812977,"0"
0.002687142,0,"0"
0.0009688691,0.5109074,"0"
0.009316299,0,"0"
0.007965281,0,"0"
0.01202324,0.732767,"0"
0.033548865,0.06839488,"0"
2.4679462e-06,0.5794284,"0"
0.00010899634,0,"0"
0.08255468,0.03268621,"0"
6.245596e-05,0,"0"
0.0014358227,0,"0"
0.00075714104,0.05198046,"0"
0.0075665955,0,"0"
0.18369031,0.91121924,"0"
0.01026821,0,"0"
0.008649275,0.015852509,"0"
0.0006618873,0,"0"
9.9847166e-05,0.15281932,"0"
5.8958158e-05,0.03258192,"0"
0.024756392,0.68023825,"0"
0.022957992,0,"0"
0.0002204392,0,"0"
3.2713368e-07,0.98892397,"0"
0.8625245,0,"0"
0.0002791074,0,"0"
9.4556344e-05,0,"0"
0.0013990233,0.08677816,"0"
0.0067058066,0.13751157,"0"
0.0003183396,0,"0"
0.037989724,0,"0"
0.000204892,0,"0"
0.016428694,0.09585866,"0"
0.0026243061,0.16176963,"0"
0.004897919,0.41031548,"1"
0.00031016633,0,"0"
8.016915e-05,0.26747668,"0"
4.027294e-06,0.62295616,"0"
0.036195714,0,"0"
0.05173681,0.97429967,"1"
7.194433e-05,0.057791326,"0"
0.048745245,0.16510862,"0"
0.00782759,0.20666052,"0"
3.7289727e-05,0,"0"
0.008045591,0.025785126,"0"
0.005039615,0.21644858,"0"
0.00016976875,0.3881271,"0"
0.0008428868,0.050465696,"0"
0.015414657,0.34727964,"0"
0.021923026,0.06818685,"1"
0.0066207317,0.3721524,"0"
7.643588e-05,0.18264717,"0"
0.005788009,0,"0"
0.25549114,0,"0"
0.0034920254,0.52254164,"0"
0.0011768618,0.3452095,"0"
0.005042748,0.28512955,"0"
0.001891429,0.89203817,"0"
0.0059407735,0.9732301,"0"
0.33751476,0.1181267,"0"
2.292379e-05,0.080698654,"0"
0.008268629,0.07983207,"0"
0.0043621766,0.07340073,"0"
6.448383e-05,0.28398192,"0"
0.003655033,0,"0"
0.0008925824,0,"0"
6.871155e-05,0,"0"
0.045090646,0.32698265,"0"
0.00012845045,0.7728185,"0"
0.0003520494,0,"0"
0.01663808,0,"0"
0.0031530766,0,"0"
1.8049066e-05,0.18876962,"0"
0.023469366,0.03353484,"0"
0.18647379,0.5660918,"0"
0.015693644,0,"0"
0.010150869,0.25097755,"0"
1.2321242e-05,0,"0"
0.16684914,0,"0"
0.0014779177,0,"0"
0.0023607914,0.023360884,"0"
0.014249727,0,"0"
0.0017214753,0.13153186,"0"
0.0045945593,0.8925915,"0"
0.0008994575,0,"0"
0.027165944,0,"0"
6.0453454e-05,0.9281373,"0"
0.010274506,0.08559549,"0"
0.0025552923,0.023326444,"0"
0.009178763,0,"0"
0.00032886004,0.35776734,"0"
0.0102044735,0.09300142,"0"
0.029634425,0.042376805,"0"
0.00035647294,0.84133434,"0"
0.0013804797,0.042344842,"0"
0.006314069,0.04813897,"0"
0.0009991694,0,"0"
1.5177544e-05,0.35950488,"0"
0.11241141,0.5340743,"0"
0.005786042,0.22244722,"0"
0.05630137,0,"0"
0.73441976,0,"0"
0.0016530252,0.05676643,"0"
0.0018140216,0.09542501,"0"
0.00012963651,0.41769797,"0"
0.036948156,0.013634873,"0"
0.0033864682,0.15224266,"0"
0.0005396874,0.03874012,"0"
0.0030810516,0.35936874,"0"
0.0007002672,0,"0"
0.0012469699,0.9145182,"0"
0.0001232685,0.5470533,"0"
0.0001810885,0,"0"
0.0026853064,0.9715908,"0"
0.06147882,0.06281135,"0"
0.8748369,0,"0"
3.045294e-06,0.15047029,"0"
2.3184868e-05,0,"0"
0.007989627,0.39633867,"0"
0.04860155,0.4556051,"0"
0.002197483,0.30563042,"0"
6.207056e-05,0,"0"
0.7707679,0,"0"
0.0008898315,0.1561355,"0"
0.0083215805,0.0727271,"0"
0.000813105,0.09592667,"0"
0.025370909,0,"0"
5.26306e-06,0.11028966,"0"
7.5753774e-06,0.9264445,"0"
0.3380904,0,"0"
1.9868523e-05,0,"0"
0.009560673,0,"0"
0.0013638572,0,"0"
0.0048058736,0.024546357,"0"
0.0010780873,0,"0"
0.23405325,0,"0"
1.1359198e-05,0.31877315,"0"
2.434235e-06,0.7988092,"0"
0.010080737,0,"0"
0.016791118,0,"0"
0.010080698,0,"0"
0.0032996265,0,"1"
0.0048322296,0,"1"
5.2697746e-06,0,"1"
1,0,"1"
0.0023281998,0.14467232,"1"
0.006435834,0,"1"
0.00085806375,0.0093491925,"1"
9.5190444e-05,0.02132122,"1"
0.25291967,0.68583083,"1"
0.9999645,0,"1"
0.041547295,0,"0"
9.833214e-05,0.9059193,"0"
0.00010012576,0,"0"
0.98869705,0.26195258,"0"
0.004877852,0.9772117,"0"
0.008968167,0.96590436,"0"
0.0011005491,0,"0"
0.00025589418,0,"0"
0.0005374938,0.61475885,"0"
0.18084091,0,"0"
0.0017275829,0.43128186,"0"
0.00024078149,0,"0"
0.12768131,0.61209977,"0"
0.0025456585,0.92941356,"0"
0.06301205,0.05157708,"0"
0.029189976,0,"0"
0.000521353,0.9803781,"1"
0.015956387,0.106186435,"0"
0.011494369,0.022570716,"0"
3.188214e-05,0.56896615,"0"
0.0006425067,0,"0"
0.011295744,0.34917954,"0"
0.40129966,0,"0"
2.2169824e-10,0,"0"
0.57095444,0,"0"
0.07870889,0.90254754,"0"
0.005794555,0,"0"
0.8984817,0,"0"
0.00050312426,0,"0"
0.00015731546,0.87718236,"0"
0.12367926,0.845249,"0"
0.5801719,0.9478953,"0"
0.003021215,0,"0"
0.33571824,0.23286046,"0"
4.0257805e-06,0.7143569,"0"
0.0019121999,0.8081038,"0"
0.07851264,0.55328614,"0"
0.08280704,0.34541762,"0"
0.0011205465,0.79436386,"0"
0.20010023,0,"0"
0.0001854783,0,"0"
0.00020894763,0,"0"
0.0012149944,0,"0"
0.00085154164,0.5220051,"0"
0.001618784,0.8960516,"0"
0.01241209,0,"0"
0.0011494643,0,"0"
0.0033119188,0.9716599,"0"
0.0026759822,0.1657484,"0"
0.10828812,0,"0"
0.0041160816,0.985572,"0"
0.00070627773,0.5721516,"0"
4.6957535e-05,0,"0"
0.19388069,0.51563543,"0"
0.002757529,0,"0"
2.3808818e-06,0,"0"
0.92821205,0.27728608,"0"
0.0012885714,0,"0"
0.0015527501,0.47818902,"0"
0.0007646825,0.78190833,"0"
0.014362113,0.6563403,"0"
0.011421671,0,"0"
0.008671812,0.86738634,"0"
0.00216022,0.6336856,"0"
0.061259117,0,"0"
0.009285982,0.90500206,"0"
0.0812048,0,"0"
0.0038069312,0,"0"
0.0015951223,0.80859345,"0"
0.9999956,0,"0"
0.004560668,0,"0"
0.0037660147,0,"0"
0.23369299,0,"0"
0.24547637,0.4602434,"0"
0.004722294,0.68388486,"0"
0.047230422,0.9020482,"0"
0.006583133,0.95771253,"0"
0.0026988457,0,"0"
0.00029792407,0,"0"
0.00033179286,0.2524596,"0"
0.06990326,0,"0"
0.0018485588,0,"0"
0.0033872048,0,"0"
0.0014906235,0,"0"
0.27115175,0.31885087,"0"
0.026531631,0.9944918,"0"
0.034380022,0.5262897,"0"
0.47064748,0.08384848,"0"
0.0045898487,0,"0"
0.8074516,0.86204404,"0"
2.7759143e-05,0,"0"
0.025616616,0,"0"
0.0013033517,0,"0"
0.9704926,0.5260959,"0"
0.83926433,0.40855372,"0"
0.0066630356,0,"0"
1.6134794e-05,0.36291546,"0"
0.0013106994,0.4578011,"0"
0.019306488,0.45345098,"0"
0.0013561331,0,"0"
0.025647962,0,"0"
0.012586851,0,"0"
0.011785888,0.9910217,"0"
0.011849374,0,"0"
0.00011648024,0,"0"
0.011587675,0.7537263,"0"
0.005761167,0.8015386,"0"
0.0043665036,0,"0"
3.4656656e-05,0.34831378,"0"
0.033950627,0,"0"
0.17682417,0.52777606,"0"
0.0004930165,0.7705742,"0"
4.9439142e-05,0.98491055,"0"
0.005592327,0.7357497,"0"
0.036050636,0,"0"
6.608983e-05,0.15622266,"0"
0.0007107421,0,"0"
0.00022544559,0,"0"
0.023004865,0,"0"
0.11581252,0,"0"
9.47045e-06,0.8529768,"0"
0.0047335555,0,"0"
0.0009427849,0,"0"
0.19907244,0.9803801,"0"
0.005314801,0.30502167,"0"
0.0067257504,0,"0"
0.001977668,0,"0"
0.009834456,0,"0"
0.0034091156,0.1487298,"0"
0.00042033734,0,"0"
0.0041088755,0,"0"
0.002385662,0,"0"
0.00018986347,0,"0"
0.0006835604,0,"0"
0.04832719,0.959916,"0"
0.019830644,0.32425585,"0"
0.015063172,0,"0"
0.0014028222,0.9296129,"0"
0.007228447,0.5758613,"0"
0.004257707,0,"0"
0.0017951757,0.36471924,"0"
0.00063788117,0.4616908,"0"
0.010642254,0.9472316,"0"
0.0014369219,0,"0"
0.00028431756,0.047149573,"0"
0.000646429,0.08339534,"0"
0.059204567,0.8836571,"0"
0.009793174,0,"0"
0.0004197255,0,"0"
0.00029733442,0,"0"
0.016664399,0,"0"
0.0005130933,0.11384535,"0"
0.00015118472,0,"0"
0.004025767,0,"0"
0.0010651883,0.8463775,"0"
0.0006975643,0.9783692,"0"
0.6245367,0.89331,"0"
0.69267356,0.82535756,"0"
0.023320721,0,"0"
0.010472796,0,"0"
0.08446605,0,"0"
0.12921424,0,"0"
0.032240875,0,"0"
0.03809372,0.032488804,"0"
0.2251819,0,"0"
0.0062709926,0.7996061,"0"
0.5322237,0.99628794,"0"
0.011667568,0,"0"
0.0012272355,0,"0"
0.00015967546,0,"0"
0.0046942085,0.4687879,"0"
0.026023507,0.81919867,"0"
0.023572028,0,"0"
0.0027133524,0.110462055,"0"
0.000107347,0.8232834,"0"
0.004146844,0,"0"
7.366387e-05,0.3150793,"0"
0.00022791723,0.96895885,"0"
0.00045541092,0.98948824,"0"
0.0036264788,0.87997925,"0"
0.1351588,0.027549062,"0"
0.05826392,0,"0"
0.45623815,0,"0"
0.0012560609,0,"0"
0.023573322,0.7924898,"0"
0.00028542132,0.69542813,"0"
0.004891984,0,"0"
0.14512534,0,"0"
0.008131543,0.7557968,"0"
0.20237447,0,"0"
0.25222534,0,"0"
0.007771247,0,"0"
0.022899194,0,"0"
0.049492273,0,"0"
0.8012967,0.16482434,"0"
0.030660633,0,"0"
0.00015708747,0.22074768,"0"
0.0030030706,0.7438737,"0"
0.0007529258,0,"0"
0.0009472553,0.855042,"0"
0.0044505256,0.88764083,"0"
4.7190974e-06,0,"0"
0.00075387745,0.8391555,"0"
0.009709788,0,"0"
0.00042113927,0.17875971,"0"
0.0025540153,0,"0"
0.076599844,0.5133692,"0"
0.04207281,0.45465428,"0"
0.0011177432,0.29253298,"0"
0.016056033,0,"0"
0.005531793,0,"0"
0.00076915766,0,"0"
0.0018578768,0.9460353,"0"
0.0028013121,0.55771565,"0"
0.0004092492,0.8899751,"0"
0.0977516,0,"0"
0.12747256,0,"0"
0.0044463,0.26871905,"0"
0.00070465234,0.92767674,"0"
0.00040893175,0,"0"
0.31296602,0,"0"
0.007701162,0.78470665,"0"
0.010135558,0,"0"
0.0383089,0,"0"
0.0005347905,0,"0"
0.00017200675,0.99655896,"0"
0.0005504429,0,"0"
0.00017475216,0.12458661,"0"
0.0008756821,0,"0"
0.0082914885,0.99972254,"0"
0.040704403,0,"0"
0.030940354,0.77889884,"0"
0.21561237,0,"0"
0.0003463381,0.74932784,"0"
0.00081125385,0,"0"
0.0014729475,0,"0"
0.03488251,0.22789517,"0"
0.008732162,0,"0"
0.0028037746,0.977522,"0"
0.0013180226,0.93194777,"0"
0.010496384,0.076651715,"0"
0.0039262404,0.61323786,"0"
0.020532371,0,"0"
0.0043191663,0.4713309,"0"
0.020095672,0.71014214,"0"
1.6743463e-06,0,"0"
0.0020793097,0.29783058,"0"
0.46297425,0,"0"
0.00014704608,0.027237872,"0"
0.25677648,0,"0"
0.07653838,0.806192,"0"
0.009715548,0.79812753,"0"
0.027332226,0,"0"
0.00044785772,0,"0"
0.8041569,0,"0"
0.011745547,0.25587386,"0"
0.0061556348,0,"0"
0.005565036,0.57031345,"0"
2.711917e-05,0.23798795,"0"
0.00058101106,0,"0"
0.0030929118,0.56701154,"0"
0.027585026,0,"0"
0.006293617,0,"0"
0.92959577,0,"0"
0.00020051948,0,"0"
0.0014609325,0,"0"
0.036046647,0.8437449,"0"
0.0017577894,0.690763,"0"
5.06753e-05,0,"0"
0.014909906,0.6133463,"0"
0.01357833,0.22660443,"0"
0.046297416,0.9770632,"0"
0.014925393,0.47430855,"0"
0.035576236,0,"0"
0.013350618,0.63255346,"0"
0.0012070731,0.18995832,"0"
0.0018225539,0.39933795,"0"
0.011295334,0.19471359,"0"
0.0011409079,0,"0"
0.051083196,0,"0"
0.1313746,0,"0"
0.0026815622,0,"0"
0.0053536994,0.03445048,"0"
0.00038661552,0,"0"
0.01632888,0,"0"
0.0002873402,0,"0"
0.01585164,0.1694901,"0"
0.08055569,0.05358646,"0"
0.011358801,0.32915422,"0"
0.00068496016,0.7263673,"0"
0.061708543,0.18635076,"0"
0.0026657055,0,"0"
0.00013082617,0.15290381,"0"
0.74982566,0.34631968,"0"
0.03307913,0,"0"
0.007998706,0.8877982,"0"
0.0006823081,0.94655937,"0"
0.0070721307,0,"0"
0.0008463608,0.8406224,"0"
0.26916265,0,"0"
0.06385985,0,"0"
0.01654381,0,"0"
0.015507163,0,"0"
0.007433687,0,"0"
0.00041374026,0.49506038,"0"
0.15497145,0.962131,"0"
0.0016110021,0,"0"
0.0016937716,0.07268313,"0"
0.002508825,0,"0"
0.035049025,0.16803068,"0"
0.060007013,0,"0"
0.0077911234,0.94541746,"0"
0.042422574,0,"0"
0.0976536,0,"0"
0.0024854264,0.2918459,"0"
0.23536637,0,"0"
0.044850335,0.07307661,"0"
0.0058218306,0,"0"
0.0016948452,0.5847855,"0"
0.35258695,0,"0"
0.000356263,0.28272977,"0"
0.0011616887,0.22751093,"0"
0.01585806,0,"0"
0.00094063417,0,"0"
0.0015767509,0.32370877,"0"
0.00020434339,0,"0"
0.033245884,0.42004752,"0"
6.581423e-05,0,"0"
0.00024964966,0,"0"
0.009720551,0.8155621,"0"
0.00018850299,0.8361184,"0"
0.0036627841,0.72133946,"0"
0.55505615,0.9917459,"0"
0.0037470756,0.9679364,"0"
0.00053828186,0.6934988,"0"
0.0032475975,0,"0"
0.0021299112,0.16632207,"0"
0.0027272576,0.22207218,"0"
0.004661679,0.64878565,"0"
0.001840745,0.9008825,"0"
0.0004625824,0,"0"
0.102459975,0,"0"
7.6130345e-05,0,"0"
0.0021156752,0,"0"
0.010562457,0.78717726,"0"
0.00026205086,0,"0"
0.044857282,0.15802656,"0"
0.0009784489,0.77119875,"0"
0.07261435,0.9903508,"0"
0.006771736,0,"0"
0.0010786292,0,"0"
0.003979024,0,"0"
2.3647746e-09,0.92479515,"0"
0.000835878,0.94355303,"0"
0.055529967,0,"0"
0.00038286307,0.20067914,"0"
0.003063433,0,"0"
0.00034604786,0.25134873,"0"
0.008452115,0.5863656,"0"
0.0035216778,0,"0"
0.00013918025,0.52793336,"0"
0.008647173,0.13619585,"0"
0.16598837,0.87631345,"0"
0.0014197492,0.23711033,"0"
0.0022587818,0,"0"
1.4778053e-05,0.587045,"0"
0.08737573,0,"0"
0.5743136,0.4296975,"0"
0.0003396382,0.97104275,"0"
0.010779904,0.9817857,"0"
0.053669687,0.7050435,"0"
0.00019232853,0,"0"
0.0017292629,0.546115,"0"
9.322161e-07,0.49506283,"0"
0.00077291264,0.59922945,"0"
0.0014896131,0,"0"
0.15706378,0,"0"
0.0009710371,0.9827466,"0"
0.00032070617,0.97420776,"0"
1.861624e-05,0.044612635,"0"
0.0018810155,0,"0"
0.45417556,0.59895056,"0"
0.003473611,0.5151464,"0"
0.4338589,0.585226,"0"
0.1511605,0,"0"
9.265241e-05,0,"0"
0.017127754,0.8794203,"0"
0.073134184,0,"0"
0.00016358506,0.8607471,"0"
0.12802869,0,"0"
0.00037888324,0.63443434,"0"
0.004348627,0,"0"
0.002273492,0.79193634,"0"
0.2533048,0,"0"
0.00035188766,0,"0"
0.019558614,0.9954092,"0"
0.0027190554,0.16903944,"0"
0.003798028,0.15829061,"0"
0.0006227007,0,"0"
0.6396816,0.98032653,"0"
0.00035282402,0.64235514,"0"
0.0023071186,0,"0"
0.08897698,0.061325256,"0"
0.03746032,0,"0"
0.004933065,0.8130437,"0"
0.6923701,0.7838578,"0"
0.0038700176,0,"0"
0.00021772973,0.9780059,"0"
2.3619792e-07,0.73270464,"0"
0.0018731251,0.96671313,"0"
0.019675715,0,"0"
0.27444503,0,"0"
0.012574163,0.33088174,"0"
0.0024769492,0,"0"
0.0016597299,0,"0"
0.9540066,0.95807,"0"
0.14966384,0.39114702,"0"
0.28179497,0.1594404,"0"
0.3105245,0.8078501,"0"
0.0001592169,0,"0"
0.007317889,0,"0"
0.03495448,0.50012463,"0"
0.004990756,0,"0"
0.05265015,0.2986619,"0"
8.4566906e-05,0.35871422,"0"
0.030197183,0.49487007,"0"
0.051098477,0.5810661,"0"
0.040776316,0,"0"
0.23890783,0.60964346,"0"
0.0048401956,0.7773637,"0"
9.269324e-05,0.7731885,"0"
0.00064365065,0,"0"
0.2131265,0,"0"
0.0035686553,0.92460734,"0"
0.08206254,0.6304299,"0"
0.012512569,0,"0"
0.1427811,0,"0"
0.040499635,0.61160773,"0"
0.0024735278,0,"0"
0.9450894,0.7703248,"0"
0.027653053,0.9563882,"0"
0.0045607937,0.2608179,"0"
0.014154729,0,"0"
0.015479852,0.9133246,"0"
0.006098912,0,"0"
0.028602017,0,"0"
0.00031235276,0,"0"
0.005498508,0.98543996,"0"
0.00037321236,0,"0"
0.20232415,0,"0"
0.43133858,0.95591915,"0"
0.93010753,0,"0"
0.0016422974,0,"0"
0.06067679,0.12892279,"0"
0.0023821578,0,"0"
0.0020984025,0.99689156,"0"
0.00056080346,0.2376116,"0"
0.011002072,0.8690819,"0"
0.008774844,0.99436086,"0"
0.13069703,0,"0"
1.0299744e-05,0.3121569,"0"
4.9624352e-05,0,"0"
0.106500685,0.3363985,"0"
0.019521846,0.3064759,"0"
0.7890802,0.7095929,"0"
0.027696718,0.61209714,"0"
0.0206097,0,"0"
0.00012318237,0.37548715,"0"
0.0046745064,0,"0"
0.9714972,0,"0"
0.08147934,0.15317386,"0"
0.004898091,0.35012037,"0"
0.036045685,0,"0"
0.004712638,0.6723947,"0"
8.847318e-05,0,"0"
0.0025274337,0,"0"
0.0023901036,0.49597806,"0"
0.011307654,0,"0"
0.5003662,0.09606168,"0"
0.00050282176,0,"0"
0.3526411,0.4344494,"0"
0.02061336,0,"0"
0.0391307,0.1663922,"0"
0.019304961,0.74157935,"0"
0.031224707,0.9804505,"0"
0.005399515,0,"0"
0.044647686,0,"0"
0.00014214001,0.9660255,"0"
0.0020365336,0,"0"
0.011498985,0,"0"
0.00044221885,0,"0"
0.37162206,0.92947894,"0"
0.00377385,0.7721466,"0"
0.0007234328,0,"0"
0.0002002816,0,"0"
0.012949512,0,"0"
0.003124262,0.38616562,"0"
0.0013398296,0.8630055,"0"
0.9863853,0.6991211,"0"
0.0012872528,0,"0"
0.3283197,0.79821295,"0"
0.0035804047,0.7510019,"0"
0.000984761,0,"0"
0.001373936,0.92847675,"0"
0.0034613407,0.24372174,"0"
0.020774592,0.50384504,"0"
0.0012574088,0.95565504,"0"
0.097731546,0.8928413,"0"
0.0011607573,0,"0"
0.45712632,0.76360905,"0"
0.028309878,0.6029248,"0"
0.20890577,0.22624102,"0"
0.13671005,0.7246081,"0"
0.0062222034,0.19681537,"0"
0.0004969195,0.1370045,"0"
9.563043e-05,0.8022141,"0"
0.0007102882,0.94318676,"0"
0.09643256,0,"0"
0.0008950872,0,"0"
0.0061985096,0.8899841,"0"
0.0039237347,0.88552666,"0"
0.000557458,0.90398896,"0"
0.030891424,0.701367,"0"
0.00047057387,0.15739727,"0"
0.1610017,0.8797808,"0"
0.49011916,0.05871821,"0"
0.021024268,0.4076782,"0"
7.392445e-05,0.48168555,"0"
0.0040205587,0.13118443,"0"
0.21182749,0,"0"
0.031009197,0,"0"
1.2752286e-06,0,"0"
0.03793095,0.11122272,"0"
0.0018832316,0.9820208,"0"
0.00074834813,0,"0"
0.9189431,0,"0"
0.009319901,0.34136674,"0"
0.0463878,0.8250896,"0"
0.15959182,0.8587635,"0"
0.1306319,0,"0"
6.74825e-05,0.1711039,"0"
0.0013715645,0,"0"
0.88505644,0,"0"
0.0010296465,0,"0"
0.13211213,0.96800286,"0"
0.9999838,0,"0"
0.044552445,0.16831873,"0"
0.1343327,0.4481291,"0"
0.00089034,0,"0"
0.014425972,0,"0"
0.000104023,0,"0"
0.004373375,0.95238066,"0"
0.0002005107,0.955172,"0"
0.0010301989,0.9036998,"0"
0.00026692718,0.5757344,"0"
0.09413859,0.26677942,"0"
0.005750497,0.2664741,"0"
0.018773861,0.9875613,"0"
0.00025298045,0.9381498,"0"
0.0032468291,0.15099649,"0"
0.00031635605,0,"0"
0.008340782,0.946893,"0"
0.00016875521,0.8135501,"0"
0.003955768,0,"0"
0.00064860686,0.13069193,"0"
0.005524382,0,"0"
0.0010962987,0.07236643,"0"
0.0004904465,0.027455516,"0"
0.0027043945,0.9908146,"0"
0.31653172,0.988159,"0"
0.0015299356,0.86880744,"0"
0.12582089,0.22329313,"0"
0.0048529524,0,"0"
0.011431226,0.9521137,"0"
0.0075632334,0.9642585,"0"
0.008801832,0,"0"
0.034007974,0.64759463,"0"
0.010743561,0.46283865,"0"
0.19313475,0,"0"
0.00014604168,0.49519035,"0"
0.0015049666,0,"0"
0.003957508,0.80131817,"0"
0.00035741978,0.56803346,"0"
0.18830931,0.5152274,"0"
0.1350917,0,"0"
0.71420723,0,"0"
0.087159514,0.107366875,"0"
0.011346667,0.55892575,"0"
2.1013159e-06,0.32938632,"0"
0.00010417617,0,"0"
0.00022516867,0.77879953,"0"
0.019904044,0.36276028,"0"
0.1163324,0,"0"
1.94424e-05,0,"0"
0.033561856,0,"0"
0.00040222766,0,"0"
2.8204101e-06,0.31338596,"0"
0.00022963343,0,"0"
0.07408522,0,"0"
0.0172887,0.37415516,"0"
1.2657194e-05,0,"0"
0.114510305,0,"0"
6.276908e-08,0,"0"
0.03954019,0,"0"
0.1456402,0,"0"
0.00903705,0,"0"
0.0009843389,0,"0"
0.3028182,0,"0"
0.0011495524,0,"0"
0.008225163,0,"0"
0.025011726,0,"0"
0.014388034,0,"0"
0.000424787,0,"0"
0.0005987963,0,"0"
9.4067735e-05,0,"0"
0.13606079,0,"0"
0.25474417,0,"0"
0.05232635,0,"0"
0.017319888,0,"0"
0.21118012,0,"0"
0.0027439438,0,"0"
0.3964354,0,"0"
0.0037802625,0,"0"
0.012710621,0,"0"
0.9264195,0,"0"
1.5821819e-05,0,"0"
0.95574695,0,"0"
0.002201861,0,"0"
0.0023402236,0,"0"
0.8512676,0,"0"
0.3767168,0,"0"
0.0012822492,0,"0"
0.0019779897,0,"0"
0.0013043563,0,"0"
0.081869505,0,"0"
0.47547352,0,"0"
0.00020972145,0,"0"
0.006697157,0,"0"
0.0014449992,0,"0"
0.21889248,0,"0"
0.072526194,0,"0"
0.0015673911,0,"0"
0.059958003,0,"0"
0.008354874,0,"0"
7.435685e-05,0,"0"
0.13380407,0,"0"
0.008813503,0,"0"
0.2245933,0,"0"
0.010973195,0,"0"
0.03637354,0,"0"
0.02437787,0,"0"
0.007367167,0,"0"
0.15115044,0,"0"
0.14503643,0,"0"
0.021393802,0,"0"
0.074677564,0,"0"
0.57263964,0,"0"
0.0044281236,0,"0"
0.6369012,0,"0"
0.019047782,0,"0"
0.02056017,0,"0"
0.00044818613,0,"0"
0.012766969,0,"0"
0.0064888843,0,"0"
0.0005030749,0,"0"
0.16517122,0,"0"
0.0050376784,0,"0"
0.0011703148,0,"0"
0.00047108345,0,"0"
0.009292933,0,"0"
0.006849822,0,"0"
0.0076111183,0,"0"
0.08761489,0,"0"
0.013480116,0,"0"
0.22112504,0,"0"
0.0025522462,0,"0"
0.11254866,0,"0"
0.010974359,0,"0"
0.003908193,0,"0"
0.0045258957,0,"0"
0.0024081692,0,"0"
0.66210437,0,"0"
0.26993853,0,"0"
0.00039345984,0,"0"
0.17224652,0,"0"
0.05553954,0,"0"
0.003973219,0,"0"
0.020008607,0,"0"
0.09925262,0,"0"
0.43162692,0,"0"
0.039847303,0,"0"
0.37009934,0,"0"
0.005028068,0,"0"
0.15974447,0,"0"
0.5256342,0,"0"
0.62487173,0,"0"
0.051469587,0,"0"
0.28758046,0,"0"
0.0050987126,0,"0"
0.4488525,0,"0"
0.0060567698,0,"0"
0.00049543515,0,"0"
0.003057032,0,"0"
0.012270518,0,"0"
0.034669966,0,"0"
0.14723304,0,"0"
0.006799567,0,"0"
0.000109101566,0,"0"
0.09772708,0,"0"
0.00144526,0,"0"
0.09542069,0,"0"
0.60095775,0,"0"
0.034355745,0,"0"
0.0009088798,0,"0"
0.004756922,0,"0"
4.2193125e-08,0,"0"
0.009710476,0,"0"
0.049247403,0,"0"
0.64767414,0,"0"
0.13690963,0,"0"
0.00051454594,0,"0"
0.012696799,0,"0"
0.032893762,0,"0"
0.1374484,0,"0"
0.019307572,0,"0"
0.9475639,0,"0"
4.7052154e-06,0,"0"
0.00027690272,0,"0"
0.005588383,0,"0"
0.016532876,0,"0"
0.898623,0,"0"
0.22294368,0,"0"
0.03444863,0,"0"
0.0001617161,0,"0"
0.07748742,0,"0"
0.009565767,0,"0"
0.058729764,0,"0"
0.07532591,0,"0"
0.0009618661,0,"0"
0.24177347,0,"0"
0.015298795,0,"0"
0.10476347,0,"0"
0.006941642,0,"0"
0.082666494,0,"0"
0.059323106,0,"0"
0.042963278,0,"0"
0.0036280248,0,"0"
0.0035653282,0,"0"
0.002171501,0,"0"
0.04651105,0,"0"
0.009235066,0,"0"
0.012683281,0,"0"
0.072936215,0,"0"
0.014097042,0,"0"
0.015245184,0,"0"
0.00023341608,0,"0"
0.64458764,0,"0"
0.009398431,0,"0"
0.054597285,0,"0"
6.685464e-06,0,"0"
0.9875987,0,"0"
0.99332,0,"0"
0.04170779,0,"0"
0.23340076,0,"0"
0.55081195,0,"0"
0.0010680534,0,"0"
0.25122148,0,"0"
0.30579436,0,"0"
0.0687089,0,"0"
0.040539782,0,"0"
0.00048667347,0,"0"
0.00027565967,0,"0"
0.090243466,0,"0"
0.17163655,0,"0"
0.06775792,0,"0"
0.0025653702,0,"0"
0.005907693,0,"0"
0.1713301,0,"0"
0.051928043,0,"0"
0.011559173,0,"0"
0.14130522,0,"0"
0.010507185,0,"0"
0.00045103277,0,"0"
0.008304955,0,"0"
0.024730597,0,"0"
0.07031897,0,"0"
0.923614,0,"0"
0.027521668,0,"0"
0.031104747,0,"0"
0.10210183,0,"0"
0.3590416,0,"0"
0.6468014,0,"0"
0.07835922,0,"0"
0.045930445,0,"0"
0.034726523,0,"0"
0.20818889,0,"0"
0.8460938,0,"0"
0.067693636,0,"0"
0.009521311,0,"0"
0.1843225,0,"0"
0.0018161271,0,"0"
0.76114076,0,"0"
0.0041719954,0,"0"
0.20500481,0,"0"
0.002071896,0,"0"
0.35264322,0,"0"
0.06191258,0,"0"
0.0025613701,0,"0"
5.0048035e-05,0,"0"
0.0071309563,0,"0"
0.3551525,0,"0"
0.0013659345,0,"0"
0.0028961415,0,"0"
0.00826127,0,"0"
0.054382525,0,"0"
0.029515581,0,"0"
0.46418437,0,"0"
0.0032816676,0,"0"
0.0013506352,0,"0"
0.15418284,0,"0"
0.00031708318,0,"0"
0.008825045,0,"0"
0.23573178,0,"0"
0.0028007631,0,"0"
0.77997625,0,"0"
0.022675028,0,"0"
0.030897832,0,"0"
0.18098733,0,"0"
0.0002826012,0,"0"
0.0063761887,0,"0"
0.000115975185,0,"0"
0.0010675128,0,"0"
3.404806e-05,0,"0"
0.032430273,0,"0"
0.13762994,0,"0"
0.31973368,0,"0"
0.62262523,0,"0"
0.07917131,0,"0"
0.011910049,0,"0"
0.7608857,0,"0"
0.006789401,0,"0"
0.0025723577,0,"0"
0.0111481445,0,"0"
0.81382495,0,"0"
0.10407879,0,"0"
0.0005556041,0,"0"
0.121039644,0,"0"
0.56460786,0,"0"
0.0154399695,0,"0"
0.07314094,0,"0"
0.0011106916,0,"0"
0.09518367,0,"0"
0.0053134854,0,"0"
0.06351398,0,"0"
0.037277196,0,"0"
0.020207403,0,"0"
0.020417908,0,"0"
0.21928254,0,"0"
0.00080900127,0,"0"
0.008142281,0,"0"
0.020166809,0,"0"
0.018467858,0,"0"
0.007666369,0,"0"
0.06351761,0,"0"
0.08074237,0,"0"
0.0021180836,0,"1"
0.0029841394,0,"0"
0.7582993,0,"0"
0.11164224,0,"0"
0.050108615,0,"0"
0.003759646,0,"0"
0.029918065,0,"0"
0.022669699,0,"0"
0.1006985,0,"0"
0.039504293,0,"0"
0.052393142,0,"0"
0.089694336,0,"0"
0.07520478,0,"0"
0.0014628808,0,"0"
0.05057149,0,"0"
0.023912137,0,"0"
0.027420986,0,"0"
0.020835092,0,"0"
0.84083915,0,"0"
0.009271249,0,"0"
0.03544405,0,"0"
0.27420738,0,"0"
0.017787678,0,"0"
0.17102309,0,"0"
0.8556003,0,"0"
0.2075656,0,"0"
0.01199975,0,"0"
0.018184124,0,"0"
0.0072984304,0,"0"
0.0022499699,0,"0"
0.10572848,0,"0"
0.031216977,0,"0"
0.024135325,0,"0"
0.00034359368,0,"0"
0.036245883,0,"0"
0.29530483,0,"0"
0.07357677,0,"0"
0.08417223,0,"0"
0.009090602,0,"0"
0.05142193,0,"0"
0.16027737,0,"0"
0.019953664,0,"0"
0.013374709,0,"0"
0.0055842265,0,"0"
0.028927205,0,"0"
0.005505038,0,"0"
0.004355644,0,"0"
0.9597717,0,"0"
0.06571828,0,"0"
0.29567882,0,"0"
0.8698464,0,"0"
0.014416057,0,"0"
0.5956805,0,"0"
0.15989637,0,"0"
0.13758372,0,"0"
0.8270345,0,"0"
0.03977214,0,"0"
0.044681564,0,"0"
0.024561683,0,"0"
3.7275895e-05,0,"0"
0.3910813,0,"0"
0.04370411,0,"0"
0.36203396,0,"0"
0.012612657,0,"0"
0.022695566,0,"0"
0.0055484907,0,"0"
0.0014096368,0,"0"
0.015634196,0,"0"
0.00037915134,0,"0"
0.00042449488,0,"0"
0.008787715,0,"0"
0.034268375,0,"0"
0.13051961,0,"0"
0.57602817,0,"0"
0.41643623,0,"0"
0.024731103,0,"0"
0.15881035,0,"0"
0.02681347,0,"0"
0.14855902,0,"0"
0.0005648481,0,"0"
0.016036302,0,"0"
0.37515685,0,"0"
0.1134896,0,"0"
0.5675653,0,"0"
0.00057118037,0,"0"
0.0036042093,0,"0"
0.010102363,0,"0"
1.8240094e-07,0,"0"
0.0011145709,0,"0"
0.0324916,0,"0"
0.02187033,0,"0"
0.0015615158,0,"0"
0.19756301,0,"0"
0.01517623,0,"0"
0.00023376287,0,"0"
0.0025644223,0,"0"
0.0074079074,0,"0"
6.6281377e-06,0,"0"
0.014530975,0,"0"
0.00028844248,0,"0"
0.60515493,0,"0"
0.18340263,0,"0"
0.0035724775,0,"0"
0.013711359,0,"0"
0.15351178,0,"0"
0.90717006,0,"0"
0.38533872,0,"0"
0.14591968,0,"0"
0.8999405,0,"0"
0.7979015,0,"0"
0.026337601,0,"0"
0.0024531318,0,"0"
0.13531516,0,"0"
0.016358217,0,"0"
0.0073899175,0,"0"
0.05780848,0,"0"
0.013724151,0,"0"
0.0054940716,0,"0"
0.028026583,0,"0"
0.1544903,0,"0"
0.02662543,0,"0"
0.8374247,0,"0"
0.020522611,0,"0"
0.9975993,0,"0"
0.03036238,0,"0"
0.00056629925,0,"0"
0.001826037,0,"0"
0.03668906,0,"0"
0.45020482,0,"0"
0.0057792766,0,"0"
7.953872e-05,0,"1"
0.06977469,0,"0"
0.06715554,0,"0"
0.0036856618,0,"0"
0.025670968,0,"0"
0.04422045,0,"0"
0.020932889,0,"0"
0.0014279941,0,"0"
0.0043175463,0,"0"
0.9859781,0,"0"
0.039491545,0,"0"
0.016178742,0,"0"
0.06535129,0,"0"
0.0016027862,0,"0"
0.22243501,0,"0"
0.021575829,0,"0"
0.16735348,0,"0"
0.069040224,0,"0"
0.32714275,0,"0"
0.036514577,0,"0"
0.0034037137,0,"0"
0.009562411,0,"0"
0.41714203,0,"0"
0.011995018,0,"0"
0.2276947,0,"0"
0.5995252,0,"0"
0.009362645,0,"0"
0.49657503,0,"0"
0.03836107,0,"0"
0.9804426,0,"0"
0.07944445,0,"0"
0.019530626,0,"0"
0.46783912,0,"0"
0.16622075,0,"0"
0.0015111637,0,"0"
0.0037297583,0,"0"
0.058463685,0,"0"
0.23100336,0,"0"
0.38257766,0,"0"
0.002851284,0,"0"
0.0018043073,0,"0"
0.012466062,0,"0"
0.8721664,0,"0"
0.010247258,0,"0"
0.30691662,0,"0"
0.0022379241,0,"0"
0.062921055,0,"0"
0.0072656632,0,"0"
0.034312584,0,"0"
0.006993797,0,"0"
0.03712543,0,"0"
0.2582153,0,"0"
0.002922766,0,"0"
0.40942568,0,"0"
0.86799145,0,"0"
0.35381752,0,"0"
0.22574392,0,"0"
0.03132993,0,"0"
0.025432805,0,"0"
0.005183444,0,"0"
0.0042576687,0,"0"
0.26417303,0,"0"
0.9915802,0,"0"
0.114738666,0,"0"
0.00045123431,0,"0"
0.0750709,0,"0"
0.026049698,0,"0"
0.22403897,0,"0"
0.077689,0,"0"
0.016027072,0,"0"
5.1883612e-06,0,"0"
0.031358797,0,"0"
0.22612956,0,"0"
0.05171144,0,"0"
0.00059770385,0,"0"
0.005021119,0,"0"
0.04116636,0,"0"
0.0018077055,0,"0"
0.0058897613,0,"0"
0.020439291,0,"0"
0.23308256,0,"0"
0.04067343,0,"0"
0.01433819,0,"0"
0.46406376,0,"0"
0.53008366,0,"0"
0.025515538,0,"0"
0.32002386,0,"0"
0.0136186965,0,"0"
0.6085873,0,"0"
0.0081088655,0,"0"
0.028709657,0,"0"
1.1799578e-05,0,"0"
0.010806305,0,"0"
0.11201889,0,"0"
0.0064555174,0,"0"
0.10185542,0,"0"
0.992184,0,"0"
0.048357617,0,"0"
0.05205956,0,"0"
0.0057906606,0,"0"
0.08735308,0,"0"
0.00038234258,0,"0"
0.06048421,0,"0"
0.32465634,0,"0"
0.0055772294,0,"0"
0.013448554,0,"0"
0.15825388,0,"0"
0.3072046,0,"0"
0.011212944,0,"0"
0.6212133,0,"0"
0.3562625,0,"0"
0.06447989,0,"0"
0.02284043,0,"0"
0.17093052,0,"0"
0.09218718,0,"0"
0.0013223119,0,"0"
0.07421862,0,"0"
0.94909495,0,"0"
0.036583457,0,"0"
0.0008901835,0,"0"
0.3063406,0,"0"
0.021883922,0,"0"
0.2869063,0,"0"
0.20703958,0,"0"
0.9885964,0,"0"
0.057633225,0,"0"
0.4772493,0,"0"
0.07663769,0,"0"
0.5966492,0,"0"
0.009377645,0,"0"
0.029704904,0,"0"
0.032176085,0,"0"
0.020896241,0,"0"
0.9459744,0,"0"
0.0015667807,0,"0"
0.024534933,0,"0"
0.6949612,0,"0"
0.3321121,0,"0"
0.011418204,0,"0"
0.077994004,0,"0"
0.9460253,0,"0"
0.011589697,0,"0"
0.00025878492,0,"1"
0.0146404,0,"0"
0.42790297,0,"0"
0.04046328,0,"0"
5.906035e-05,0,"0"
6.0941926e-05,0,"0"
0.03694439,0,"0"
0.81867176,0,"0"
0.09071275,0,"0"
0.20606144,0,"0"
0.005698051,0,"0"
0.06200757,0,"0"
0.0046366625,0,"0"
0.04674264,0,"0"
0.0077238306,0,"0"
0.07286927,0,"0"
0.007359852,0,"0"
0.0069400216,0,"0"
0.012578953,0,"0"
0.062060613,0,"0"
0.09251797,0,"0"
0.15246744,0,"0"
0.0034070767,0,"0"
0.088575736,0,"0"
0.027565463,0,"0"
0.04601579,0,"0"
0.17010199,0,"0"
0.30895865,0,"0"
0.0001750804,0,"0"
0.8190153,0,"0"
9.712882e-07,0,"0"
0.6218346,0,"0"
0.0001240555,0,"0"
6.027392e-05,0,"0"
5.2891448e-08,0,"0"
0.041249953,0,"0"
0.19918229,0,"0"
0.10072315,0,"0"
0.050625827,0,"0"
0.007991131,0,"0"
0.0018005719,0,"0"
0.000171469,0,"0"
1.1146179e-05,0,"0"
0.23916595,0,"0"
0.9276127,0,"0"
2.9533792e-05,0,"0"
3.2439257e-08,0,"0"
0.0010148686,0,"0"
2.052277e-06,0,"0"
0.0650412,0,"0"
1.8240318e-06,0,"0"
0.07917155,0,"0"
0.16960973,0,"0"
0.1022309,0,"0"
3.3976896e-05,0,"0"
0.0022080664,0,"0"
0.09662297,0,"0"
4.363527e-07,0,"0"
0.23075478,0,"0"
5.633991e-05,0,"0"
0.7483983,0,"0"
0.0001241298,0,"0"
0.00074762845,0,"0"
0.053600613,0,"0"
9.5302335e-07,0,"0"
1.7411529e-07,0,"0"
0.000102056074,0,"0"
5.693495e-05,0,"0"
0.5459145,0,"0"
1.6370506e-05,0,"0"
1,0,"1"
0.3937016,0,"1"
0.23519558,0,"1"
0.00094041554,0,"1"
0.0004378243,0,"0"
0.8238436,0.23405866,"0"
0.00013403245,0.9667566,"0"
0.00016770183,0.013923862,"0"
0.0014474218,0,"0"
0.0006485627,0,"0"
0.045122445,0,"0"
0.00031422937,0.38628656,"0"
6.439067e-05,0,"0"
5.973176e-07,0.017462559,"0"
0.0010390471,0,"0"
0.0030574375,0.16149214,"0"
1.6096537e-07,0.4355116,"0"
0.01794109,0.014229475,"0"
0.0015917995,0,"0"
1.4461257e-05,0.3681959,"0"
0.00017186871,0.2891977,"0"
0.023125947,0.64304245,"0"
0.70706415,0.64552385,"0"
7.430093e-05,0,"0"
0.0003165706,0.0030064662,"0"
0.17627652,0,"0"
1.2348165e-11,0,"0"
0.20077197,0,"0"
0.016326284,0.026498271,"0"
0.015374607,0,"0"
0.005430885,0,"0"
0.00071193627,0.6021408,"0"
0.023299444,0.40828162,"0"
0.0076052547,0.62536925,"0"
0.018705923,0,"0"
0.45661822,0,"0"
0.010317396,0.35945913,"0"
3.7529175e-05,0.14970072,"0"
0.0004039638,0.01241769,"0"
0.0020849828,0.026678342,"0"
9.470071e-06,0.38610774,"0"
0.02182253,0,"0"
0.00020501902,0,"0"
0.0006787368,0,"0"
0.0074919085,0,"0"
0.00011743937,0.066994354,"0"
0.0015231647,0.972828,"0"
5.522475e-06,0,"0"
0.007171037,0,"0"
0.02186625,0.8455176,"0"
3.0395493e-06,0.0010072974,"0"
0.0017692053,0,"0"
0.008690105,0.92999524,"0"
7.7925484e-05,0.03793914,"0"
1.5933983e-07,0,"0"
2.5937608e-05,0.8875336,"0"
0.050115526,0,"0"
1.5144941e-05,0,"0"
0.82954586,0.6215162,"0"
1.6109672e-05,0,"0"
0.003981415,0.09477501,"0"
0.0014370211,0.6290429,"0"
0.0063910875,0.02927138,"0"
2.7109187e-05,0,"0"
0.0013128838,0.02928319,"0"
0.0023358439,0.25356138,"0"
0.19151773,0,"0"
0.00020708602,0.7794163,"0"
1.732049e-05,0,"0"
8.8798856e-07,0,"0"
4.387946e-05,0.29199716,"0"
4.3447038e-08,0,"0"
0.003287189,0,"0"
0.0005950675,0,"0"
0.023270978,0.005690208,"0"
0.015348254,0.0018270557,"0"
0.00046863177,0.4566806,"0"
0.00030796818,0.24181888,"0"
0.059689857,0,"0"
0.00087075145,0,"0"
2.6792804e-05,0.14051214,"0"
1.0819458e-05,0,"0"
0.00047839255,0,"0"
3.431015e-05,0,"0"
4.496284e-05,0,"0"
0.20148106,0.018655552,"0"
3.4411503e-05,0.8906713,"0"
0.00914373,0.32832828,"0"
0.020466872,0.002387366,"0"
0.000118217555,0,"0"
0.00047727686,0,"0"
0.19509536,0,"0"
0.0001568661,0,"0"
0.015801514,0,"0"
0.27080455,0.7006914,"0"
0.2156599,0.91320807,"0"
6.464412e-06,0,"0"
0.07142639,0.42439193,"0"
3.1880074e-05,0.014423037,"0"
0.002574517,0.06491801,"0"
0.021634664,0,"0"
0.019058242,0,"0"
3.0761017e-05,0,"0"
0.07872496,0.93930554,"0"
0.0045927996,0,"0"
0.00011302767,0,"0"
0.0014273911,0.2126381,"0"
0.009129031,0.5111463,"0"
0.005456658,0,"0"
0.00016815658,0.3258683,"0"
4.2351544e-06,0,"0"
0.061260536,0.32087046,"0"
2.4667368e-06,0.8626733,"0"
0.00018963241,0.33418334,"0"
0.018711744,0,"0"
1.44949745e-05,0.8774557,"0"
0.11455999,0.35389632,"0"
0.25853008,0,"0"
0.0015909957,0,"0"
1.0447632e-05,0,"0"
0.0002794453,0.2945174,"0"
0.00018760521,0,"0"
1.9552606e-05,0,"0"
0.0006241392,0.7733891,"0"
0.0010548176,0,"0"
0.025608595,0,"0"
1.8410959e-06,0,"0"
0.0024090195,0.02307693,"0"
0.10698427,0,"0"
0.001154329,0,"0"
0.0038503911,0,"0"
4.7710096e-06,0,"0"
1.5183293e-05,0,"0"
2.8292918e-06,0,"0"
0.00020209803,0.86576176,"0"
0.0009226552,0.13469028,"0"
0.00028344174,0,"1"
3.2762386e-05,0.2109998,"0"
4.6336198e-05,0.16647562,"0"
0.0030220323,0,"0"
0.00031356353,0.9525523,"0"
2.4182247e-05,0.08778844,"0"
2.0015681e-05,0.6070885,"0"
0.0018846106,0,"0"
0.011666787,0.09921201,"0"
0.004632846,0.06564062,"0"
0.0001642528,0.43340063,"0"
3.7442736e-05,0,"0"
6.511976e-06,0,"0"
0.000712737,0,"0"
0.00052072224,0.22878098,"0"
5.0847626e-05,0,"0"
0.016200934,0,"0"
5.0001476e-05,0.8068842,"0"
4.7293347e-09,0.14354905,"0"
0.033427745,0.081684925,"0"
0.64536846,0.70810384,"0"
0.012628557,0,"0"
0.09292838,0,"0"
0.0034199043,0,"0"
0.000108334716,0,"0"
0.35989016,0,"0"
0.09307846,0.22532137,"0"
0.00065857224,0,"0"
0.10079799,0.08256346,"0"
0.11255308,0.98316425,"0"
1.4089954e-05,0,"0"
0.0026007213,0,"0"
0.06502025,0,"0"
0.0014662343,0.9766951,"0"
7.2226417e-06,0.0759433,"0"
0.0010319444,0,"0"
0.0005687334,0.28005496,"0"
0.003729842,0.16833428,"0"
4.349364e-07,0,"0"
5.628979e-06,0.42706078,"0"
1.9923273e-07,0.11785972,"0"
0.0007889911,0.15545072,"0"
0.030156208,0.0068675946,"0"
0.005791152,0,"0"
0.06741057,0,"0"
0.010640848,0,"0"
0.0054899594,0.7389426,"0"
0.0001725235,0.8168649,"0"
2.5020217e-05,0,"0"
0.60234153,0,"0"
0.0058672293,0.26085386,"0"
0.16189273,0,"0"
0.00011497678,0,"0"
0.057024512,0,"0"
0.017232334,0,"0"
0.0009339889,0,"0"
0.06010844,0.004676002,"0"
0.0017381716,0,"0"
0.10037368,0.7592543,"0"
0.0017893969,0.105992176,"0"
0.002935782,0,"0"
0.29850888,0.23591769,"0"
0.001684022,0.05020287,"0"
0.00026214658,0.9959621,"0"
0.0006492872,0,"0"
0.042928804,0.6979318,"0"
4.812916e-06,0,"0"
0.06540909,0.12158088,"0"
0.0036673706,0.29059744,"0"
2.7011902e-05,0.4083441,"0"
0.00083460304,0.0828361,"0"
0.0073592253,0,"0"
2.6228234e-05,0,"0"
9.5676674e-05,0,"0"
0.0007047568,0.9263011,"0"
0.00013261118,0.01724989,"0"
8.0146e-06,0.60969985,"0"
1.3567162e-05,0,"0"
0.0061498587,0,"0"
1.3007129e-05,0.061494533,"0"
0.013716866,0.4214307,"0"
2.4883553e-07,0,"0"
0.00020450907,0,"0"
0.13929054,0,"0"
3.074432e-07,0,"0"
6.9266065e-07,0,"0"
0.00016034265,0.008947679,"0"
0.021653727,0,"0"
6.5560052e-06,0.98344606,"0"
1.3339589e-05,0,"0"
0.063789845,0.92539465,"0"
4.588271e-06,0,"0"
0.0026660897,0,"0"
1.2906514e-07,0.07390541,"0"
7.698672e-06,0,"0"
0.023120949,0.132515,"0"
6.306613e-06,0.5048245,"0"
0.006979278,0.036306493,"0"
4.826802e-06,0.02767891,"0"
0.0027952883,0,"0"
4.6044028e-05,0.3624794,"0"
0.0036464042,0.6447595,"0"
0.00027570094,0,"0"
1.3791373e-06,0.018538408,"0"
0.019748453,0,"0"
1.9013773e-05,0.9631331,"0"
0.7421963,0,"0"
7.085897e-07,0.56978464,"0"
0.0020727394,0.004197047,"0"
5.0812846e-06,0,"0"
6.0566672e-05,0,"0"
0.022306621,0,"0"
0.000103459024,0.2748826,"0"
0.004013818,0,"0"
2.1456997e-05,0.076474644,"0"
6.7725557e-07,0.7084584,"0"
0.0001009929,0,"0"
1.3624951e-05,0.04136342,"0"
2.833207e-06,0,"0"
0.00011729265,0,"0"
0.047172613,0,"0"
0.00022513882,0,"0"
1.6688179e-07,0,"0"
1.1723496e-05,0.18588182,"0"
2.3873097e-05,0.6533725,"0"
0.0003186663,0,"0"
0.0002735547,0.0051540895,"0"
4.1124415e-05,0.17693941,"0"
0.15591094,0.9637423,"0"
9.006808e-05,0.012195586,"0"
0.00037970155,0,"0"
9.2119564e-07,0.03645035,"0"
0.0012006916,0.275329,"0"
0.00014821845,0.99962544,"0"
3.073522e-06,0.41166836,"0"
0.0031851502,0,"0"
4.9404884e-05,0,"0"
1.7092894e-05,0,"0"
0.0007370348,0,"0"
0.0010274114,0.3436274,"0"
4.5327583e-06,0,"0"
0.002000082,0,"0"
0.00026154242,0,"0"
0.00041226856,0.19422387,"0"
8.539787e-05,0.682038,"0"
0.0052615637,0.00301069,"0"
0.00016177856,0.08641177,"0"
0.0005884579,0.21561782,"0"
0.00154167,0,"0"
1.3362929e-06,0.04358392,"0"
7.9060505e-05,0,"0"
0.0055180904,0.40671772,"0"
9.438311e-05,0.23244317,"0"
0.00039369662,0,"0"
2.0444362e-05,0.41311854,"0"
0.0012581964,0,"0"
0.010958156,0,"0"
0.00034747564,0,"0"
0.0073098917,0,"0"
1.2826582e-05,0,"0"
5.6121107e-06,0.242154,"0"
0.0053615943,0.56433064,"0"
0.00028843587,0,"0"
0.00026933942,0.04127062,"0"
0.018711535,0,"0"
0.00013097022,0.010110521,"0"
0.00019074713,0,"0"
5.3181622e-05,0.6224842,"0"
0.010653285,0,"0"
0.028439816,0,"0"
0.00037389348,0.01720319,"0"
0.014756678,0,"0"
0.0005111232,0.69184536,"0"
0.0010068998,0,"0"
0.010993986,0.74551094,"0"
0.00031487984,0,"0"
0.00033636048,0.09096596,"0"
1.0956543e-09,0.6687648,"0"
0.9998123,0,"0"
0.6435759,0,"0"
0.008202743,0.31227076,"0"
0.0017696325,0,"0"
0.55631787,0.8071588,"0"
0.00813927,0,"0"
2.9968787e-05,0,"0"
0.00077378226,0.013327348,"0"
0.00015889206,0.017234368,"0"
0.00030551577,0.019068016,"0"
0.32853281,0.18800108,"0"
0.00015478669,0.7949353,"0"
2.1843379e-08,0.0075439666,"0"
2.2398262e-05,0,"0"
0.006603127,0.1706784,"0"
0.00095589814,0.0867628,"0"
0.0003753103,0,"0"
1.8154471e-05,0.0318925,"0"
2.6600753e-06,0.79145056,"0"
3.661415e-06,0,"0"
0.00012694724,0,"0"
4.6643963e-05,0,"0"
2.7978398e-05,0,"0"
0.0011497128,0.042541027,"0"
0.0017070611,0,"0"
8.6378896e-05,0.05018527,"0"
2.3635212e-06,0.3438799,"0"
0.006451916,0.46023926,"0"
0.0023048676,0,"0"
0.00034175918,0,"0"
9.238562e-05,0,"0"
1.9743322e-07,0.01970847,"0"
1.4062353e-05,0.30069405,"0"
0.0012539278,0,"0"
1.7123373e-05,0.07256845,"0"
0.038372204,0,"0"
0.0030745438,0.90702415,"0"
0.000552933,0.8000455,"0"
1.6691438e-05,0,"0"
8.379164e-05,0.64647263,"0"
7.8356805e-07,0.057332132,"0"
1.839578e-05,0.24310184,"0"
1.0536137e-06,0.84949005,"0"
0.0004125811,0,"0"
1.9149624e-08,0.07221549,"0"
0.49066952,0,"0"
0.00088087056,0.07436862,"0"
2.5243397e-05,0.119767696,"0"
0.0018924475,0.08159796,"0"
0.0070639225,0.25666374,"0"
0.00011355119,0,"0"
1.20511795e-05,0.47360066,"0"
1.1076855e-06,0.11084994,"0"
0.0008305007,0.053825088,"0"
0.00052346074,0,"0"
0.2665711,0,"0"
1.2247635e-06,0.971006,"0"
0.0012993718,0.22853045,"0"
0.005174752,0.28342232,"0"
2.6652058e-05,0,"0"
0.0011598915,0.1324566,"0"
0.00014289955,0.035741884,"0"
0.017600983,0.01580046,"0"
0.0035694577,0,"0"
0.00024120958,0,"0"
0.0029563617,0.36576715,"0"
0.99992394,0,"0"
2.1433663e-05,0.70284486,"0"
0.0009043964,0,"0"
0.00043539575,0.0094765825,"0"
0.0009215724,0,"0"
0.008129621,0.071145184,"0"
0.0077487403,0,"0"
4.0566638e-07,0,"0"
0.0586996,0.8876214,"0"
0.040945034,0.033268966,"0"
0.00067473785,0.071908355,"0"
0.0008040473,0,"0"
0.038340166,0.14394653,"0"
2.1380074e-05,0.09848022,"0"
0.0001289101,0,"0"
4.468136e-06,0.18611528,"0"
0.040348724,0,"0"
7.177079e-07,0.027760401,"0"
1.0588459e-05,0.043554313,"0"
0.008483121,0,"0"
1.7023573e-06,0.9570456,"0"
0.0016841823,0.52191997,"0"
0.00026503616,0.9948862,"0"
0.0018199666,0,"0"
0.001338896,0,"0"
0.00052886264,0.0027270762,"0"
0.0001981984,0,"0"
0.0021010751,0,"0"
0.013457629,0.32605466,"0"
0.00036650567,0.16668634,"0"
0.00020269008,0.6695633,"0"
0.00028044882,0.023463473,"0"
0.0061739753,0,"0"
2.5643152e-07,0,"0"
0.007881772,0.3077988,"0"
0.00606577,0,"0"
0.0006624695,0.15442243,"0"
0.0023193737,0.01287141,"0"
0.00067784474,0.11000786,"0"
3.0205441e-05,0.91501564,"0"
3.965186e-07,0,"0"
0.000883992,0.8026015,"0"
0.088749155,0.03796873,"0"
1.0924547e-06,0.8426861,"0"
0.00016207763,0,"0"
0.0006428807,0,"0"
6.831633e-05,0.93569064,"0"
9.9635065e-05,0.30504024,"0"
0.0005314945,0,"0"
0.0052423864,0,"0"
0.0021450755,0.2935029,"0"
0.009808567,0,"0"
0.008284681,0,"0"
0.00622695,0.024948198,"0"
0.1921501,0.01811552,"0"
0.0007129717,0.9769363,"0"
0.003656115,0.050943874,"0"
0.00084277237,0,"0"
7.2396006e-07,0.014179757,"0"
0.0017334224,0,"0"
4.391546e-05,0,"0"
0.0036122925,0,"0"
0.035803065,0.14697099,"0"
0.011402998,0.891502,"0"
2.4265713e-05,0,"0"
0.00010188348,0,"0"
6.25131e-05,0.01280253,"0"
7.1167715e-06,0,"0"
0.045456313,0.9619155,"0"
4.316822e-07,0,"0"
0.0010580906,0.7471482,"0"
2.6244797e-05,0,"0"
0.8167522,0.6091062,"0"
0.027693713,0.26722106,"0"
1.0801313e-05,0.00396018,"0"
0.00032756088,0.22820452,"0"
0.016076032,0,"0"
3.7787138e-06,0,"0"
0.0006624284,0.010443529,"0"
0.0040787095,0.28067988,"0"
0.0016246988,0.6842592,"0"
0.006461292,0.015910923,"0"
4.509458e-05,0,"0"
0.00054225215,0.19980559,"0"
0.0006479075,0,"0"
0.0025526881,0,"0"
0.088578105,0.07987585,"0"
3.4925645e-09,0.0352592,"0"
4.164448e-06,0.17238083,"0"
9.042098e-06,0,"0"
7.3090654e-05,0.0028511346,"0"
5.4861222e-05,0,"0"
0.017693277,0,"0"
0.0061936593,0.040293124,"0"
1.4373113e-06,0,"0"
0.30088848,0.18451206,"0"
1.1615492e-05,0,"0"
0.011833795,0.5251625,"0"
8.944643e-05,0,"0"
0.023962649,0.03058264,"0"
0.0021289457,0.014908093,"0"
0.019780915,0.58504975,"0"
0.00035779428,0,"0"
0.00010389373,0,"0"
1.5046163e-07,0.9976404,"0"
0.0012732865,0,"0"
5.307014e-06,0,"0"
0.0007376879,0,"0"
0.0034229592,0.8806478,"0"
9.542374e-05,0.005678808,"0"
5.501693e-05,0,"0"
5.641377e-06,0,"0"
0.0035870944,0,"0"
0.033387862,0.021225449,"0"
0.08595629,0.92091185,"0"
0.022812352,0.17422487,"0"
3.4457967e-06,0,"0"
2.9459363e-05,0.12605262,"0"
0.0009862205,0.19876568,"0"
0.001190542,0,"0"
1.5110951e-05,0.95361716,"0"
8.085299e-08,0.004325937,"0"
0.0007822273,0.114067845,"0"
0.07770226,0.015018909,"0"
0.0016337966,0.081548415,"0"
2.9732537e-05,0,"0"
0.0029478665,0.14233531,"0"
0.00034617982,0.3989172,"0"
0.062565245,0.6729859,"0"
0.0011574869,0.023649404,"0"
0.007588297,0.843743,"0"
0.0008310288,0.004592957,"0"
0.005430148,0.020156806,"0"
3.3138043e-05,0.0380249,"0"
0.0006878633,0.43350223,"0"
0.00042535327,0,"0"
0.0026976343,0,"0"
0.04837727,0.6200588,"0"
3.3139565e-07,0.17343934,"0"
7.2669914e-06,0.8625949,"0"
0.00034345535,0.9664736,"0"
0.31955996,0.9348763,"0"
0.00075326307,0.0013851455,"0"
5.6959543e-05,0.8231509,"0"
8.637164e-06,0.81527436,"0"
0.00017630732,0.107771225,"0"
0.01232693,0,"0"
0.008971995,0,"0"
3.1464773e-05,0,"0"
0.0010981708,0.018507257,"0"
3.8531838e-05,0.12699139,"0"
0.0014512864,0,"0"
0.0029195577,0,"0"
0.06833594,0,"0"
0.00027400756,0.81643605,"0"
0.00019232027,0.0020508138,"0"
0.007598272,0.11767196,"0"
7.316566e-06,0,"0"
0.00014434586,0.39729804,"0"
0.00020274961,0,"0"
0.0023985442,0,"0"
0.0029602256,0,"0"
2.1505282e-05,0.98469466,"0"
0.40744442,0,"0"
0.0009207767,0.013416213,"0"
0.005254256,0.97652495,"0"
0.00044549373,0,"0"
5.8474936e-05,0,"0"
0.00025590832,0,"0"
0.00019325646,0.5736395,"0"
0.0015993691,0.3467905,"0"
0.00061145134,0.14286321,"0"
0.002171531,0,"0"
4.964679e-05,0.4302808,"0"
0.00010454478,0.2718557,"0"
0.0012937721,0.0023353838,"0"
0.03617351,0.6435987,"0"
6.379502e-08,0.0038696283,"0"
0.002104362,0.009256103,"0"
1.8617891e-05,0,"0"
0.0032370447,0.023877058,"0"
0.004988668,0.17241424,"0"
0.0021380049,0.16771983,"0"
0.20819703,0,"0"
0.10348234,0,"0"
1.3611332e-06,0.60338074,"0"
2.0370313e-05,0,"0"
0.005239542,0.019138506,"0"
1.15731e-05,0.18282421,"0"
3.823781e-06,0.48118302,"0"
0.00057970895,0.8310441,"0"
3.162831e-05,0.7623392,"0"
0.017860454,0.08969134,"0"
0.28156298,0,"0"
0.2617557,0.629934,"0"
8.244181e-06,0.852227,"0"
0.0004199586,0.416108,"0"
0.004836694,0.8817039,"0"
0.95763636,0,"0"
0.0001595064,0.16790561,"0"
7.437452e-05,0,"0"
1.2924809e-06,0.82410455,"0"
0.56161255,0.3303712,"0"
0.0069468245,0.6793071,"0"
0.0766521,0,"0"
0.13080621,0,"0"
5.9826845e-05,0.016015405,"0"
1.0347029e-05,0.017592313,"0"
4.138932e-05,0.011871342,"0"
1.6449676e-05,0,"0"
2.37625e-06,0.03637621,"0"
0.00085044856,0,"1"
0.0020020085,0.0054121413,"0"
5.2018644e-05,0,"0"
0.006553328,0,"0"
6.9735856e-06,0,"0"
0.002213178,0.0018954934,"0"
0.00017726548,0,"0"
2.3154178e-07,0,"0"
0.5186765,0.42766604,"0"
5.5023014e-05,0.0042380905,"0"
0.12537712,0,"0"
0.9849437,0,"0"
0.10879684,0,"0"
0.05487244,0,"1"
0.019940326,0,"1"
0.8049907,0,"1"
0.21113765,0,"1"
0.027638542,0,"0"
0.00023984941,0,"0"
0.000114462746,0,"0"
0.00594374,0,"0"
0.00391503,0,"0"
0.020470887,0,"0"
0.00031400658,0,"0"
0.00037161156,0,"0"
0.0018019102,0,"0"
0.0007156261,0,"0"
0.0051710266,0,"0"
0.0073661082,0,"0"
0.34243628,0,"0"
0.84772694,0,"0"
0.0023631644,0,"0"
0.003343353,0,"0"
0.0017969342,0,"0"
0.00048174776,0,"0"
0.00249586,0,"0"
0.2838868,0,"0"
0.22708231,0,"0"
1.3998003e-07,0,"0"
0.0046517067,0,"0"
0.06224169,0,"0"
0.012242117,0,"0"
0.24036564,0,"0"
2.763143e-06,0,"0"
0.17024845,0,"0"
0.027170278,0,"0"
0.04574885,0,"0"
0.71222293,0,"0"
0.15956838,0,"0"
0.0015008142,0,"0"
0.0023100402,0,"0"
0.00048001733,0,"0"
0.0036386964,0,"0"
0.021033656,0,"0"
0.3377059,0,"1"
0.01364447,0,"0"
0.06823595,0,"0"
0.011609622,0,"0"
0.11877173,0,"0"
0.005311205,0,"0"
0.0018160716,0,"0"
0.00037893056,0,"0"
0.00850845,0,"0"
0.0026161913,0,"0"
0.012609753,0,"0"
0.13846132,0,"0"
0.0028052456,0,"0"
9.5799565e-05,0,"0"
0.0031658302,0,"0"
0.011721561,0,"0"
0.005459624,0,"0"
7.5134944e-06,0,"0"
7.870483e-06,0,"0"
0.014569153,0,"0"
0.025158742,0,"0"
0.0014806766,0,"0"
0.019935146,0,"0"
0.0047726915,0,"0"
0.013531207,0,"0"
0.035667084,0,"0"
0.005774207,0,"0"
0.00048654262,0,"0"
0.039705,0,"0"
0.0032239032,0,"0"
0.0006250363,0,"0"
0.03557586,0,"0"
0.013892198,0,"0"
0.00011109669,0,"0"
0.0021145167,0,"0"
0.002628083,0,"0"
0.002777349,0,"0"
0.028600771,0,"0"
0.00059498445,0,"0"
0.0011440282,0,"0"
0.026371533,0,"0"
0.00014074666,0,"0"
0.006571772,0,"0"
0.2976124,0,"0"
0.0010783642,0,"0"
0.00085062603,0,"0"
0.0022280198,0,"0"
0.0023529562,0,"0"
0.049749166,0,"0"
0.0059707877,0,"0"
0.05911623,0,"0"
0.42269334,0,"0"
0.011685287,0,"0"
0.0012117352,0,"0"
0.54786074,0,"0"
0.023645222,0,"0"
0.017354704,0,"0"
0.01519928,0,"0"
0.3421349,0,"0"
0.004887094,0,"0"
0.0116628455,0,"0"
0.0013893882,0,"0"
0.010410132,0,"0"
4.356506e-06,0,"0"
0.042082015,0,"0"
0.027378496,0,"0"
0.0015702695,0,"0"
0.51182985,0,"0"
0.0008727724,0,"0"
0.0046608225,0,"0"
0.032825146,0,"0"
0.03857841,0,"0"
4.890797e-06,0,"0"
0.00041186597,0,"0"
0.0010472748,0,"0"
0.020865582,0,"0"
0.0123882,0,"0"
0.66499907,0,"0"
0.010381807,0,"0"
0.0027375992,0,"0"
0.0013960407,0,"0"
0.016614854,0,"0"
0.10859882,0,"0"
0.002390756,0,"0"
0.09492094,0,"0"
0.006159241,0,"0"
0.002827555,0,"0"
0.11688046,0,"0"
0.1360667,0,"0"
0.029639252,0,"0"
0.015095985,0,"0"
0.0135300355,0,"0"
0.03493996,0,"0"
0.0013389048,0,"0"
0.007978289,0,"0"
0.03330872,0,"0"
0.0023680688,0,"0"
0.10428421,0,"0"
0.3272154,0,"0"
0.027151793,0,"0"
0.0013639923,0,"0"
0.0003446243,0,"0"
0.0047942707,0,"0"
0.11813226,0,"0"
0.0077433605,0,"0"
0.05688905,0,"0"
0.022469316,0,"0"
0.045645583,0,"0"
0.058944102,0,"0"
0.010832705,0,"0"
2.4520763e-05,0,"0"
0.008388442,0,"0"
2.1315558e-05,0,"0"
0.0004159729,0,"0"
0.002340461,0,"0"
7.791753e-05,0,"0"
3.7635727e-06,0,"0"
0.9063247,0,"0"
0.654591,0,"0"
0.038175035,0,"0"
0.042800542,0,"0"
0.20626675,0,"0"
0.9547425,0,"0"
0.0227861,0,"0"
0.039424714,0,"0"
0.7055522,0,"0"
0.044341043,0,"0"
0.014399156,0,"0"
0.008075646,0,"0"
0.011635247,0,"0"
0.001926611,0,"0"
0.04201554,0,"0"
0.00039630441,0,"0"
0.0001944507,0,"0"
0.0012574352,0,"0"
0.00016579278,0,"0"
0.0012296389,0,"0"
0.025402823,0,"0"
0.00013447553,0,"0"
0.0225391,0,"0"
0.0019111609,0,"0"
0.0799022,0,"0"
0.0426378,0,"0"
0.002554206,0,"0"
0.018662445,0,"0"
0.1116083,0,"0"
0.14757244,0,"0"
0.020531932,0,"0"
0.052502077,0,"0"
0.03430333,0,"0"
0.124341235,0,"0"
0.18383735,0,"0"
0.014450964,0,"0"
0.0029587073,0,"0"
0.0052389135,0,"0"
0.03876339,0,"0"
0.059003446,0,"0"
0.0074375616,0,"0"
0.10458278,0,"0"
0.00031377436,0,"0"
0.40901375,0,"0"
0.39764735,0,"0"
0.0025626204,0,"0"
0.0038811474,0,"0"
0.009571032,0,"0"
0.00030947308,0,"0"
6.462468e-05,0,"0"
0.00013774983,0,"0"
0.016591396,0,"0"
0.027543232,0,"0"
0.017011587,0,"0"
0.07243525,0,"0"
0.0064133373,0,"0"
0.0062075667,0,"0"
0.011864,0,"0"
0.0113435825,0,"0"
0.05128227,0,"0"
6.754541e-05,0,"0"
0.0029661113,0,"0"
0.0055793384,0,"0"
0.07626916,0,"0"
0.0017525511,0,"0"
0.007160226,0,"0"
0.0017920202,0,"0"
0.070139915,0,"0"
0.009591657,0,"0"
0.8873957,0,"0"
0.00014183986,0,"0"
0.008871225,0,"0"
0.01015095,0,"0"
0.0028561768,0,"0"
8.2939754e-05,0,"0"
0.0013011048,0,"0"
0.019310417,0,"0"
0.100586325,0,"0"
0.021104397,0,"0"
0.010250808,0,"0"
0.005619173,0,"0"
0.027034463,0,"0"
0.004655974,0,"0"
0.0027585104,0,"0"
0.000822165,0,"0"
0.028316332,0,"0"
0.009265605,0,"0"
0.2368688,0,"0"
0.002597079,0,"0"
0.002203219,0,"0"
0.07538466,0,"0"
0.16032441,0,"0"
0.0018586905,0,"0"
0.00523703,0,"0"
0.01803146,0,"0"
0.042371355,0,"0"
0.00028644988,0,"0"
0.0009307257,0,"0"
0.21608938,0,"0"
0.001297568,0,"0"
0.072759196,0,"0"
0.021457145,0,"0"
0.003185789,0,"0"
0.00087936857,0,"0"
0.0019031715,0,"0"
0.010702585,0,"0"
7.6769116e-05,0,"0"
0.010600088,0,"0"
0.0033729651,0,"0"
0.13838282,0,"0"
0.0020965652,0,"0"
0.021316897,0,"0"
0.00015785987,0,"0"
0.8098175,0,"0"
0.0010505215,0,"0"
0.008210427,0,"0"
0.056096658,0,"0"
0.0060477313,0,"0"
0.0013587995,0,"0"
0.55631334,0,"0"
0.00017522802,0,"0"
0.014249218,0,"0"
0.021521237,0,"0"
0.00028501233,0,"0"
0.0022939872,0,"0"
0.0010057124,0,"0"
0.00055405096,0,"0"
0.09559336,0,"0"
0.029105589,0,"0"
0.00025407717,0,"0"
0.00013864922,0,"0"
0.00974562,0,"0"
0.007465702,0,"0"
0.002367949,0,"0"
0.008681528,0,"0"
0.0014601982,0,"0"
0.00016085918,0,"0"
0.11337244,0,"0"
0.001051192,0,"0"
0.80912566,0,"0"
0.015605894,0,"0"
0.0027198636,0,"0"
0.031579427,0,"0"
0.040983826,0,"0"
0.0014787335,0,"0"
0.8731411,0,"0"
0.99983096,0,"0"
0.013308087,0,"0"
0.3391544,0,"0"
0.0016582388,0,"0"
0.010084501,0,"0"
0.0048004035,0,"0"
0.0033165324,0,"0"
0.08445103,0,"0"
0.015177919,0,"0"
0.003074747,0,"0"
0.04666833,0,"0"
0.046021737,0,"0"
0.0008174221,0,"0"
0.94795763,0,"0"
0.0045898464,0,"0"
0.0039572995,0,"0"
0.25622895,0,"0"
0.21658869,0,"0"
0.0010100992,0,"0"
0.0008722744,0,"0"
0.08030638,0,"0"
0.20694846,0,"0"
0.0049312534,0,"0"
0.11862508,0,"0"
6.8730296e-05,0,"0"
0.019849885,0,"0"
0.05980173,0,"0"
0.006602683,0,"0"
0.022727065,0,"0"
0.009922599,0,"0"
0.07546226,0,"0"
0.0014990197,0,"0"
0.046570715,0,"0"
2.6480262e-05,0,"0"
0.00018488994,0,"0"
0.0010196693,0,"0"
0.0036252388,0,"0"
0.0787682,0,"0"
0.00016004786,0,"0"
0.0065162824,0,"0"
0.0016207696,0,"0"
0.03886552,0,"0"
0.0019653544,0,"0"
0.002148397,0,"0"
0.0015972955,0,"0"
0.0009601462,0,"0"
0.00027741535,0,"0"
0.0025184338,0,"0"
0.3376117,0,"0"
0.023390703,0,"0"
0.030690948,0,"0"
0.010532813,0,"0"
4.7230177e-08,0,"0"
0.010210292,0,"0"
0.0046538883,0,"0"
0.0003973347,0,"0"
0.012602762,0,"0"
0.001601084,0,"0"
0.022597877,0,"0"
0.012504087,0,"0"
0.0063247583,0,"0"
0.028752996,0,"0"
0.0003534915,0,"0"
0.10196694,0,"0"
0.00045209622,0,"0"
0.12431422,0,"0"
0.0042644762,0,"0"
0.00029507413,0,"0"
0.0021096868,0,"0"
3.2971857e-05,0,"0"
0.006689254,0,"0"
0.0025859675,0,"0"
0.00064041856,0,"0"
0.0045949956,0,"0"
0.021950772,0,"0"
0.0021355066,0,"0"
0.16117436,0,"0"
0.01768539,0,"0"
0.0050240764,0,"0"
0.0061613256,0,"0"
0.037392516,0,"0"
0.013353684,0,"0"
0.31093788,0,"0"
0.0030178186,0,"0"
0.34554723,0,"0"
0.06376923,0,"0"
0.007106717,0,"0"
0.0041092564,0,"0"
0.9992399,0,"0"
0.0262151,0,"0"
0.012235505,0,"0"
0.010299484,0,"0"
0.0012703653,0,"0"
0.007133664,0,"0"
0.1392181,0,"0"
0.018009031,0,"0"
0.11353568,0,"0"
0.5467023,0,"0"
0.00018577458,0,"0"
0.002173918,0,"0"
0.001250153,0,"0"
0.00034853016,0,"0"
0.0012062306,0,"0"
0.0002028407,0,"0"
0.0009315774,0,"0"
3.38875e-06,0,"0"
0.91678846,0,"0"
0.0045040613,0,"0"
0.00205956,0,"0"
0.0027039084,0,"0"
0.022190021,0,"0"
0.0005884284,0,"0"
0.012474635,0,"0"
0.0648301,0,"0"
0.014661209,0,"0"
0.0009315956,0,"0"
0.067666106,0,"0"
0.22769332,0,"0"
0.005027548,0,"0"
0.0037224249,0,"0"
0.018494826,0,"0"
0.0017113577,0,"0"
0.017985065,0,"0"
0.0038372108,0,"0"
0.0005007946,0,"0"
0.013977235,0,"0"
0.013298392,0,"0"
0.33670786,0,"0"
0.033998374,0,"0"
0.0015833103,0,"0"
0.0031187613,0,"0"
0.032007694,0,"0"
0.0007064227,0,"0"
0.0015013295,0,"0"
0.0051041697,0,"0"
0.053011235,0,"0"
0.21137473,0,"0"
0.08272758,0,"0"
0.058247104,0,"0"
0.0045987526,0,"0"
0.38129774,0,"0"
0.17046879,0,"0"
0.17688176,0,"0"
0.08279244,0,"0"
0.003297949,0,"0"
0.00076906686,0,"0"
0.072479025,0,"0"
6.577699e-06,0,"0"
0.0029298896,0,"0"
0.05245537,0,"0"
0.017294794,0,"0"
0.018782303,0,"0"
0.001421018,0,"0"
3.484243e-05,0,"0"
0.056019805,0,"0"
0.5523081,0,"0"
0.013212019,0,"0"
0.008018883,0,"0"
0.21439308,0,"0"
0.0073576584,0,"0"
0.027220977,0,"0"
0.004969898,0,"0"
0.044644147,0,"0"
0.005079943,0,"0"
0.0109495595,0,"0"
0.0013151022,0,"0"
0.000908736,0,"0"
0.053650618,0,"0"
0.0024447935,0,"0"
0.04005735,0,"0"
0.016488083,0,"0"
0.00088406244,0,"0"
0.0004270045,0,"0"
0.0058018225,0,"0"
0.02788647,0,"0"
0.005775997,0,"0"
0.00019886812,0,"0"
0.00016763755,0,"0"
0.0011675385,0,"0"
0.0040411605,0,"0"
0.01124252,0,"0"
0.0014651945,0,"0"
0.0023160174,0,"0"
0.056861434,0,"0"
0.54804987,0,"0"
0.0007905626,0,"0"
0.0022110762,0,"0"
0.0018321578,0,"0"
0.012179828,0,"0"
0.0058076507,0,"0"
0.0070977123,0,"0"
0.0019858757,0,"0"
1.172175e-08,0,"0"
0.0016477697,0,"0"
0.004013538,0,"0"
6.0149436e-05,0,"0"
0.016209586,0,"0"
0.0017753222,0,"0"
0.08241968,0,"0"
0.00017920953,0,"0"
0.0014124035,0,"0"
0.06585151,0,"0"
0.062020227,0,"0"
0.11255251,0,"0"
2.9421037e-05,0,"0"
0.061953787,0,"0"
0.011578851,0,"0"
0.0013575553,0,"0"
0.0014150923,0,"0"
0.0012296536,0,"0"
0.04240338,0,"0"
0.0010232676,0,"0"
0.015803915,0,"0"
0.03912514,0,"0"
0.0025656803,0,"0"
0.0051581324,0,"0"
0.001221211,0,"0"
0.010813326,0,"0"
0.0054173125,0,"0"
0.0012928175,0,"0"
0.00048106583,0,"0"
0.045741294,0,"0"
0.0019828302,0,"0"
0.016471969,0,"0"
0.10677168,0,"0"
0.003664135,0,"0"
0.00039307127,0,"0"
0.057994887,0,"0"
0.0065778084,0,"0"
0.99733365,0,"0"
0.0022767317,0,"0"
0.02685501,0,"0"
0.07067,0,"0"
0.004601711,0,"0"
0.7276014,0,"0"
0.0010181993,0,"0"
0.016017646,0,"0"
0.60964376,0,"0"
0.19694242,0,"0"
0.008850077,0,"0"
0.0038586115,0,"0"
0.03805783,0,"0"
0.004460151,0,"0"
0.14230666,0,"0"
0.4883406,0,"0"
0.00050211535,0,"0"
0.075804375,0,"0"
0.20547454,0,"0"
0.15503895,0,"0"
0.009310536,0,"0"
0.07053227,0,"0"
0.07071608,0,"0"
0.059024047,0,"0"
0.075485766,0,"0"
0.0034149187,0,"0"
0.016277164,0,"0"
0.27022737,0,"0"
0.00725049,0,"0"
0.1586491,0,"0"
0.4262623,0,"0"
0.027741529,0,"0"
0.00040886924,0,"0"
0.22988595,0,"0"
0.32365066,0,"0"
0.27477214,0,"0"
0.019260975,0,"0"
0.9002387,0,"0"
0.011272444,0,"0"
0.00043932896,0,"0"
0.29086587,0,"0"
0.008431798,0,"0"
0.13820122,0,"0"
0.85769194,0,"0"
0.05806897,0,"0"
0.607644,0,"0"
0.15588365,0,"0"
0.21950154,0,"0"
0.21034399,0,"0"
0.22167411,0,"0"
0.03576557,0,"0"
0.0012848943,0,"0"
0.5138408,0,"0"
0.70552874,0,"0"
0.069953315,0,"0"
0.00068266486,0,"0"
0.03973756,0,"0"
0.070128895,0,"0"
0.993489,0,"0"
0.0021753232,0,"0"
0.0072805393,0,"0"
0.0006636426,0,"0"
0.41460073,0,"0"
0.017775461,0,"0"
0.029166907,0,"0"
0.27373236,0,"0"
0.12919179,0,"0"
0.00021046866,0,"0"
0.019668449,0,"0"
0.011399667,0,"0"
0.04324669,0,"0"
0.13273197,0,"0"
0.2967398,0,"0"
0.006642695,0,"0"
0.011971725,0,"0"
0.037929505,0,"0"
0.53244185,0,"0"
0.025288837,0,"0"
0.13273148,0,"0"
0.064094394,0,"0"
0.037929855,0,"0"
0.35964933,0,"0"
0.9745317,0,"0"
0.031262882,0,"0"
1,0,"1"
0.06363522,0,"1"
0.22270855,0.9296915,"0"
0.23371476,0.02018238,"0"
0.07035476,0,"0"
0.7648916,0,"0"
0.68032175,0.90383554,"0"
0.9115381,0,"0"
0.35967717,0.8286763,"0"
0.8081345,0,"0"
0.07904546,0.6085326,"0"
0.5060419,0.7898,"0"
0.8586989,0,"0"
1.9441528e-05,0.78964806,"0"
0.39529347,0.799319,"0"
0.29091644,0.54914653,"0"
0.0058360198,0,"0"
0.7724775,0.03312684,"0"
0.07568112,0,"0"
0.42019415,0,"0"
0.25633472,0,"0"
0.35963622,0,"0"
0.06973291,0,"0"
0.96300715,0.9647503,"0"
0.5054351,0.27217212,"0"
0.6369607,0.92657316,"0"
0.052321848,0,"0"
0.85847175,0.93599373,"0"
0.7599146,0.6265865,"0"
0.8045828,0.8920988,"0"
0.8884424,0.027246231,"0"
0.028935296,0.030881131,"0"
0.16409339,0.5176768,"0"
0.6428187,0,"0"
0.9731513,0,"0"
0.010858287,0,"0"
0.73244107,0,"0"
0.25366285,0.5192671,"0"
0.025138693,0.9418421,"0"
0.5504405,0,"0"
0.8164561,0,"0"
0.16629057,0.99791807,"0"
0.008012899,0.006333956,"0"
0.027584605,0,"0"
0.13191003,0.79570454,"0"
0.2838657,0.35534674,"0"
0.3960179,0,"0"
0.003060577,0.6637918,"0"
0.9994824,0,"0"
0.96422046,0,"0"
0.6430098,0.984994,"0"
0.07204541,0.22171265,"0"
0.4287567,0.122841194,"0"
0.9710207,0.82517266,"0"
0.9694699,0,"0"
0.7669834,0.7676702,"0"
0.13358699,0.72624147,"0"
0.9893847,0,"0"
0.078576,0.6929431,"0"
0.7699424,0,"0"
0.07409049,0,"0"
0.89493155,0.97022724,"0"
0.5996574,0,"0"
0.6504505,0,"0"
0.1817259,0,"0"
0.6839435,0,"0"
0.7536252,0.9890342,"0"
0.99820924,0.7826853,"0"
0.8007607,0.6730681,"0"
0.3792592,0,"0"
0.19425787,0.7383727,"0"
0.949133,0,"0"
0.88080823,0,"0"
0.6391627,0,"0"
0.22903584,0.52362716,"0"
0.31714654,0.9872551,"0"
0.47363648,0.9764889,"0"
0.8391809,0.035809495,"0"
0.985529,0,"0"
0.78228915,0,"0"
0.7905954,0,"0"
0.9813022,0,"0"
0.8640604,0.73583,"0"
0.80395746,0,"0"
0.13757214,0.91334915,"0"
0.009946651,0.06958109,"0"
0.5511638,0.49621946,"0"
0.99166274,0,"0"
0.04715229,0,"0"
0.06427952,0,"0"
0.99900085,0.86224663,"0"
0.99174565,0,"0"
0.32076827,0,"0"
0.056687474,0.6443566,"0"
0.23226918,0.66494983,"0"
0.47712708,0,"0"
0.071290344,0.7887672,"0"
0.39526904,0,"0"
0.4515044,0.61726195,"0"
0.47993127,0.36313233,"0"
3.842864e-06,0.0996817,"0"
0.93905294,0,"0"
0.4711179,0.3806995,"0"
0.09606844,0,"0"
0.5785159,0.7945454,"0"
0.048950266,0,"0"
0.7810274,0,"0"
0.94559216,0,"0"
0.07294306,0.7294982,"0"
0.039239414,0,"0"
0.8918433,0,"0"
0.018988311,0.11938458,"0"
0.81015146,0.42878526,"0"
0.25839427,0,"0"
0.057222184,0,"0"
0.82637185,0.9899002,"0"
0.49514243,0,"0"
0.5081369,0,"0"
0.5046842,0,"0"
0.9207882,0,"0"
0.56341946,0,"0"
0.24872474,0,"0"
0.006498375,0,"0"
0.99176544,0.99264866,"0"
0.7474282,0.7172833,"0"
0.88192123,0,"0"
0.8644986,0.48606068,"0"
0.32811755,0.09186276,"0"
0.9918262,0,"0"
0.97909135,0.86240196,"0"
0.89335227,0.40826198,"0"
0.99025935,0.37228796,"0"
0.56280035,0,"0"
0.29774985,0.53519756,"0"
0.57880574,0.59979045,"0"
0.8769167,0.83941466,"0"
0.9364254,0,"0"
0.027684445,0,"0"
0.10039306,0,"0"
0.22147729,0,"0"
0.89422506,0.78942955,"0"
0.95136505,0,"0"
0.18149237,0,"0"
0.6208977,0.21854544,"0"
0.032920104,0.66545063,"0"
0.9990243,0.89598167,"0"
0.018372674,0,"0"
0.4910674,0,"0"
0.6632415,0,"0"
0.0042091175,0,"0"
0.72347605,0.6496886,"0"
0.96379614,0,"0"
0.87692297,0.07179928,"0"
0.10807004,0.9985191,"0"
0.7023845,0,"0"
0.24997213,0,"0"
0.9145339,0,"0"
0.34936404,0.1265314,"0"
0.61743265,0.83632964,"0"
0.4331244,0,"0"
0.9991559,0.5564894,"0"
0.2073904,0,"0"
0.9545677,0.040856224,"0"
0.7714683,0.07843769,"0"
0.6185517,0.7588421,"0"
0.058282837,0,"0"
0.57602245,0,"0"
0.22047105,0.9501363,"0"
0.93391275,0.8930034,"0"
0.0011660669,0,"0"
0.0019081016,0,"0"
0.9816629,0.23193309,"0"
0.35750648,0,"0"
0.010239107,0,"0"
0.9981198,0,"0"
0.0125496,0,"0"
0.02102898,0,"0"
0.08158279,0,"0"
0.5084801,0,"0"
0.06827055,0.68601835,"0"
0.82450503,0.8777223,"0"
0.8102859,0,"0"
0.45247248,0.4228568,"0"
0.3833691,0,"0"
0.6653718,0.6399196,"0"
0.23475954,0,"0"
0.011344063,0.6468825,"0"
0.00077857845,0.7313829,"0"
0.047794484,0.6741393,"0"
0.7295201,0.88412946,"0"
0.0104748225,0,"0"
0.9427937,0,"0"
0.21125516,0,"0"
0.8965509,0.9941651,"0"
0.14075242,0.027768556,"0"
0.049224027,0.9537679,"0"
0.82986176,0,"0"
0.6081986,0.29058418,"0"
0.99853384,0,"0"
0.96062404,0,"0"
0.9811612,0.9424306,"0"
0.104489505,0,"0"
0.54027104,0,"0"
0.1620348,0,"0"
0.35384363,0.49044922,"0"
0.16096966,0,"0"
0.094786026,0.093875736,"0"
0.00082392286,0.9938678,"0"
0.47062075,0,"0"
0.2557734,0.35984376,"0"
0.48637214,0,"0"
0.73964894,0.63340664,"0"
0.02724891,0,"0"
0.9990392,0,"0"
0.9354493,0.06481154,"0"
0.4879552,0,"0"
0.99544936,0.8478008,"0"
0.10192243,0.9430851,"0"
0.90289617,0.848549,"0"
0.9330126,0.836013,"0"
0.35692203,0,"0"
0.88560164,0.93947166,"0"
0.17618094,0.73880994,"0"
0.09902067,0,"0"
0.9804331,0.5677219,"0"
0.73917836,0,"0"
0.94665724,0.98439085,"0"
0.11499682,0,"0"
0.99248135,0.97094226,"0"
0.0470588,0,"0"
0.99768436,0.6819022,"0"
0.99966085,0,"0"
0.99440914,0.23154646,"0"
0.9994624,0,"0"
0.58247375,0.06457612,"0"
0.9996172,0,"0"
0.80956525,0,"0"
0.89825714,0,"0"
0.41548917,0,"0"
0.9708965,0.9523316,"0"
0.24796657,0.9750139,"0"
0.078819655,0,"0"
0.95173246,0.8768122,"0"
0.23899418,0.92787933,"0"
0.9621284,0.99408096,"0"
0.49911407,0,"0"
0.99259984,0.9715759,"0"
0.9919504,0.5260048,"0"
0.4093389,0.9647374,"0"
0.99999344,0.513537,"0"
0.6413152,0,"0"
0.99966776,0,"0"
0.60211843,0,"0"
0.39406595,0,"0"
0.9250538,0,"0"
0.8634732,0.7712603,"0"
0.99999964,0.9929389,"0"
0.10558293,0.45149922,"0"
0.018419748,0.51051337,"0"
0.6956633,0,"0"
0.9641873,0.14268504,"0"
0.4653356,0.6732454,"0"
0.89519566,0,"0"
0.9624748,0.7515539,"0"
0.22734888,0,"0"
0.0031359266,0.113973685,"0"
0.6805563,0,"0"
0.0036992198,0,"0"
0.9908833,0,"0"
0.02361423,0,"0"
0.018177213,0,"0"
0.2953646,0.7808606,"0"
0.99566025,0.9210206,"0"
0.99999356,0,"0"
0.73437744,0.055962704,"0"
0.09372751,0,"0"
0.99997425,0.779119,"0"
0.9999716,0,"0"
0.7667569,0,"0"
0.19561256,0.7632906,"0"
0.9997713,0,"0"
0.96996486,0,"0"
0.91009444,0.9465064,"0"
0.9998845,0,"0"
0.95135826,0.14923692,"0"
0.060988285,0.6645702,"0"
0.13512641,0,"0"
0.6154623,0,"0"
0.1944888,0.16720714,"0"
0.24448389,0.9824341,"0"
0.11377436,0,"0"
0.9999628,0,"0"
0.9656174,0.00949522,"0"
0.9999944,0.091248214,"0"
0.9999578,0.030135648,"0"
0.68530846,0.15016858,"0"
0.37524095,0.1105516,"0"
0.9980635,0,"0"
0.98599523,0.8408548,"0"
0.982919,0.071444474,"0"
0.038177274,0,"0"
0.97066957,0.077156715,"0"
0.8079017,0.45151648,"0"
0.8401661,0,"0"
0.21804115,0,"0"
0.07106495,0,"0"
0.93998903,0,"0"
0.0011502529,0.16403617,"0"
0.96784794,0,"0"
0.9999014,0.45930386,"0"
0.9096622,0.8252036,"0"
0.9994123,0.94096935,"0"
0.12816584,0,"0"
0.49620602,0,"0"
0.068716,0.9032591,"0"
0.5819004,0.18036558,"0"
0.9985942,0,"0"
0.9997646,0.82419217,"0"
0.99997544,0,"0"
0.32769784,0.9726846,"0"
0.29329392,0.987257,"0"
0.52581036,0,"0"
0.93172055,0.87414235,"0"
0.7589851,0.6491162,"0"
0.9997576,0.820626,"0"
0.015669804,0.9841559,"0"
0.03183438,0,"0"
0.19894052,0.18949199,"0"
0.99465865,0,"0"
0.9998492,0.095528245,"0"
0.95092225,0.80953634,"0"
0.4171898,0.8987976,"0"
0.803788,0.9624451,"0"
0.98199534,0,"0"
0.061436135,0.8811696,"0"
0.8848649,0.8968718,"0"
0.843788,0.90535367,"0"
0.037249774,0,"0"
0.17407446,0,"0"
0.67477065,0.70522857,"0"
0.9990872,0.6288105,"0"
0.98765534,0.82808673,"0"
0.984438,0.95269966,"0"
0.9970964,0.3404252,"0"
0.1253056,0.81252956,"0"
0.080112465,0,"0"
0.9935962,0.9611307,"0"
0.24188046,0,"0"
0.050310533,0,"0"
0.071732394,0,"0"
0.936848,0.085751995,"0"
0.9500086,0,"0"
0.00795047,0,"0"
0.7493389,0.4083663,"0"
0.29438373,0.40406007,"0"
0.1138539,0,"0"
0.9999372,0.87075645,"0"
0.07226103,0.7007476,"0"
0.8933952,0,"0"
0.87241083,0,"0"
0.0895151,0.06131114,"0"
0.99594814,0.9845969,"0"
0.8111,0,"0"
0.07571413,0.9523078,"0"
0.72985923,0.96802485,"0"
0.9896165,0,"0"
0.9958454,0.95447046,"0"
0.01717114,0,"0"
0.029959308,0,"0"
0.9814902,0.8823919,"0"
0.92935705,0.11190063,"0"
0.95929414,0.19014713,"0"
0.6765542,0,"0"
0.61321914,0,"0"
0.94774497,0.97934383,"0"
0.9999969,0,"0"
0.9906014,0.095630474,"0"
0.32721445,0.046228364,"0"
0.9999666,0.24827437,"0"
0.99968696,0.52324075,"0"
0.09920934,0,"0"
0.99998105,0.53136396,"0"
0.841834,0.56453013,"0"
0.9639528,0.7478595,"0"
0.1565109,0,"0"
0.976228,0,"0"
0.28924364,0.9956949,"0"
0.9998299,0.91820663,"0"
0.99568945,0,"0"
0.071823545,0.5518486,"0"
0.007461866,0,"0"
0.9993193,0.028565342,"0"
0.02707896,0.90696007,"0"
0.7538649,0.048051402,"0"
0.85614175,0,"0"
0.0049782107,0.9462398,"0"
0.14766464,0,"0"
0.0015309936,0,"0"
0.9865621,0.33685473,"0"
0.0068592094,0.0013906176,"0"
0.89287204,0,"0"
0.83929276,0,"0"
0.97379875,0.13442948,"0"
0.9135703,0,"0"
1,0.8191104,"0"
0.80039644,0,"0"
0.90828747,0.9852734,"0"
0.019034812,0,"0"
0.9984484,0.86676466,"0"
0.28833333,0.9667096,"0"
0.7549872,0.4866335,"0"
0.65739083,0.29501387,"0"
0.70819354,0,"0"
0.08410762,0.09828954,"0"
0.12820718,0,"0"
0.99907696,0.044366278,"0"
0.5348734,0.15586616,"0"
0.94064236,0,"0"
0.039748315,0.52926594,"0"
0.9850152,0,"0"
0.9999989,0,"0"
0.9992348,0.034396514,"0"
0.43127272,0.10630186,"0"
0.8414162,0,"0"
0.702632,0.08878817,"0"
0.9921645,0,"0"
0.044597372,0,"0"
0.38342527,0.040214643,"0"
0.02116714,0,"0"
0.31939417,0,"0"
0.81525487,0.81661856,"0"
0.99807394,0,"0"
1,0.89733607,"0"
0.06311233,0.027041137,"0"
0.044182245,0.43655127,"0"
0.2523953,0,"0"
0.06618401,0,"0"
0.0010000428,0.98496985,"0"
0.0046832627,0,"0"
0.14300106,0,"0"
0.005309678,0.9898057,"0"
0.27176544,0.94421977,"0"
0.26839033,0,"0"
0.1866982,0,"0"
0.1869775,0.027883133,"0"
0.9844136,0.5804072,"0"
0.31618437,0,"0"
0.2736622,0.76917195,"0"
0.037093464,0.506718,"0"
0.27443057,0,"0"
0.043111153,0.33211076,"0"
0.92078406,0.9979097,"0"
0.3182348,0.9597291,"0"
0.97365755,0.9402356,"0"
0.42127678,0,"0"
0.23990221,0.7932988,"0"
0.9999628,0.8626488,"0"
0.646054,0.6357466,"0"
0.64422107,0.6663249,"0"
0.78767055,0.8495997,"0"
0.99922526,0.051344275,"0"
0.5642756,0.056075405,"0"
0.5352025,0,"0"
0.18974526,0,"0"
0.10415421,0.9227682,"0"
0.29923967,0.26852706,"0"
0.9900032,0.91484636,"0"
0.048651822,0.98276156,"0"
0.08338033,0.9569279,"0"
0.9939116,0.9768587,"0"
0.99969673,0.047216807,"0"
0.64041895,0.9935241,"0"
0.9660235,0.11482018,"0"
0.043871183,0,"0"
0.105829306,0,"0"
0.00034574774,0,"0"
0.34337643,0.97879994,"0"
0.17851277,0,"0"
0.87872756,0.9950222,"0"
0.29984915,0.23198065,"0"
0.9995146,0.14673835,"0"
0.007905709,0,"0"
0.10937922,0.9505748,"0"
0.46106052,0,"0"
0.9874084,0,"0"
0.021912139,0,"0"
0.99999297,0.99719054,"0"
0.76003003,0.07128673,"0"
0.091918804,0.85031193,"0"
0.20858534,0,"0"
0.6511731,0,"0"
0.021693947,0,"0"
0.99998415,0.8665383,"0"
0.052807678,0.9557994,"0"
0.6020148,0.59349257,"0"
0.73498267,0.9338792,"0"
0.02633461,0.01834912,"0"
0.005696377,0.61761415,"0"
0.003208227,0.0054341545,"0"
0.20393114,0.15001877,"0"
0.005204233,0,"0"
0.9999654,0.8147661,"0"
0.038791843,0.44416308,"0"
0.005414842,0,"0"
0.35394713,0,"0"
0.0009848023,0.6327993,"0"
0.9881855,0,"0"
0.69532174,0.86653084,"0"
0.00115789,0.20903005,"0"
1.0594081e-06,0.9557356,"0"
0.038663764,0.8864607,"0"
0.3773926,0.18536273,"0"
0.00028030475,0,"0"
0.9968618,0.13841735,"0"
0.56497836,0.9685242,"0"
0.0032364202,0,"0"
0.007629213,0.44179377,"0"
0.0358154,0.98309237,"0"
0.38508555,0,"0"
0.032179188,0.52011955,"0"
0.0009040366,0,"0"
0.968781,0.9851301,"0"
0.9999795,0.96774054,"0"
0.019485934,0.880821,"1"
0.99980825,0.9792508,"0"
0.64750177,0,"0"
0.99999976,0,"0"
0.12012143,0.008392417,"0"
0.9999865,0.050761133,"0"
0.94296974,0.9667536,"0"
0.48213848,0,"0"
0.0026804605,0.06898768,"0"
0.22266173,0.056975204,"0"
0.0001021893,0,"0"
0.670602,0,"0"
0.94631696,0,"0"
2.1277612e-10,0.008538245,"0"
0.007872191,0,"0"
1,0,"0"
0.017133335,0.069441564,"0"
0.9583709,0.17726678,"0"
0.64268714,0,"0"
0.98714733,0,"0"
3.656934e-05,0,"0"
0.004937854,0.49820238,"1"
5.3617932e-05,0.16249084,"1"
0.0033158374,0.84297776,"1"
0.0016230637,0,"1"
0.017403392,0.9391171,"0"
0.00929732,0,"0"
0.00031218457,0,"0"
0.018390415,0,"0"
0.011055579,0.98908603,"0"
0.0017715372,0,"0"
0.0018683135,0.73467183,"0"
0.015923949,0,"0"
0.011046544,0.993838,"0"
0.00021293262,0.87882805,"0"
0.3433757,0.9454506,"0"
0.03423643,0,"0"
0.0041622045,0.9184656,"0"
0.101866335,0.9099985,"0"
0.031575825,0.6881796,"0"
5.823015e-05,0.9857416,"0"
0.0007672928,0,"0"
0.04912276,0.9915263,"0"
0.455545,0,"0"
5.5397296e-09,0,"0"
0.0017153911,0,"0"
0.0012199902,0.91618645,"0"
0.00019797173,0,"0"
0.1493096,0,"0"
0.0009761452,0,"0"
0.0014812435,0.95604146,"0"
9.58701e-06,0.97192174,"0"
0.00435662,0.9539189,"0"
0.0029379616,0,"0"
0.9610061,0,"0"
0.055250697,0.81721807,"0"
0.00013039749,0.9485209,"0"
0.006980894,0.7056839,"0"
0.0010989881,0.4834752,"0"
0.0005430766,0.40948004,"0"
0.30407295,0,"0"
0.007733291,0,"0"
2.7189373e-05,0,"0"
0.00048234029,0,"0"
0.040518988,0.8650244,"0"
0.009921621,0,"0"
0.003142981,0,"0"
0.0014657833,0.5513502,"0"
2.7927912e-05,0.92791474,"0"
0.001986229,0,"0"
0.00032538216,0.70230854,"0"
0.00018356198,0.685743,"0"
1.8440991e-05,0,"0"
0.008098375,0.40979442,"0"
0.011607659,0,"0"
0.20012829,0,"0"
0.0475307,0.80636007,"0"
8.5820255e-05,0,"0"
0.0009738067,0.38404208,"0"
0.038261797,0.88971835,"0"
0.00430535,0.17368989,"0"
0.017543394,0,"0"
2.040889e-05,0.9389316,"0"
0.065340675,0.9906254,"0"
0.013678337,0,"0"
0.014818842,0.8668526,"0"
0.0075635915,0,"0"
0.0005617595,0,"0"
0.0033292673,0.55424213,"0"
0.0033835,0,"0"
0.015133111,0,"0"
0.045013152,0,"0"
0.005146469,0,"0"
0.003436964,0.91083163,"0"
4.019967e-05,0.5153611,"0"
0.0058935764,0.9916956,"0"
0.0006281955,0.70081955,"0"
0.024712121,0,"0"
1.1300581e-05,0,"0"
0.009805497,0.5648399,"0"
0.031597283,0,"0"
0.0020176673,0,"0"
0.00022455057,0,"0"
0.03561197,0,"0"
0.03126896,0.9880205,"0"
4.3897875e-05,0.99500614,"0"
0.0018394705,0.9829465,"0"
0.7299639,0.6680184,"0"
0.00029590688,0,"0"
0.2238983,0.89276737,"0"
0.036410343,0,"0"
0.99379236,0,"0"
0.0017799252,0,"0"
0.0003585318,0,"0"
0.5891608,0.9647708,"0"
0.583376,0.6923704,"0"
0.005806404,0,"0"
0.05056794,0.94725287,"0"
0.0001314029,0.6961727,"0"
0.4028557,0.62301975,"0"
0.031884413,0,"0"
5.3543085e-05,0,"0"
0.0026297874,0,"0"
0.002024892,0.8846792,"0"
0.00017422857,0,"0"
0.0008061524,0,"0"
0.00757523,0.51829624,"0"
5.364341e-06,0.8021751,"0"
0.41220123,0,"0"
0.00041182688,0.8883172,"0"
0.004254549,0,"0"
0.023369089,0.80686045,"0"
0.00030994046,0.93552953,"0"
4.3741431e-07,0.98774403,"0"
6.0707756e-05,0.54954994,"0"
0.9397654,0,"0"
0.00016198787,0.27142885,"0"
0.27008352,0,"0"
0.36847717,0.82138294,"0"
0.060321078,0,"0"
0.0019192988,0,"0"
0.3492255,0,"0"
0.0027391543,0.90145385,"0"
0.0020440414,0,"0"
0.00016510874,0,"0"
0.99832076,0.9366553,"0"
0.00059039885,0.58993053,"0"
0.013388074,0,"0"
0.0017328538,0,"0"
0.0010069775,0,"0"
0.00051073043,0.980641,"0"
0.015608905,0,"0"
0.68497705,0,"0"
0.0006470824,0,"0"
0.001315647,0,"0"
0.0011999346,0,"0"
0.021515002,0,"0"
0.001092831,0,"0"
0.007138363,0.5981399,"0"
0.0006579223,0.21625055,"0"
0.0010447527,0,"0"
0.005009103,0.95256495,"0"
6.0800056e-05,0.6185373,"0"
0.00015738072,0,"0"
8.944465e-05,0.9029726,"0"
0.0013003084,0.9740045,"0"
0.00055012957,0.8990293,"0"
4.0549425e-05,0,"0"
0.0012194291,0.38572326,"0"
0.001309181,0.93387115,"0"
0.0014400505,0.9676384,"0"
0.3037556,0,"0"
0.003276771,0,"0"
0.021008102,0,"0"
0.0006135915,0,"0"
0.004069077,0,"0"
0.0028633412,0,"0"
0.00041774425,0.99196285,"0"
0.0050685033,0.95514363,"0"
0.61325,0.93906033,"0"
0.95620364,0.9101518,"0"
0.001100871,0,"0"
0.0009845865,0,"0"
0.0053369165,0,"0"
0.1691743,0,"0"
0.094466075,0,"0"
0.052362043,0.9290142,"0"
0.88968486,0,"0"
0.006012503,0.54115593,"0"
0.021374283,0.8248694,"0"
1.5769367e-05,0,"0"
0.0011130685,0,"0"
0.002430892,0,"0"
0.0006274272,0.8169605,"0"
0.00038650312,0.9982147,"0"
0.00028279686,0,"0"
0.0635981,0.8675114,"0"
4.7437916e-05,0.19195554,"0"
0.1827544,0,"0"
0.15677789,0.95952535,"0"
0.00039950776,0.8202389,"0"
0.0019756567,0.97214186,"0"
0.0013540842,0.32807574,"0"
0.12430517,0.9890218,"0"
0.030373646,0,"0"
0.00021470012,0,"0"
0.00010607618,0,"0"
0.09192541,0.81512517,"0"
0.05468886,0.54343665,"0"
0.1680099,0,"0"
0.027355902,0,"0"
0.00025125456,0.99803156,"0"
0.025188768,0,"0"
0.00015695211,0,"0"
0.0052700955,0,"0"
0.00066090334,0,"0"
0.00016634288,0,"0"
0.16942914,0.8230164,"0"
0.29989913,0,"0"
0.036978327,0.9976044,"0"
0.0040456923,0.69888407,"0"
0.00026423534,0,"0"
0.49744913,0.396965,"0"
0.0042730686,0.9775319,"0"
0.0011241758,0.98091894,"0"
0.0016276885,0,"0"
0.00044969036,0.36176535,"0"
0.004999117,0,"0"
0.017038392,0.5683079,"0"
2.195257e-05,0,"0"
0.0072166584,0.01549974,"0"
0.0345738,0.5944098,"0"
0.019567989,0.9937873,"0"
0.0020074816,0.2524837,"0"
0.011238116,0,"0"
0.023071287,0,"0"
0.9844082,0,"0"
0.0016756497,0.9487215,"0"
0.0012864965,0.80337757,"0"
0.00093350053,0.8932706,"0"
0.008712398,0,"0"
0.0006681526,0.9203363,"0"
0.0011135584,0.98879516,"0"
0.0019682485,0,"0"
5.3276955e-05,0,"0"
0.000120645156,0.98382497,"0"
0.0057590343,0,"0"
0.14897676,0,"0"
0.00044629685,0,"0"
0.0005807124,0.8086733,"0"
0.01807127,0,"0"
0.003420164,0.15784767,"0"
0.00043763386,0,"0"
1.339664e-05,0.9821317,"0"
0.008837104,0,"0"
0.09795669,0.9500469,"0"
0.00011862611,0,"0"
0.005880246,0.94494796,"0"
9.0098234e-05,0,"0"
0.00043261723,0,"0"
0.00063730695,0.99241555,"0"
0.18378016,0,"0"
0.00091662456,0.7684551,"0"
0.00014044596,0.47188514,"0"
8.216247e-05,0.8276914,"0"
0.00046309418,0.7658844,"0"
0.00017701347,0,"0"
0.00010166589,0.90761256,"0"
0.0001693807,0.9988104,"0"
0.03354936,0,"0"
0.0008989632,0.94214106,"0"
0.0003281172,0,"0"
0.00043452423,0.9940784,"0"
0.050162446,0,"0"
0.0048731645,0.9044298,"0"
0.00045791417,0.9273004,"0"
0.039674502,0,"0"
0.0009110282,0,"0"
0.001483832,0,"0"
0.0121824145,0.99131244,"0"
0.0002975982,0,"0"
7.0922826e-05,0.99478537,"0"
0.0003586754,0.75281686,"0"
0.00015489181,0,"0"
0.0019034767,0,"0"
0.051297035,0,"0"
0.00012899483,0,"0"
6.0264378e-05,0,"0"
0.0012747833,0.9692146,"0"
9.768931e-05,0.5835163,"0"
0.0025871953,0,"0"
0.00026841424,0.99859875,"0"
1.46542025e-05,0.6075118,"0"
0.00047414124,0.9514587,"0"
0.0012480904,0.3118205,"0"
0.0096280575,0,"0"
0.00019284745,0.96161103,"0"
0.0007053498,0.9725326,"0"
0.0015296553,0.3058795,"0"
0.00027013046,0.8432072,"0"
1.486803e-05,0,"0"
0.0010129195,0,"0"
0.0012869732,0,"0"
0.0010492307,0,"0"
0.010822822,0.95227927,"0"
2.8618553e-05,0,"0"
0.00023264601,0,"0"
0.00010349367,0,"0"
0.001412384,0.9521375,"0"
0.14416915,0.94500166,"0"
0.0010933325,0.93977183,"0"
9.775912e-05,0.8868759,"0"
0.0039013843,0.9047714,"0"
0.005826171,0,"0"
0.0006718283,0.90537214,"0"
0.3745049,0.9871228,"0"
0.0016329499,0,"0"
0.00068529835,0.75681645,"0"
0.010105878,0.5687297,"0"
0.0017320038,0,"0"
4.1793322e-05,0.13307552,"0"
0.00045910012,0,"0"
0.8353386,0,"0"
0.021674545,0,"0"
0.00865784,0,"0"
3.2575306e-05,0,"0"
0.00011520714,0.95395446,"0"
0.000718562,0.97392684,"0"
0.0004450697,0,"0"
0.018215992,0.8977544,"0"
4.9706854e-05,0,"0"
0.68839025,0.94099116,"0"
0.0005246566,0,"0"
0.029613864,0.9188377,"0"
0.0022782409,0,"0"
0.66085106,0,"0"
0.00048571383,0.9309838,"0"
0.0026706741,0,"0"
0.00038447406,0.9959714,"0"
0.00041147624,0,"0"
0.0028899903,0.9939407,"0"
0.0056237285,0,"0"
0.00020375561,0.6698788,"0"
6.836294e-06,0.1805754,"0"
0.0004516076,0,"0"
0.0010560494,0,"0"
0.0009765597,0.33804297,"0"
0.0008464753,0,"0"
0.00017882988,0.98568624,"0"
0.07928161,0,"0"
0.013594608,0,"0"
0.0006081698,0.9675066,"0"
0.015826516,0.99005604,"0"
0.00057233847,0.710615,"0"
0.0011603257,0.28633246,"0"
0.00028991225,0.09398041,"0"
7.405519e-05,0.88224745,"0"
8.035148e-06,0,"0"
0.016644072,0.4594555,"0"
0.0003672104,0.9742836,"0"
0.0031143334,0,"0"
0.009367153,0.7658634,"0"
0.00097639975,0.93456054,"0"
0.00010224329,0,"0"
0.0005054691,0,"0"
0.002758623,0,"0"
0.00022643458,0,"0"
0.0018769911,0.9284474,"0"
4.3049255e-05,0,"0"
0.00086875167,0.6493584,"0"
7.686508e-05,0.79327357,"0"
0.9686756,0.9357708,"0"
0.041193232,0,"0"
0.00576632,0,"0"
0.046072364,0,"0"
1.5937177e-09,0.49671897,"0"
6.2956824e-05,0.5666198,"0"
0.0001880924,0,"0"
0.0016243523,0.12844716,"0"
0.006476458,0,"0"
0.008178304,0.9627754,"0"
0.0020495993,0.9368095,"0"
0.0033596552,0,"0"
2.921849e-05,0.96064526,"0"
1.9010398e-05,0.65593046,"0"
0.0043522227,0.68382996,"0"
0.0002641663,0.97284126,"0"
9.331742e-05,0,"0"
0.00013636921,0.9660238,"0"
0.0028966542,0,"0"
0.0010252486,0.6146145,"0"
0.0030385125,0.37901792,"0"
0.00012163869,0.60514194,"0"
0.0030590775,0.62738216,"0"
0.08949878,0,"0"
0.0013141005,0.9258517,"0"
0.00052608986,0.9824761,"0"
0.00018435832,0.9855805,"0"
0.007989381,0,"0"
0.39716485,0,"0"
0.00911613,0.06855815,"0"
0.0010784828,0.76668715,"0"
0.0010965912,0,"0"
0.0010356337,0.5996871,"0"
0.0782155,0.95179975,"0"
0.8593923,0.48179927,"0"
0.0057293316,0,"0"
0.0015555626,0,"0"
0.54751664,0.94176435,"0"
0.12556367,0,"0"
0.00034214024,0.99052775,"0"
0.05702966,0,"0"
0.0004377463,0.9622308,"0"
7.897219e-05,0,"0"
0.021905223,0.99514633,"0"
0.00067283807,0,"0"
0.0007048878,0,"0"
0.009389542,0.565307,"0"
0.0008688601,0.9354657,"0"
0.0010684538,0.37165442,"0"
0.0029837708,0,"0"
0.00034745908,0.98647493,"0"
0.00021219587,0,"0"
1.2069893e-05,0.9766358,"0"
0.0003569834,0,"0"
0.0052947653,0.9818127,"0"
0.00027989777,0.6519985,"0"
0.00071691966,0,"0"
0.009175195,0.97212034,"0"
0.00033680876,0.9506829,"0"
0.00051242055,0,"0"
0.022811022,0,"0"
0.0069726314,0.7851096,"0"
0.000108313434,0,"0"
0.002077637,0,"0"
0.00039455024,0.9913605,"0"
0.00022028414,0.93143946,"0"
0.0013033609,0.25496843,"0"
0.046118993,0.40566897,"0"
0.00025076876,0,"1"
0.019582404,0,"0"
0.00031450062,0,"0"
0.01362841,0.9452775,"0"
0.00017605384,0,"0"
2.9049928e-05,0.94737244,"0"
0.0007936387,0.93913305,"0"
0.0018730438,0.7325437,"0"
0.00043338866,0.76951885,"0"
0.0028627056,0,"0"
0.0151905045,0.95508033,"0"
0.0018581835,0.8012129,"0"
3.2606666e-05,0.9544144,"0"
0.002602013,0,"0"
0.0003181069,0,"0"
0.00029388035,0.9715019,"0"
0.00074718473,0.9973973,"0"
0.0011033519,0,"0"
0.0016472324,0,"0"
0.20393611,0.8600476,"0"
3.8681974e-05,0,"0"
0.042113014,0,"0"
0.9640836,0.93456167,"0"
0.54696363,0.69672674,"0"
0.0001810141,0.87045014,"0"
0.106757365,0.91146916,"0"
0.0008106441,0,"0"
8.493379e-06,0.64288765,"0"
0.05383028,0,"0"
0.01687642,0,"0"
0.0014311015,0.98761255,"0"
0.01536477,0.20926924,"0"
0.0006682194,0,"0"
0.00038562348,0,"0"
0.00021253586,0.83609617,"0"
0.0034529243,0,"1"
0.0054962686,0.8227259,"0"
0.8726513,0,"0"
0.00746182,0.8678652,"0"
6.862053e-05,0,"0"
0.029465387,0.98689747,"0"
0.0003085204,0.43593526,"0"
0.0027538864,0.08483508,"0"
0.0014756803,0.7547126,"0"
0.060327962,0.34013423,"0"
0.00061010284,0,"0"
0.0003273436,0.26584196,"0"
0.000122043704,0,"0"
0.0001393893,0.20845716,"0"
0.00029053623,0.97716767,"0"
0.03671702,0.98456407,"0"
0.00020237378,0.99044305,"0"
0.058635242,0,"0"
1.5277761e-05,0.6061104,"0"
3.74331e-05,0,"0"
0.009511706,0,"0"
0.049979027,0.8969206,"0"
0.018417533,0.5692837,"0"
1.7324173e-07,0.8762721,"0"
0.0016616574,0,"0"
7.9310215e-05,0.828822,"0"
4.274306e-06,0,"0"
0.011367912,0,"0"
0.00031108406,0.7567111,"0"
0.0046961517,0,"0"
0.0019449532,0.91211045,"0"
0.0050379173,0,"0"
0.00033028776,0.7289873,"0"
0.0009833393,0,"0"
0.00027017065,0.9672834,"0"
0.001321887,0.9406332,"0"
0.00033809448,0.9793194,"0"
0.00020003482,0,"0"
2.541349e-05,0,"0"
3.8318936e-05,0.49570608,"0"
0.0796121,0,"0"
0.00011625155,0,"0"
0.00070784567,0,"0"
0.0021492674,0.9987035,"0"
4.545483e-05,0.44417748,"0"
0.0019469304,0,"0"
4.43076e-05,0,"0"
0.0027335756,0,"0"
0.0004809157,0.16661613,"0"
0.0058910293,0.8485547,"0"
0.08586972,0.992953,"0"
0.0006135254,0,"0"
0.018402282,0.46942323,"0"
0.00033251423,0.92289734,"0"
0.0045535904,0,"0"
0.047035046,0.9872782,"1"
0.0003338219,0.9267566,"0"
0.0015718193,0.75597155,"0"
0.00083938235,0.6578283,"0"
0.00081187405,0.9706886,"0"
0.040089946,0,"0"
0.0005334345,0.98204815,"0"
0.00019450374,0.9632064,"0"
0.00022420612,0.90579534,"0"
0.0010393957,0.6406963,"0"
0.0071575246,0.7152869,"0"
0.042193472,0.4845383,"0"
0.00042846688,0.9685656,"0"
1.1377574e-05,0.92015016,"0"
0.6311789,0.9995432,"0"
0.0011065239,0,"0"
0.0024106677,0,"0"
0.0014774328,0.67418754,"0"
0.000105495325,0.8560848,"0"
0.0002600163,0.8071053,"0"
0.0004582572,0.13480845,"0"
0.13246125,0.9824991,"0"
0.00080836244,0.75248545,"0"
0.015812209,0.94007933,"0"
0.0021236835,0.9789353,"0"
4.0746225e-05,0.77112615,"0"
0.001600546,0,"0"
0.0029737852,0,"0"
3.6922494e-05,0,"0"
0.024505652,0.4738653,"0"
0.002336982,0.86679053,"0"
0.00013962729,0,"0"
0.008645927,0,"0"
0.0017370178,0,"0"
0.0015921209,0.82157457,"0"
0.25454128,0.6090942,"0"
0.0027659775,0.8780085,"0"
9.6626834e-05,0,"0"
0.0034609258,0.80550534,"0"
0.00016521504,0,"0"
0.00017418903,0,"0"
0.0012745745,0,"0"
0.0013202514,0.94431,"0"
0.004586262,0,"0"
0.00079813314,0.9709566,"0"
0.0017055909,0.8972519,"0"
0.0002792394,0,"0"
0.0009527068,0,"0"
0.000109112174,0,"0"
0.0064132796,0.9704159,"0"
0.00013511807,0.9906968,"0"
0.011660735,0.22625916,"0"
0.00022797917,0,"0"
4.8473106e-05,0.5305899,"0"
0.00015695168,0.7748849,"0"
0.0022433002,0.912784,"0"
0.002620121,0.81348085,"0"
0.0088686375,0.6431931,"0"
0.000684157,0.98312587,"0"
0.0044277892,0,"0"
0.00063585147,0.9718186,"0"
0.13413759,0.3601117,"0"
0.0015553775,0.9192981,"0"
0.0026496677,0,"0"
0.057773635,0,"0"
3.2987675e-05,0.6997019,"0"
0.018945927,0,"0"
0.005442797,0.8612249,"0"
0.0029667953,0.42466706,"0"
0.00092454196,0.7254606,"0"
0.022769362,0.9976235,"0"
0.00010791837,0.62860453,"0"
0.0078085223,0,"0"
0.0012267207,0.9964592,"0"
0.004548233,0.1288492,"0"
2.2736289e-05,0,"0"
0.00033549496,0.97214353,"0"
0.00026041103,0.3291622,"0"
0.7570399,0,"0"
0.00017546545,0.70482314,"0"
0.00025569226,0,"0"
0.0012492018,0.98187745,"0"
1.4949298e-05,0.4523898,"0"
0.0013816258,0.93075573,"0"
3.4456356e-05,0,"0"
0.011782239,0,"0"
0.008042304,0.9443924,"0"
0.00026300852,0.93439764,"0"
0.003988418,0.9552592,"0"
6.118982e-05,0,"0"
0.23944601,0.92241,"0"
0.00015695197,0.96161574,"0"
0.0020550545,0,"0"
7.835979e-07,0,"0"
6.488013e-05,0,"0"
0.009374218,0,"0"
0.03686465,0.646302,"0"
0.00066004664,0,"0"
0.00015695182,0,"0"
0.0025820963,0.15271866,"0"
1.4949326e-05,0.852293,"0"
1.4949342e-05,0,"0"
0.014833474,0,"0"
1.4949312e-05,0,"0"
0.042151406,0,"0"
0.010474611,0,"0"
0.015719615,0,"0"
0.006943368,0.045717895,"0"
0.25153372,0,"0"
6.4055967e-06,0.0036878109,"0"
0.025160065,0,"0"
0.037374873,0.062341973,"0"
0.031931575,0.009846249,"0"
0.12963071,0.213542,"0"
0.27954122,0,"0"
3.71654e-05,0.8045376,"0"
0.002304589,0.007712959,"0"
0.0054547456,0.0135720465,"0"
0.00047078604,0,"0"
0.00029872358,0.4502952,"0"
0.59632176,0,"0"
1.2253372e-06,0,"0"
0.2757695,0.5767718,"0"
0.07971122,0,"0"
0.041938532,0,"0"
0.006864058,0.40305793,"0"
0.021910401,0.121199004,"0"
0.5196127,0.55243355,"0"
0.17905809,0,"0"
0.067336924,0.06732967,"0"
0.0028976996,0.0413435,"0"
0.0049074963,0.039291956,"0"
0.8033372,0.05952446,"0"
0.021274947,0.30153525,"0"
0.22645997,0.112796925,"0"
0.057814844,0,"0"
0.020746179,0,"0"
0.032128792,0,"0"
0.010109117,0,"0"
0.5481546,0.03776954,"0"
0.0032345653,0.33876482,"0"
0.2564999,0,"0"
0.0025073374,0,"0"
0.039398354,0.13477372,"0"
0.028690144,0.47883078,"0"
0.3529808,0,"0"
0.0022936575,0.80508006,"0"
0.00012661745,0.014755028,"0"
2.6506245e-06,0,"0"
0.045295984,0.7679814,"0"
0.03172787,0,"0"
0.0078902,0,"0"
0.01836846,0.6728081,"0"
0.054805472,0,"0"
0.013757769,0.00704406,"0"
0.018123653,0.17675553,"0"
0.08061042,0.024113186,"0"
0.02488949,0,"0"
0.12583078,0.19054265,"0"
0.9933066,0.26112425,"0"
0.3975714,0,"0"
0.0013062696,0.2093982,"0"
0.08204347,0,"0"
0.121086314,0,"0"
0.00012830918,0.35696164,"0"
9.931492e-05,0,"0"
0.066521235,0,"0"
0.005580084,0,"0"
0.11908821,0.48075184,"0"
0.0049206046,0.31040326,"0"
0.01942112,0.2388747,"0"
0.6678269,0.026673624,"0"
0.23530746,0,"0"
0.000198371,0,"0"
0.0994802,0.04379846,"0"
0.007278365,0,"0"
0.001107664,0,"0"
0.021098861,0,"0"
0.02759873,0,"0"
0.0814574,0.01366774,"0"
0.13030267,0.9921227,"0"
0.14856373,0.16168243,"0"
0.07816018,0.0052143545,"0"
0.41672933,0,"0"
0.19770391,0.39643636,"0"
0.021041922,0,"0"
0.29287022,0,"0"
0.002321713,0,"0"
0.05521162,0,"0"
0.7585226,0.20931016,"0"
0.023272961,0,"0"
0.026953455,0.41340446,"0"
0.0031893435,0.060786784,"0"
2.9523064e-05,0.011211554,"0"
0.06013382,0,"0"
0.004627238,0,"0"
0.045928188,0,"0"
0.26800948,0.9550182,"0"
0.51793456,0,"0"
0.0018909799,0,"0"
0.020674491,0.051708538,"0"
0.04928937,0.26047194,"0"
0.13271087,0,"0"
0.00046377446,0.014496248,"0"
1.8575134e-06,0,"0"
0.91155523,0.041034553,"0"
0.015841965,0.04955812,"0"
4.853501e-07,0.99742234,"0"
0.1348326,0.015942192,"0"
0.0043543805,0,"0"
1.7460414e-05,0.95229745,"0"
0.00044498927,0,"0"
0.2478797,0.33249563,"0"
0.11104845,0,"0"
1.3774293e-05,0,"0"
0.0005285424,0,"0"
0.013948351,0.0542399,"0"
0.07309652,0,"0"
0.00028417527,0,"0"
0.007990458,0.004938878,"0"
0.0014533146,0.24637944,"0"
0.18684843,0,"0"
0.2164289,0,"0"
4.9757553e-05,0,"0"
0.0076940227,0.7092895,"0"
0.042022835,0,"0"
0.18165228,0,"0"
0.101545356,0,"0"
4.887554e-05,0,"0"
0.010263655,0,"0"
0.00020436637,0,"0"
2.6668737e-05,0,"0"
0.002672279,0.93938935,"0"
0.0026185415,0.010925753,"0"
0.00091665564,0,"0"
0.6851555,0.117991254,"0"
0.00073556334,0.065160364,"0"
0.07743225,0,"0"
0.030526215,0.33606172,"0"
0.12186725,0.012513795,"0"
0.6226971,0.8986356,"0"
6.287996e-05,0,"0"
0.09561629,0.017471323,"0"
0.17538977,0.009136143,"0"
0.59793764,0.951244,"0"
0.47836572,0,"0"
0.004324218,0,"0"
0.00016955698,0,"0"
0.0066438876,0,"0"
0.0004175217,0.016530022,"0"
0.019214047,0,"0"
0.030517451,0,"0"
0.27038315,0.7066393,"0"
1.3679829e-05,0.023253234,"0"
0.0041506956,0.054276902,"0"
0.010265943,0,"0"
0.10051829,0,"0"
0.4976563,0,"0"
0.009540519,0,"0"
0.061244965,0,"0"
0.16116364,0.019612467,"0"
0.0053461636,0.7696528,"0"
0.0018208147,0,"0"
0.26044416,0,"0"
0.37545156,0,"0"
0.014444023,0.26808372,"0"
0.027082503,0.043457285,"0"
0.009142679,0.89565605,"0"
0.7603683,0.12782308,"0"
0.004076411,0,"0"
0.0027462228,0.016955575,"0"
0.003574369,0.10142864,"0"
0.00050489604,0.045337018,"0"
0.36067116,0.023989016,"0"
0.09135562,0.0144278025,"0"
0.20998058,0,"1"
0.016845174,0,"0"
0.00020979987,0.99311686,"0"
0.08822569,0.22538953,"0"
6.4425453e-06,0,"0"
0.0361379,0,"0"
0.13012046,0.8716003,"0"
0.3386481,0,"0"
1.7514363e-05,0,"0"
0.8828482,0,"0"
0.017931355,0,"0"
0.6932478,0,"0"
0.97868216,0.43779618,"0"
0.1337078,0,"0"
0.16171779,0.64684284,"0"
0.19536057,0.056661487,"0"
0.005100389,0,"0"
0.052017365,0.0062272768,"0"
0.9339471,0.83757806,"0"
0.014441138,0.9602875,"0"
0.22079007,0,"0"
0.003811199,0.013294451,"0"
0.007007816,0,"0"
0.00059816346,0.9671404,"0"
0.00042357028,0.72264844,"0"
4.3533306e-05,0.0085189,"0"
0.0014704886,0.9865694,"0"
0.0007320218,0,"0"
0.119402535,0,"0"
0.004674034,0,"0"
0.19894207,0.78419745,"0"
0.010535417,0.023655653,"0"
0.00022903738,0.16098937,"0"
0.05368445,0,"0"
0.7795016,0,"0"
0.20983694,0.18674573,"0"
0.71664023,0.49387762,"0"
0.0064352877,0,"0"
0.020246997,0.9648323,"0"
0.0084682945,0,"0"
0.014732793,0,"0"
0.02849045,0,"0"
0.43364745,0.03343423,"0"
4.020983e-05,0,"0"
0.076867566,0.15729712,"0"
0.005335628,0.9612531,"0"
0.001779013,0,"0"
0.0037356755,0.32711756,"0"
0.16435124,0,"0"
0.1816398,0.31367195,"0"
0.017027933,0,"0"
0.0010672794,0.24328092,"0"
0.006858579,0,"0"
0.5657666,0.03286003,"0"
0.053708304,0.34285054,"0"
0.7142358,0.035520613,"0"
0.039546967,0.008579586,"0"
0.004938332,0,"0"
0.0011628312,0.050687224,"0"
0.0006724708,0.13101147,"0"
0.0044008815,0,"0"
0.0036754499,0.09959126,"0"
0.015582432,0,"0"
0.00029298096,0.73764,"0"
0.4883545,0,"0"
0.82083124,0.5610877,"0"
0.0065753506,0,"0"
0.042434573,0,"0"
0.5910386,0,"0"
0.051278017,0.10173226,"0"
0.67682344,0,"1"
3.1988187e-05,0.051919132,"0"
0.003763343,0.012919932,"0"
0.025310507,0,"0"
0.011055205,0.037662674,"0"
0.5833814,0,"0"
0.20209357,0,"0"
0.0005359912,0,"0"
0.047197998,0,"0"
0.2786594,0.24050355,"0"
0.0048364783,0.08907608,"0"
0.0001736726,0,"0"
0.3265476,0.0024070872,"0"
0.0037935383,0.0715611,"0"
0.9997502,0.38981253,"0"
0.502761,0.17245574,"0"
0.001628331,0,"0"
0.006092845,0.6796172,"0"
0.99895847,0.01453629,"0"
0.032612246,0.8483862,"0"
0.14679313,0.006562931,"0"
0.0023267881,0,"0"
0.00061913487,0,"0"
0.0794159,0,"0"
0.00067340484,0,"0"
0.013646563,0.9154461,"0"
0.02856927,0,"0"
0.011607533,0,"0"
0.0025256744,0,"0"
0.012763867,0.120319195,"0"
0.029913483,0.5567374,"0"
0.053397305,0.7366449,"0"
0.00080835784,0.12246308,"0"
0.17407131,0.8862425,"0"
0.049003612,0,"0"
0.002187444,0.013497356,"0"
0.6064778,0.63649637,"0"
0.014847633,0,"0"
0.12468795,0.063535966,"0"
0.023530358,0.3247585,"0"
0.011919946,0.18718399,"0"
0.72209823,0,"0"
0.16764718,0,"0"
0.39882275,0,"0"
0.0019160012,0,"0"
0.0015506174,0,"0"
0.0032793526,0.09563427,"0"
0.0077195964,0.8645427,"0"
0.04214105,0,"0"
0.0028698198,0.04557085,"0"
0.006783153,0,"0"
0.99860245,0.09544419,"0"
0.98500884,0,"0"
0.18402545,0.49142662,"0"
0.2926413,0,"0"
0.98223513,0,"0"
0.3036156,0.06668184,"0"
0.9698785,0,"0"
0.020112187,0.6853974,"0"
0.13430688,0,"0"
0.12029373,0.19138469,"0"
0.9995753,0,"0"
0.003142948,0.17160931,"0"
0.00035227838,0.6442363,"0"
4.3707026e-08,0,"0"
0.009707491,0,"0"
0.32775435,0.24282143,"0"
3.3354907e-05,0,"0"
0.22371617,0.4993832,"0"
2.4489635e-05,0,"0"
0.004229119,0,"0"
0.0045099277,0.17918694,"0"
0.12308692,0.030989725,"0"
0.13102654,0.36243057,"0"
0.51476014,0.9661809,"0"
0.00015128554,0.8243864,"0"
0.38420275,0,"0"
0.09826018,0.10302935,"0"
0.20442192,0.08027353,"0"
0.0025394724,0,"0"
0.04569457,0.010696053,"0"
7.500528e-05,0.44293362,"0"
0.0006175437,0,"0"
0.9481602,0,"1"
0.023662366,0,"0"
0.0041255904,0,"0"
0.0010591456,0.14035183,"0"
0.09484672,0,"0"
0.6578292,0.07311387,"0"
0.31873646,0.057405245,"0"
0.78965545,0.47271547,"0"
0.0380864,0,"0"
0.009352098,0,"0"
0.110008866,0,"0"
1.4195791e-12,0.1142068,"0"
0.0047114235,0.256505,"0"
0.017899498,0.20624642,"0"
0.33365104,0,"0"
0.072437204,0.6882774,"0"
3.6167637e-06,0.55811113,"0"
0.7556658,0,"0"
0.05814451,0.101565644,"0"
0.07134173,0.51220083,"0"
0.55922765,0.073284455,"0"
0.07820814,0.6753724,"0"
0.006603408,0,"0"
2.9647854e-05,0.21280245,"0"
0.997505,0.11165267,"0"
7.642083e-06,0.1454096,"0"
0.0014670513,0.25124654,"0"
0.007660864,0,"0"
0.00085678225,0.47342554,"0"
0.00070846884,0.31397778,"0"
0.0053299903,0.2310673,"0"
0.05741813,0,"1"
0.51826346,0,"0"
6.2149593e-07,0.84753174,"0"
0.00014502257,0.24872607,"0"
0.0013797692,0.055228103,"0"
0.053333756,0,"0"
0.3602254,0.43707842,"0"
0.24208781,0.38579133,"0"
0.65294117,0,"0"
9.086218e-07,0,"0"
0.73849535,0.4994947,"0"
0.003918937,0,"0"
0.0017251109,0.5106133,"0"
0.01588306,0,"0"
0.41734758,0.30250546,"0"
0.047625292,0,"0"
0.5027268,0.07923783,"0"
0.02838545,0,"0"
5.6042736e-05,0,"0"
0.059294,0.4684593,"0"
0.007808567,0.016429681,"0"
0.07974399,0.008752447,"0"
0.0006935255,0,"0"
0.971412,0.35836825,"0"
3.5074925e-05,0.089059055,"0"
0.34223956,0,"0"
0.037991744,0.029609092,"0"
0.82824755,0,"0"
4.178854e-05,0.37911254,"0"
0.35755515,0.16616882,"0"
0.054198958,0,"0"
0.002943455,0.32410768,"0"
0.0020484438,0.18089686,"0"
0.0042048944,0.9997223,"0"
0.9896847,0,"0"
0.4672871,0,"0"
0.988473,0.6073618,"0"
0.1755855,0,"0"
0.017745573,0,"0"
0.075903654,0.8471031,"0"
0.02029469,0.8261197,"0"
0.013948271,0.011591603,"0"
0.054244492,0,"0"
0.0021835463,0,"0"
0.059765138,0.058900505,"0"
0.83371377,0,"0"
0.0008221,0.19197462,"0"
0.00036496265,0.1235568,"0"
0.005796667,0.46116287,"0"
0.9347382,0.72903913,"0"
0.037902925,0,"1"
0.16131896,0.84512436,"0"
0.01573818,0.07126729,"0"
0.0489724,0.2904253,"0"
0.048725482,0,"0"
0.79634625,0,"0"
1.5615587e-06,0.56313324,"0"
0.00138599,0.4972781,"0"
0.0215473,0,"0"
0.0022092222,0.037770633,"0"
0.0048130085,0,"0"
0.7014815,0,"0"
0.9998406,0.39074102,"0"
0.00059821334,0.5592066,"0"
0.00282663,0.3268223,"0"
0.41033593,0,"0"
5.6325087e-05,0.5673294,"0"
0.0011028822,0,"0"
0.010740906,0,"0"
0.0007990611,0,"0"
0.009746798,0.64025706,"0"
0.001491133,0.007307567,"0"
0.015639259,0,"0"
0.38998544,0,"1"
0.26539293,0.51589006,"0"
0.0020760095,0,"0"
0.22751196,0,"0"
0.69448894,0.3505606,"0"
0.00024964896,0,"0"
8.9028355e-05,0.12841874,"0"
0.0005253334,0.4999126,"0"
0.009024249,0.009613451,"0"
0.09708816,0.0039662807,"0"
0.009890954,0,"0"
0.0014253068,0.8075632,"0"
0.2869128,0,"0"
0.99904686,0.029543294,"0"
0.04643121,0.055292953,"0"
0.6417527,0,"0"
2.7553147e-06,0.005992429,"0"
0.99979836,0,"0"
0.9975387,0,"0"
0.14249936,0.6964788,"1"
0.6068348,0.17641686,"0"
0.004054134,0.04058069,"0"
0.9002433,0,"0"
0.04904847,0.33719486,"0"
0.00047781743,0,"0"
0.2132644,0,"0"
0.035954636,0.016650692,"0"
8.581014e-06,0,"0"
0.0651091,0,"0"
0.0628426,0.21292491,"0"
0.97641855,0,"0"
0.99999595,0.21281478,"0"
1.7442322e-05,0.020743497,"0"
0.52427536,0.39307564,"0"
0.0020511458,0,"0"
0.008236483,0,"0"
9.7167926e-05,0.9894526,"0"
8.377629e-05,0,"0"
0.00035015593,0,"0"
0.004768621,0,"0"
0.0044276547,0.8652722,"0"
0.01429634,0.39680722,"0"
0.0021299527,0,"0"
0.039319925,0,"0"
0.0042432672,0,"0"
7.0460985e-05,0.022229282,"0"
0.007845446,0.19048642,"0"
0.0034636913,0,"0"
0.0003804838,0.14253959,"0"
0.01845493,0.027936427,"0"
0.0046063196,0,"0"
5.859273e-09,0.5716411,"0"
0.011778526,0.64760226,"0"
0.008795148,0.04532625,"0"
0.012108318,0.19896466,"0"
0.45444325,0.17231116,"0"
0.5688659,0,"0"
0.00032195027,0.9341348,"0"
0.9999963,0.043679558,"0"
0.0012782278,0.02341692,"0"
0.729166,0.36442667,"0"
8.959873e-05,0.12288604,"0"
1,0.058615293,"0"
0.0064877993,0.41540405,"0"
0.069536254,0.07898097,"0"
0.70742947,0,"0"
0.0036782818,0,"0"
0.010667593,0.508026,"0"
0.00097275805,0.14575261,"0"
0.00022730372,0.35954273,"0"
0.16190358,0.9382368,"0"
0.0060922327,0.6951047,"0"
0.19882025,0.2944708,"0"
0.60615665,0.7764748,"0"
0.97778064,0.6449311,"0"
0.15893257,0.5190714,"0"
0.053389277,0.12081697,"0"
0.006928086,0,"0"
0.005901222,0,"0"
5.2268664e-05,0,"0"
0.9969408,0.6161032,"0"
0.0006175431,0.337649,"0"
3.4997165e-06,0,"0"
1,0,"0"
0.087887794,0.17685942,"0"
0.006594193,0.62632614,"0"
0.30545545,0.21731602,"0"
0.76116157,0,"0"
0.00019506071,0.33574352,"0"
0.00022106957,0,"0"
0.0036318705,0,"0"
0.010592214,0,"0"
0.73285836,0.93636966,"0"
0.9999999,0.058022127,"0"
0.024409732,0.92856944,"0"
0.0031773415,0,"0"
0.61421597,0,"0"
4.4246635e-06,0,"0"
0.16334252,0.59357053,"0"
0.014622615,0.15560627,"0"
0.24255805,0.043402962,"0"
0.9555884,0,"0"
0.9999968,0.16832998,"0"
0.9999993,0.24024886,"0"
0.0011478476,0.012551123,"0"
1.40081465e-05,0.6114942,"0"
9.586398e-06,0.87297225,"0"
0.02427123,0.026901891,"0"
7.711507e-05,0,"0"
1,0.4659469,"0"
0.8994634,0.12766169,"0"
0.9998636,0.02865151,"0"
0.0051708897,0,"0"
0.26418388,0,"0"
0.0028019154,0.18167512,"0"
0.32487014,0,"0"
0.9997453,0.031834193,"0"
0.0016694791,0.019720174,"0"
1.976589e-07,0.7292306,"0"
0.001721518,0.44155058,"0"
0.034064714,0.87695163,"0"
0.9658453,0.11037546,"0"
1.6027468e-06,0,"0"
0.9999701,0.6926626,"0"
0.15910724,0.8873346,"0"
3.6573698e-07,0,"0"
0.84815687,0.6532485,"0"
6.1550796e-05,0.79855007,"0"
0.27723458,0,"0"
1.2139155e-05,0.06302181,"0"
1.1376143e-05,0,"0"
0.0005009871,0.87263036,"0"
3.6300204e-05,0.18980505,"0"
0.9999999,0.22751117,"0"
0.9555527,0,"0"
1,0,"0"
0.21025506,0.079628795,"0"
0.72312295,0.048092626,"0"
0.55698985,0.60381967,"0"
0.00016812643,0,"0"
0.0020164924,0.02373415,"0"
0.93097353,0.0037238293,"0"
0.6473083,0,"0"
0.59233105,0,"0"
6.5124914e-05,0,"0"
7.9713056e-05,0,"0"
0.00013677994,0.6978264,"0"
0.07273206,0,"0"
0.999848,0,"0"
0.0038614424,0.11238896,"0"
0.54386604,0.04471174,"0"
0.19085231,0,"0"
0.86763614,0,"0"
0.0005724923,0,"0"
0.00035699803,0,"0"
0.09444789,0,"0"
0.000155488,0,"0"
0.15899168,0,"0"
0.0015473055,0,"0"
0.0013996883,0,"0"
0.14264977,0,"0"
0.006803683,0,"0"
0.3621498,0,"0"
0.84965664,0,"0"
0.0111801755,0,"0"
0.003291451,0,"0"
0.0015631426,0,"0"
0.19399418,0,"0"
0.002496962,0,"0"
0.0060208044,0,"0"
0.20399328,0,"0"
5.6065454e-07,0,"0"
0.7088503,0,"0"
0.016713103,0,"0"
0.022564903,0,"0"
0.7564762,0,"0"
0.37902543,0,"0"
0.0015408525,0,"0"
0.046669997,0,"0"
0.8764063,0,"0"
0.10957293,0,"0"
0.96998805,0,"0"
0.0044865203,0,"0"
0.014395597,0,"0"
0.0127476305,0,"0"
0.04439725,0,"0"
0.005284526,0,"0"
0.2518677,0,"0"
0.004879787,0,"0"
0.0005478371,0,"0"
0.005596014,0,"0"
0.0019225103,0,"0"
0.009299112,0,"0"
0.013625123,0,"0"
0.001010592,0,"0"
0.011117169,0,"0"
0.00021247365,0,"0"
0.00989813,0,"0"
0.0060487436,0,"0"
0.051251046,0,"0"
0.03574806,0,"0"
0.2759244,0,"0"
7.294624e-05,0,"0"
0.051103752,0,"0"
0.0080120815,0,"0"
0.23299405,0,"0"
0.05339358,0,"0"
0.05368189,0,"0"
0.025969103,0,"1"
0.019965492,0,"0"
0.051462185,0,"0"
0.00057860604,0,"0"
4.6577306e-06,0,"0"
0.00028224467,0,"0"
0.0029025145,0,"0"
0.0077752955,0,"0"
0.0012282301,0,"0"
0.013820539,0,"0"
0.0035908117,0,"0"
0.048643593,0,"0"
0.0074967565,0,"0"
0.022021858,0,"0"
0.001319149,0,"0"
0.011274873,0,"0"
0.00024165244,0,"0"
0.0023052206,0,"0"
0.122033074,0,"0"
0.015732592,0,"0"
0.2538609,0,"0"
0.011947649,0,"0"
0.37728587,0,"0"
0.034943722,0,"0"
0.0026794905,0,"0"
0.2626966,0,"0"
0.0022938738,0,"0"
0.298147,0,"0"
0.027439445,0,"0"
0.9462758,0,"0"
0.0038934224,0,"0"
0.0009336571,0,"0"
0.13273406,0,"0"
0.416485,0,"0"
2.985382e-06,0,"0"
0.23692232,0,"0"
6.944809e-05,0,"0"
0.81865805,0,"0"
0.2643832,0,"0"
0.03913832,0,"0"
0.0037665411,0,"0"
0.027294422,0,"0"
0.077047765,0,"0"
0.0012623864,0,"0"
0.0364434,0,"0"
0.0023855916,0,"0"
0.7361465,0,"0"
0.003031574,0,"0"
0.12627329,0,"0"
0.3482347,0,"0"
0.026906813,0,"0"
0.00011336079,0,"0"
0.0037612,0,"0"
0.0067295516,0,"0"
0.015483552,0,"0"
0.01924538,0,"0"
0.9916305,0,"0"
0.20202874,0,"0"
5.0620238e-05,0,"0"
0.012523544,0,"0"
0.00069865567,0,"0"
0.015931513,0,"0"
0.0009078134,0,"0"
0.41332465,0,"0"
0.0835672,0,"0"
0.0022892405,0,"0"
0.004554416,0,"0"
0.99144953,0,"0"
0.8672262,0,"0"
0.008952941,0,"0"
0.0035022001,0,"0"
0.0013305468,0,"0"
0.005679128,0,"0"
0.00018354587,0,"1"
0.0032422736,0,"0"
0.11461002,0,"0"
0.032080226,0,"0"
0.007473596,0,"0"
0.0012887655,0,"0"
0.047070067,0,"0"
0.021033606,0,"0"
0.0065769455,0,"0"
0.012440592,0,"0"
0.0012508305,0,"0"
0.0017437248,0,"0"
0.23851226,0,"0"
0.009587961,0,"0"
0.0026553227,0,"0"
0.0011482872,0,"0"
0.0027387529,0,"0"
0.00015361072,0,"0"
0.00021451311,0,"0"
0.0010192187,0,"0"
0.008615345,0,"0"
0.025751155,0,"0"
6.4203177e-06,0,"0"
0.9844237,0,"0"
0.3785525,0,"0"
0.06691321,0,"0"
0.31225082,0,"0"
0.2640537,0,"0"
0.9003717,0,"0"
0.03123137,0,"0"
0.048332825,0,"0"
0.020163897,0,"0"
0.2795479,0,"0"
0.039747894,0,"0"
0.00034809168,0,"0"
0.15265895,0,"0"
0.0038147243,0,"0"
0.0023739552,0,"0"
0.045901053,0,"0"
0.1509615,0,"0"
0.026564844,0,"0"
0.0084919855,0,"0"
0.07554598,0,"0"
9.328624e-06,0,"0"
0.001649395,0,"0"
0.0049786475,0,"0"
0.0009710149,0,"0"
0.20804712,0,"0"
0.044524793,0,"0"
0.3929042,0,"0"
0.0031913908,0,"0"
0.10294879,0,"0"
0.12598346,0,"0"
0.032107133,0,"0"
0.98685384,0,"0"
0.008912462,0,"0"
0.90061975,0,"0"
0.0015275613,0,"0"
0.122901216,0,"0"
0.010459053,0,"0"
0.004758604,0,"0"
0.6638851,0,"0"
0.034866694,0,"0"
0.025329027,0,"0"
0.11548461,0,"0"
0.0025873221,0,"0"
0.014830011,0,"0"
0.99938285,0,"0"
0.0017821504,0,"0"
0.00712124,0,"0"
0.0014153806,0,"0"
1.0108865e-05,0,"0"
0.11026439,0,"0"
0.010511638,0,"0"
0.09373324,0,"0"
0.0097312415,0,"0"
0.0039000893,0,"0"
0.05060495,0,"0"
0.006245765,0,"0"
0.059911735,0,"0"
0.0038658946,0,"0"
0.004556401,0,"0"
0.01791399,0,"0"
0.001058516,0,"0"
0.23233125,0,"0"
0.001211401,0,"0"
0.00865807,0,"0"
2.4987072e-05,0,"0"
0.35448974,0,"0"
0.015289646,0,"0"
0.026932465,0,"0"
0.04376775,0,"0"
0.028268168,0,"0"
4.507892e-07,0,"0"
4.5950966e-08,0,"0"
0.013769575,0,"0"
0.0022599644,0,"0"
0.0008441785,0,"0"
0.003571242,0,"0"
0.12677456,0,"0"
0.026363088,0,"0"
0.0004586389,0,"0"
0.0030820991,0,"0"
0.00096077204,0,"0"
0.0032142485,0,"0"
0.00043204892,0,"0"
0.0029167773,0,"0"
0.12220388,0,"0"
0.034467574,0,"0"
0.036832023,0,"0"
0.0032836522,0,"0"
0.0051929657,0,"0"
0.000119627206,0,"0"
0.007400744,0,"0"
0.19061537,0,"0"
0.00036085362,0,"0"
0.73809123,0,"1"
0.013628981,0,"0"
0.021009937,0,"0"
0.009540028,0,"0"
0.013916414,0,"0"
1,0,"1"
0.4308114,0,"0"
0.0022430012,0,"0"
0.0024155304,0,"0"
0.0013990359,0,"0"
0.009261015,0,"0"
0.0868065,0,"0"
0.0009949328,0,"0"
0.0073911697,0,"0"
0.00042916855,0,"0"
0.20178494,0,"0"
0.0048906314,0,"0"
0.0013183967,0,"0"
0.012087385,0,"0"
0.041740175,0,"0"
0.01566587,0,"0"
0.013572016,0,"0"
0.014686277,0,"0"
0.15802273,0,"0"
0.002184014,0,"0"
0.9954406,0,"0"
0.011310303,0,"0"
0.0114963455,0,"0"
0.0022737375,0,"0"
0.020146297,0,"0"
0.005649131,0,"0"
0.06373505,0,"0"
0.07780392,0,"0"
0.0030431068,0,"0"
0.0027417499,0,"0"
0.0014603233,0,"0"
0.07326599,0,"0"
0.017726831,0,"0"
0.00016335423,0,"0"
0.01572777,0,"0"
0.038894404,0,"0"
0.007385861,0,"0"
0.21311727,0,"0"
0.005275921,0,"0"
0.0010001456,0,"0"
0.37213296,0,"0"
0.053210974,0,"0"
0.010380821,0,"0"
0.00019906239,0,"0"
0.027794076,0,"0"
0.006979902,0,"0"
0.562149,0,"0"
0.980652,0,"0"
0.4999302,0,"0"
0.12777372,0,"0"
0.0073705544,0,"0"
0.0014110093,0,"0"
0.006156539,0,"0"
0.0010111164,0,"0"
0.00074784976,0,"0"
0.124494314,0,"0"
0.0026846842,0,"0"
0.0027323307,0,"0"
0.006498335,0,"0"
0.22955774,0,"0"
0.9949444,0,"0"
0.013001698,0,"0"
0.94617355,0,"0"
0.2258488,0,"0"
0.11837153,0,"0"
0.9924171,0,"0"
0.005131547,0,"0"
0.006616816,0,"0"
0.0005209218,0,"0"
0.018156799,0,"0"
0.0179747,0,"0"
0.1819255,0,"0"
0.0001332457,0,"0"
0.19537015,0,"0"
0.042959474,0,"0"
0.00045149977,0,"0"
0.48855042,0,"0"
0.009000745,0,"0"
0.031531822,0,"0"
0.04967143,0,"0"
0.011084907,0,"0"
0.00027703578,0,"0"
0.87535954,0,"0"
6.188385e-05,0,"0"
0.004271654,0,"0"
0.006866297,0,"0"
0.008189095,0,"0"
0.0006635035,0,"0"
0.16560064,0,"0"
0.0024622714,0,"0"
0.00073335686,0,"0"
0.009318976,0,"0"
0.010528719,0,"0"
0.00095419836,0,"0"
0.0050324234,0,"0"
0.0139832115,0,"0"
0.0253086,0,"0"
0.03866022,0,"0"
0.00061271514,0,"0"
1.1305487e-05,0,"0"
0.0025266754,0,"0"
0.0028164713,0,"0"
0.00057756115,0,"0"
0.042717986,0,"0"
6.7797428e-06,0,"0"
0.00377342,0,"0"
0.0017575165,0,"0"
0.0022682329,0,"0"
0.00029616937,0,"0"
0.00096406665,0,"0"
0.0009884095,0,"0"
0.011300971,0,"0"
1.1054208e-06,0,"0"
0.059217446,0,"0"
0.13955101,0,"0"
0.1095359,0,"0"
0.01390351,0,"0"
0.03586003,0,"0"
0.0048274966,0,"0"
0.004269888,0,"0"
1.9658899e-05,0,"0"
0.006536183,0,"0"
0.007664573,0,"0"
0.15722564,0,"0"
0.07084266,0,"0"
0.0056043756,0,"0"
0.0066703972,0,"0"
0.009102362,0,"0"
0.0055047222,0,"0"
0.30110013,0,"0"
0.04257787,0,"0"
0.007662114,0,"0"
0.07999694,0,"0"
0.00039040917,0,"0"
0.20224087,0,"0"
0.00043665376,0,"0"
0.7514164,0,"0"
0.0013981562,0,"0"
2.2908185e-05,0,"0"
0.00022215418,0,"0"
0.08981062,0,"0"
0.02516093,0,"0"
0.06850176,0,"0"
1.7615339e-06,0,"0"
0.0070583695,0,"0"
8.692574e-05,0,"0"
0.003872296,0,"0"
0.032410618,0,"0"
1.4367137e-05,0,"0"
0.0023114295,0,"0"
0.034156084,0,"0"
0.015765157,0,"0"
0.08382605,0,"0"
0.3817778,0,"0"
0.019073654,0,"0"
0.010333667,0,"0"
0.00025327297,0,"0"
0.08523271,0,"0"
0.020857643,0,"0"
0.7585816,0,"0"
0.6540252,0,"0"
0.0007908835,0,"0"
0.0012203081,0,"0"
0.022784887,0,"0"
0.0032429672,0,"0"
0.20892794,0,"0"
0.032033365,0,"0"
0.00045343788,0,"0"
0.003535688,0,"0"
0.079050034,0,"0"
0.990616,0,"0"
0.0009127372,0,"0"
0.00020770043,0,"1"
0.0001222698,0,"0"
0.009497781,0,"0"
0.0022834158,0,"0"
0.005073481,0,"0"
0.041440804,0,"0"
0.06232183,0,"0"
0.010554537,0,"0"
0.028195055,0,"0"
0.6647169,0,"0"
0.12915313,0,"0"
0.53024614,0,"0"
0.005220118,0,"0"
0.0627496,0,"0"
0.004838567,0,"0"
0.0015625911,0,"0"
0.024847262,0,"0"
0.015128463,0,"0"
0.004388247,0,"0"
0.0007930329,0,"0"
0.050047256,0,"0"
0.23688635,0,"0"
0.04545892,0,"0"
0.04569039,0,"0"
0.00016052744,0,"0"
0.66096175,0,"0"
0.005860164,0,"0"
0.032639105,0,"0"
0.009619319,0,"0"
5.297329e-05,0,"0"
0.66459525,0,"0"
0.0033765498,0,"0"
0.0051020277,0,"0"
0.19478986,0,"0"
0.018039888,0,"0"
1.8482348e-05,0,"0"
0.00034325154,0,"0"
0.12735637,0,"0"
0.0010548759,0,"0"
0.22401908,0,"0"
0.0005258444,0,"0"
0.0009891,0,"0"
0.0062502474,0,"0"
0.04136606,0,"0"
0.08443796,0,"0"
0.011323295,0,"0"
0.0001338336,0,"0"
0.16170132,0,"0"
0.00016315155,0,"0"
0.18745102,0,"0"
0.0076579894,0,"0"
0.0006995515,0,"0"
6.1279046e-05,0,"0"
0.96385187,0,"0"
0.009040441,0,"0"
0.024758846,0,"0"
0.000667159,0,"0"
0.010790419,0,"0"
0.008476983,0,"0"
0.010597853,0,"0"
0.43465215,0,"0"
0.00013617313,0,"0"
1.77278e-07,0,"0"
0.035356224,0,"0"
0.0063860966,0,"0"
0.004163691,0,"0"
0.005510442,0,"0"
0.018620625,0,"0"
0.0017439497,0,"0"
0.006666837,0,"0"
0.0002908125,0,"0"
0.00020353505,0,"0"
0.29949832,0,"0"
0.0005005532,0,"0"
0.13075556,0,"0"
0.003390792,0,"0"
0.06257485,0,"0"
0.012327511,0,"0"
0.0066395053,0,"0"
0.019192502,0,"0"
0.09328945,0,"0"
0.007398471,0,"0"
0.005434626,0,"0"
0.06093062,0,"0"
0.020605823,0,"0"
0.000556007,0,"0"
0.015698455,0,"0"
0.02497249,0,"0"
0.0021881016,0,"0"
0.0001872935,0,"0"
0.007386864,0,"0"
0.11298771,0,"0"
0.39371702,0,"0"
0.00055206387,0,"0"
0.0027117429,0,"1"
0.0024254667,0,"0"
0.175096,0,"0"
0.20060119,0,"0"
0.024386762,0,"0"
0.019699346,0,"0"
0.036457986,0,"0"
0.0013144253,0,"0"
0.0007432249,0,"0"
0.001221773,0,"0"
0.04996036,0,"0"
0.5709431,0,"0"
0.006919404,0,"0"
0.017581759,0,"0"
0.6256212,0,"0"
0.061439008,0,"0"
0.029025333,0,"0"
0.0027501907,0,"0"
0.0026316275,0,"0"
0.0010466983,0,"0"
0.0057169036,0,"0"
0.0014167171,0,"1"
0.09973927,0,"0"
0.07882239,0,"0"
0.02769045,0,"0"
0.0013304029,0,"1"
0.013441401,0,"0"
0.00021490821,0,"0"
0.0009348659,0,"0"
5.1125404e-05,0,"0"
0.004074104,0,"0"
0.0010009444,0,"0"
0.055285793,0,"0"
0.032693546,0,"0"
8.399003e-05,0,"0"
0.7190179,0,"0"
0.009696867,0,"0"
0.061907187,0,"0"
0.07807785,0,"0"
0.032435793,0,"0"
0.004477727,0,"0"
0.013939873,0,"0"
0.030986853,0,"0"
0.02793892,0,"0"
9.889928e-05,0,"0"
0.13126798,0,"0"
5.5423443e-06,0,"0"
0.09697784,0,"0"
5.356151e-05,0,"0"
0.0024735725,0,"0"
0.013283339,0,"0"
0.00034455696,0,"0"
0.00791232,0,"0"
0.02151951,0,"0"
0.038764846,0,"0"
0.00020578771,0,"0"
0.095904894,0,"0"
0.07100765,0,"0"
0.4508168,0,"0"
7.795953e-05,0,"0"
3.1522704e-05,0,"0"
0.0013763026,0,"0"
0.00019775967,0,"0"
0.0059755896,0,"0"
0.00013230249,0,"0"
0.25877252,0,"0"
0.00033841742,0,"0"
0.004728147,0,"0"
0.004197846,0,"0"
7.528912e-05,0,"0"
0.0010446244,0,"0"
0.004185196,0,"0"
3.656732e-05,0,"0"
0.019855497,0,"0"
0.9024079,0,"0"
0.000698991,0,"0"
2.8096152e-05,0,"0"
0.31922203,0,"0"
0.0011360212,0,"0"
0.011288766,0,"0"
0.00047680805,0,"0"
0.0022419132,0,"0"
0.25153756,0,"0"
0.005172916,0,"0"
0.0032622542,0,"0"
9.110735e-05,0,"0"
0.00017168479,0,"0"
0.00019827738,0,"0"
0.00026847926,0,"0"
3.2335312e-05,0,"0"
0.10760484,0,"0"
0.0016299542,0,"0"
0.0023620515,0,"0"
0.03176055,0,"0"
0.0013678772,0,"0"
0.0002182381,0,"0"
6.7178866e-05,0,"0"
0.033121403,0,"0"
0.6606407,0,"0"
3.072884e-10,0,"0"
0.0018786518,0,"0"
0.009456225,0,"0"
0.069872364,0,"0"
0.19456762,0,"0"
1.2554217e-05,0,"0"
3.6989422e-05,0,"0"
0.011908545,0,"0"
0.0034437317,0,"0"
0.007135769,0,"0"
1.8433255e-05,0,"0"
1.608497e-05,0,"0"
0.005831606,0,"0"
0.0010130488,0,"0"
0.00022699642,0,"0"
0.004593063,0,"0"
0.0014796857,0,"0"
9.916503e-06,0,"0"
0.0002019944,0,"0"
0.0019109398,0,"0"
0.011064331,0,"0"
0.0010839454,0,"0"
0.0013315115,0,"0"
0.00039747014,0,"0"
0.00020344793,0,"0"
0.003932913,0,"0"
0.01661631,0,"0"
0.0001924215,0,"0"
0.0035899421,0,"0"
0.003050524,0,"0"
0.011235049,0,"0"
2.4094686e-06,0,"0"
0.1056337,0,"0"
1.9850284e-05,0,"0"
0.00020837683,0,"0"
0.01578388,0,"0"
0.0003596701,0,"0"
0.017528778,0,"0"
0.011798501,0,"0"
1.1892209e-06,0,"0"
0.0934124,0,"0"
0.00039347858,0,"0"
0.00025163766,0,"0"
0.00042444654,0,"0"
0.0010277849,0,"0"
0.0006068372,0,"0"
3.5094754e-06,0,"0"
0.008387165,0,"0"
0.001857174,0,"0"
0.00064852095,0,"0"
1.3186455e-05,0,"0"
0.0002677862,0,"0"
0.00065630965,0,"0"
0.0040575354,0,"0"
0.00013273326,0,"0"
2.0347325e-05,0,"0"
0.07019089,0,"0"
4.813752e-05,0,"0"
0.30477613,0,"0"
0.00028922208,0,"0"
0.03186049,0,"0"
1.6036602e-05,0,"0"
0.0006275026,0,"0"
7.416841e-05,0,"0"
0.0004750838,0,"0"
0.27810282,0,"0"
0.00011215728,0,"0"
0.37401336,0,"0"
0.073636204,0,"0"
0.00048142602,0,"0"
0.040636234,0,"0"
0.54725933,0,"0"
7.4332536e-05,0,"0"
0.052604858,0,"0"
0.00023352004,0,"0"
6.4625256e-06,0,"0"
0.015177982,0,"0"
0.00017005228,0,"0"
3.516408e-05,0,"0"
0.00042725718,0,"0"
0.0024849216,0,"0"
0.0013238298,0,"0"
0.00031732905,0,"0"
1.4048705e-06,0,"0"
0.005203544,0,"0"
0.0023739857,0,"0"
0.0018508954,0,"0"
0.0017617481,0,"0"
0.0005150538,0,"0"
5.5584837e-06,0,"0"
0.0001436037,0,"0"
0.0051806415,0,"0"
0.00080415065,0,"0"
0.0088737495,0,"0"
0.49873132,0,"0"
0.0034356166,0,"0"
1.0553498e-09,0,"0"
0.0016186886,0,"0"
0.0003982558,0,"0"
0.0002686065,0,"0"
0.00034513982,0,"0"
0.00074926834,0,"0"
3.840729e-05,0,"0"
0.08997158,0,"0"
3.732068e-05,0,"0"
0.009141483,0,"0"
0.30099306,0,"0"
0.0010509278,0,"0"
0.0008174058,0,"0"
0.0024572252,0,"0"
7.938285e-05,0,"0"
0.0053488878,0,"0"
0.0016777928,0,"0"
7.957407e-05,0,"0"
0.010599738,0,"0"
0.00012494206,0,"0"
0.00064717216,0,"0"
0.00015674527,0,"0"
3.3596146e-07,0,"0"
0.00291875,0,"0"
0.0016171819,0,"0"
0.0001238699,0,"0"
6.595364e-05,0,"0"
9.254547e-05,0,"0"
0.017404573,0,"0"
0.00019285573,0,"0"
0.00080924795,0,"0"
0.1730075,0,"0"
2.4504786e-06,0,"0"
0.0011190174,0,"0"
0.00011252622,0,"0"
0.00045400354,0,"0"
8.990719e-05,0,"0"
7.99611e-05,0,"0"
2.0501077e-06,0,"0"
0.73498404,0,"0"
0.0020953654,0,"0"
0.019589452,0,"0"
0.0005196299,0,"0"
0.021120489,0,"0"
0.021360124,0,"0"
0.0058538225,0,"0"
0.001979484,0,"0"
0.2080873,0,"0"
0.05967851,0,"0"
0.0005159353,0,"0"
0.023709707,0,"0"
0.003104737,0,"0"
0.0022018284,0,"0"
0.0013384821,0,"0"
0.00020271348,0,"0"
0.0074955476,0,"0"
1.391401e-06,0,"0"
0.000943239,0,"0"
0.00047037494,0,"0"
9.2546616e-05,0,"0"
0.00022724607,0,"0"
0.00014862206,0,"0"
0.010091906,0,"0"
0.016547753,0,"0"
0.00015776612,0,"0"
0.00082908693,0,"0"
0.009315635,0,"0"
0.00037416996,0,"0"
0.00033399474,0,"0"
0.6523773,0,"0"
0.030880878,0,"0"
0.03062201,0,"0"
0.00038514368,0,"0"
0.0034667873,0,"0"
0.00017663714,0,"0"
0.0010510631,0,"0"
0.30179092,0,"0"
0.00048344632,0,"0"
8.401791e-05,0,"0"
3.1942334e-05,0,"0"
2.5694175e-05,0,"0"
0.98846173,0,"1"
0.13562581,0,"0"
0.00023241277,0,"0"
0.008192004,0,"0"
3.619733e-05,0,"0"
0.00564656,0,"0"
3.2790802e-05,0,"0"
0.00230887,0,"0"
0.017553186,0,"0"
7.105629e-06,0,"0"
9.407141e-05,0,"0"
0.00013276465,0,"0"
0.0008701617,0,"0"
0.001184935,0,"0"
0.00017670436,0,"0"
3.067031e-06,0,"0"
0.000449029,0,"0"
9.19446e-05,0,"0"
0.00051356864,0,"0"
0.0007207834,0,"0"
0.017101582,0,"0"
0.037060164,0,"0"
9.3988645e-05,0,"0"
0.0010517841,0,"0"
0.0012567503,0,"0"
0.00033921734,0,"0"
8.695484e-05,0,"0"
0.085261166,0,"0"
6.0522583e-09,0,"0"
0.00013536851,0,"0"
2.5571317e-05,0,"0"
0.00014285308,0,"0"
6.552018e-06,0,"0"
0.00028237575,0,"0"
1.5624169e-06,0,"0"
6.819507e-05,0,"0"
0.0019256319,0,"0"
0.015085581,0,"0"
0.00074815087,0,"0"
5.0602044e-05,0,"0"
4.002941e-06,0,"0"
0.0007431025,0,"0"
0.007771004,0,"1"
0.0010730389,0,"0"
0.0012250801,0,"0"
1.3860604e-05,0,"0"
0.041476622,0,"0"
9.5155134e-05,0,"0"
0.010511117,0,"0"
0.0030620557,0,"0"
0.00047113418,0,"0"
0.016051153,0,"0"
0.00023612614,0,"0"
2.4000701e-05,0,"0"
0.0015790558,0,"0"
0.22696772,0,"0"
0.0022326845,0,"0"
0.167656,0,"0"
0.0023271346,0,"0"
1.0885758e-05,0,"0"
0.0030552624,0,"0"
0.00035290123,0,"0"
0.004292581,0,"0"
0.000829149,0,"0"
0.002514917,0,"0"
0.0006374503,0,"0"
0.16442394,0,"0"
0.0014938398,0,"0"
0.04496771,0,"0"
0.109420866,0,"0"
0.00033255352,0,"0"
0.0006897946,0,"0"
0.00034591477,0,"0"
0.007900969,0,"0"
0.008961749,0,"0"
0.8043367,0,"0"
0.0005345403,0,"0"
0.0018920845,0,"0"
0.0024974963,0,"0"
0.0030070052,0,"0"
2.6797652e-06,0,"0"
0.00033904164,0,"0"
8.894651e-06,0,"0"
0.0093213795,0,"0"
1.1813146e-05,0,"0"
0.00013528102,0,"0"
0.00074492214,0,"0"
0.00027062258,0,"0"
0.0034523895,0,"0"
0.0028718507,0,"0"
0.00014843143,0,"0"
0.00011913519,0,"0"
0.00060917315,0,"0"
0.01735904,0,"0"
0.00013929921,0,"0"
0.25479224,0,"0"
0.0007733396,0,"0"
4.4122407e-05,0,"0"
0.00019977619,0,"0"
1.809427e-05,0,"0"
0.00016966989,0,"0"
0.54256654,0,"0"
0.45329744,0,"0"
0.015868615,0,"0"
0.031332128,0,"0"
1.136673e-05,0,"0"
0.0002995301,0,"0"
0.0005090983,0,"0"
0.010935868,0,"0"
0.0016376285,0,"0"
0.0021127958,0,"0"
0.0010567271,0,"0"
0.00257939,0,"0"
1.3159508e-06,0,"0"
0.0040306454,0,"0"
0.11639717,0,"0"
0.0035583526,0,"0"
0.004292965,0,"0"
0.00031914606,0,"0"
0.16100933,0,"0"
0.024911674,0,"0"
0.0003182361,0,"0"
0.011083977,0,"0"
3.2338892e-06,0,"0"
0.0064386483,0,"0"
5.4824304e-05,0,"0"
0.00042866994,0,"0"
0.00040492462,0,"0"
0.8731991,0,"0"
0.7933162,0,"0"
0.0027351372,0,"0"
0.065432295,0,"0"
0.0006134798,0,"0"
0.0011699671,0,"0"
0.0001784388,0,"0"
0.1058121,0,"0"
3.163243e-08,0,"0"
0.0003288428,0,"0"
0.02880544,0,"0"
0.0037201901,0,"0"
0.034233548,0,"0"
0.00029781164,0,"0"
0.024035817,0,"0"
0.0006754903,0,"0"
0.0027243192,0,"0"
0.002321131,0,"0"
0.0047721704,0,"0"
0.04927419,0,"0"
0.018017974,0,"0"
0.010617661,0,"0"
0.00049597875,0,"0"
0.002483427,0,"0"
0.0034969987,0,"0"
0.000102077385,0,"0"
0.0005329951,0,"0"
5.7261147e-11,0,"0"
0.0007916466,0,"0"
0.0036086885,0,"0"
0.006608105,0,"1"
0.0005049062,0,"0"
0.0008462826,0,"0"
0.42632294,0,"1"
0.0038323053,0,"0"
0.02124748,0,"0"
0.00024189425,0,"0"
0.00028625195,0,"0"
0.00017149057,0,"0"
0.00016407073,0,"0"
0.0008542479,0,"0"
0.010453829,0,"0"
7.762857e-08,0,"0"
0.0034927907,0,"0"
0.005270273,0,"0"
0.006596424,0,"0"
0.001539369,0,"0"
0.004586184,0,"0"
0.002409636,0,"0"
0.0016729875,0,"0"
0.002832725,0,"0"
8.3601364e-05,0,"0"
0.037813704,0,"0"
0.00022910442,0,"0"
0.0031734656,0,"0"
0.4357588,0,"0"
0.0001486507,0,"0"
0.006808438,0,"0"
0.00021143653,0,"0"
0.027746776,0,"0"
0.02915716,0,"0"
0.001858724,0,"0"
0.00721822,0,"0"
0.060023315,0,"0"
2.3209623e-05,0,"0"
0.13261731,0,"0"
0.00029296448,0,"0"
9.364029e-05,0,"0"
0.008184499,0,"0"
5.5028628e-05,0,"0"
0.00097168115,0,"0"
0.00015780132,0,"0"
0.020827465,0,"0"
0.010969645,0,"0"
2.7658067e-05,0,"0"
0.0017840201,0,"0"
0.00062434986,0,"0"
0.00028927502,0,"0"
0.0005776216,0,"0"
0.00066718506,0,"0"
0.0036638356,0,"0"
0.00026075987,0,"0"
2.0215011e-05,0,"0"
0.0011230017,0,"0"
0.006914396,0,"0"
0.017001957,0,"0"
0.037921395,0,"0"
0.026144993,0,"0"
0.0013992072,0,"0"
3.548979e-05,0,"0"
0.018995889,0,"0"
0.0029842048,0,"0"
0.77019197,0,"0"
0.075968735,0,"0"
0.4037712,0,"0"
0.0017411518,0,"0"
6.483912e-05,0,"0"
0.0049828985,0,"0"
4.1975418e-05,0,"0"
0.013037426,0,"0"
0.0017794466,0,"0"
0.28602105,0,"0"
0.00032135044,0,"0"
0.25772566,0,"0"
0.65410745,0,"0"
0.00018308111,0,"0"
1.4200311e-05,0,"0"
0.371344,0,"0"
0.0036147973,0,"0"
0.003318645,0,"0"
0.6878182,0,"0"
0.0022333069,0,"0"
0.14337005,0,"0"
1.3264085e-05,0,"0"
0.059557784,0,"0"
0.30686742,0,"0"
0.053412516,0,"0"
0.0019805036,0,"0"
0.038866695,0,"0"
0.0054734284,0,"0"
3.7855123e-05,0,"0"
0.0016152229,0,"0"
0.00024189586,0,"0"
1.200659e-05,0,"0"
0.0011867163,0,"0"
0.00027358052,0,"0"
0.009765751,0,"0"
0.0001532482,0,"0"
0.0014496088,0,"0"
4.742995e-05,0,"0"
0.06826009,0,"0"
0.0037199322,0,"0"
0.0028344118,0,"0"
0.00011340479,0,"0"
0.00039143628,0,"0"
0.02300121,0,"0"
0.0017384407,0,"0"
0.0018252765,0,"0"
0.0021516636,0,"0"
0.02991322,0,"0"
7.082613e-06,0,"0"
6.0334673e-07,0,"0"
0.09951584,0,"0"
0.00038441556,0,"0"
0.00019732627,0,"0"
0.028233767,0,"0"
0.00015373572,0,"0"
0.00014470403,0,"0"
0.3177238,0,"0"
0.005348882,0,"0"
9.2277674e-05,0,"0"
0.0077302107,0,"0"
0.0012051649,0,"0"
0.000116120915,0,"0"
0.088612154,0,"0"
0.043075543,0,"0"
0.0015561025,0,"0"
0.007419837,0,"0"
0.0042803274,0,"0"
0.08816426,0,"0"
0.003309346,0,"0"
0.12258747,0,"0"
0.0053735794,0,"0"
0.1256991,0,"0"
0.07450437,0,"0"
0.011211352,0,"0"
0.45163533,0,"0"
0.0055694315,0,"0"
7.445459e-08,0,"0"
0.007303646,0,"0"
0.0048219655,0,"0"
0.00013139263,0,"0"
0.0001961677,0,"0"
0.042670492,0,"0"
0.0010999737,0,"0"
0.0030702832,0,"0"
0.00018247306,0,"0"
1.9068246e-05,0,"0"
0.12691829,0,"0"
0.08075339,0,"0"
7.2349074e-05,0,"0"
0.036957033,0,"0"
0.011181789,0,"0"
0.004325961,0,"0"
0.042011894,0,"0"
0.0038585789,0,"0"
0.29601407,0,"0"
0.012769036,0,"0"
0.0074084015,0,"0"
0.00067044725,0,"0"
0.009226267,0,"0"
0.010475728,0,"0"
0.05960098,0,"0"
0.0010939091,0,"0"
0.014278699,0,"0"
0.0076811896,0,"0"
0.022170639,0,"0"
0.0013200841,0,"0"
5.7131234e-05,0,"0"
0.002687818,0,"0"
0.027371928,0,"0"
0.4365489,0,"0"
2.6707192e-05,0,"0"
2.6135902e-05,0,"0"
0.0030432425,0,"0"
0.004675212,0,"0"
0.96343607,0,"0"
0.08966314,0,"0"
0.04619757,0,"0"
0.17989744,0,"0"
0.0133017525,0,"0"
0.008534488,0,"0"
0.00015956997,0,"0"
0.0019754593,0,"0"
0.0022087912,0,"0"
0.0007047421,0,"0"
0.016569657,0,"0"
0.0056307563,0,"0"
0.12450995,0,"0"
0.00027203062,0,"0"
0.95646113,0,"0"
0.035675827,0,"0"
0.021060191,0,"0"
0.003995097,0,"0"
0.85020113,0,"0"
0.00308259,0,"0"
0.0077590453,0,"0"
0.008313251,0,"0"
0.017717566,0,"0"
0.0031296932,0,"0"
6.28865e-05,0,"0"
0.008073748,0,"0"
0.008741653,0,"0"
0.0016249585,0,"0"
0.22879896,0,"0"
0.07264049,0,"0"
0.12487933,0,"0"
0.00032932186,0,"0"
6.0444145e-06,0,"0"
0.17259496,0,"0"
0.008690761,0,"0"
6.3554064e-05,0,"0"
0.011627123,0,"0"
0.6031806,0,"0"
0.03686274,0,"0"
1.3506255e-05,0,"0"
0.008784633,0,"0"
0.0019955833,0,"0"
0.00026238186,0,"0"
0.0019205487,0,"0"
0.9999881,0,"0"
3.5840923e-05,0,"0"
0.6497626,0,"0"
1.3914541e-06,0,"0"
0.0094010765,0,"0"
0.006592978,0,"0"
0.0028242238,0,"0"
0.00017416627,0,"0"
0.89343435,0,"0"
3.436277e-05,0,"0"
0.004030665,0,"0"
0.27299228,0,"0"
0.001077442,0,"0"
3.5450472e-07,0,"0"
0.05716138,0,"0"
7.5822145e-06,0,"0"
0.018350318,0,"0"
0.0052402257,0,"0"
0.045487855,0,"0"
0.0021329038,0,"0"
0.00050431554,0,"0"
7.705694e-06,0,"0"
3.317048e-05,0,"0"
0.0005348062,0,"0"
1.4090972e-06,0,"0"
0.09748406,0,"0"
1.7433507e-06,0,"0"
0.0026794877,0,"0"
0.050560445,0,"0"
0.022875223,0,"0"
0.00020998939,0,"0"
0.11401008,0,"0"
2.5037812e-06,0,"0"
0.0016712729,0,"0"
0.050560918,0,"0"
0.0076313727,0,"0"
0.5931512,0,"0"
0.06402673,0,"0"
0.00609318,0,"0"
0.0009458237,0,"0"
0.063193,0,"0"
6.511138e-05,0,"0"
0.0052419137,0,"0"
0.17734486,0,"0"
0.05085236,0,"0"
0.038760845,0,"0"
0.6207944,0,"0"
0.0016703003,0,"0"
0.15537688,0,"0"
0.049501047,0,"0"
0.00582302,0,"0"
0.9109045,0,"0"
0.0134294545,0,"0"
0.021469343,0,"0"
0.005470784,0,"0"
0.0045134462,0,"0"
0.8230369,0,"0"
0.034059897,0,"0"
0.00026358187,0,"0"
0.035113428,0,"0"
0.001180237,0,"0"
0.008417896,0,"0"
0.55215687,0,"0"
0.0053423587,0,"0"
6.0867405e-05,0,"0"
0.0060021444,0,"0"
0.3040272,0,"0"
0.034774825,0,"0"
0.00796762,0,"0"
0.20968165,0,"0"
0.09749463,0,"0"
0.010288665,0,"0"
0.71613944,0,"0"
0.22657946,0,"0"
0.67314595,0,"1"
0.0015411738,0,"0"
0.012206035,0,"0"
0.022292234,0,"0"
0.017876863,0,"0"
0.002527393,0,"0"
0.05304876,0,"0"
0.00041588233,0,"0"
0.002368028,0,"0"
0.0136092,0,"0"
0.14087284,0,"1"
0.13949138,0,"0"
0.009593532,0,"0"
0.0037680909,0,"0"
0.67863804,0,"1"
0.002244749,0,"0"
0.009169112,0,"0"
0.0035816329,0,"0"
0.0129274875,0,"0"
0.0016002487,0,"0"
0.09088688,0,"0"
0.0045238556,0,"0"
0.14937678,0,"0"
0.031027902,0,"0"
8.0569026e-07,0,"0"
0.008534137,0,"0"
0.007159313,0,"0"
0.012395355,0,"0"
0.010172706,0,"0"
0.035768006,0,"0"
0.05095917,0,"0"
0.025744863,0,"0"
0.0016961535,0,"0"
0.15454817,0,"0"
0.18995146,0,"0"
0.15064433,0,"0"
0.050266374,0,"0"
0.0020652302,0,"0"
0.25905153,0,"0"
0.007165417,0,"0"
0.5027853,0,"1"
0.02708346,0,"0"
0.0009499898,0,"0"
0.91844237,0,"0"
0.0022753107,0,"0"
0.11263991,0,"0"
0.11638329,0,"0"
0.0072454875,0,"0"
0.21064486,0,"0"
0.03313521,0,"0"
0.09788702,0,"0"
0.0034549758,0,"0"
0.022664009,0,"0"
0.14390382,0,"0"
0.65565777,0,"0"
0.0010221219,0,"0"
0.03406443,0,"0"
4.9918337e-05,0,"0"
0.004714564,0,"0"
0.019826965,0,"0"
0.089866996,0,"0"
0.017088529,0,"0"
0.0074840304,0,"0"
0.026040092,0,"0"
0.00073201273,0,"0"
0.020625077,0,"0"
0.044762112,0,"0"
0.0034839208,0,"0"
0.0066647627,0,"0"
0.0103640575,0,"0"
0.00046262832,0,"0"
0.12691271,0,"1"
0.017269753,0,"0"
0.10349997,0,"0"
0.71021837,0,"0"
0.8879103,0,"0"
0.0070802527,0,"0"
0.69039667,0,"1"
0.00024637964,0,"0"
0.0014590271,0,"0"
0.0148649,0,"0"
0.022512736,0,"0"
0.5144837,0,"0"
0.0010407607,0,"0"
0.095427476,0,"0"
0.046134297,0,"0"
0.017313574,0,"0"
0.0076866182,0,"0"
0.0038057666,0,"0"
0.0062791994,0,"0"
0.00029962778,0,"0"
0.006389029,0,"0"
0.009128833,0,"0"
0.0099197375,0,"0"
0.014142751,0,"0"
0.002186088,0,"0"
0.07311103,0,"0"
0.06353733,0,"1"
0.00039471124,0,"0"
0.07656026,0,"0"
0.009282854,0,"0"
0.00059049117,0,"0"
0.02941492,0,"0"
0.00105795,0,"0"
0.007602462,0,"0"
0.0037130432,0,"0"
0.01602984,0,"0"
0.19573809,0,"0"
0.0047577713,0,"0"
0.15127155,0,"0"
0.0046778223,0,"0"
0.014726746,0,"0"
0.013352415,0,"0"
0.033032674,0,"0"
0.10353537,0,"0"
4.211901e-05,0,"0"
0.023633853,0,"0"
0.0008956306,0,"0"
0.069365524,0,"0"
0.66151893,0,"0"
0.025800357,0,"0"
0.07156854,0,"0"
0.009135728,0,"0"
0.00356418,0,"0"
0.044741563,0,"0"
0.6607553,0,"0"
0.40680528,0,"0"
0.1712553,0,"0"
0.006974973,0,"0"
0.038411435,0,"0"
0.027138634,0,"0"
0.03195722,0,"0"
0.0010084228,0,"0"
0.027306337,0,"0"
0.100812696,0,"0"
0.3160055,0,"0"
0.0954678,0,"0"
0.14081852,0,"0"
0.010908861,0,"0"
0.008391239,0,"0"
0.018361395,0,"0"
0.99983907,0,"1"
0.018682953,0,"0"
0.13106047,0,"0"
0.5237913,0,"0"
0.014663635,0,"0"
0.03021477,0,"0"
0.009659213,0,"0"
0.052716557,0,"0"
0.010290088,0,"0"
0.010625603,0,"0"
0.019198194,0,"0"
0.043885864,0,"0"
0.18652739,0,"0"
0.0016350804,0,"0"
0.00916423,0,"0"
3.462834e-05,0,"0"
0.00021379498,0,"0"
0.041167717,0,"1"
0.2705477,0,"0"
0.032516614,0,"0"
0.190909,0,"0"
0.032151844,0,"0"
0.033118576,0,"0"
0.0028244858,0,"0"
0.0013071458,0,"0"
0.00053294277,0,"0"
0.011500877,0,"0"
0.20791835,0,"0"
0.9563537,0,"0"
0.026355963,0,"0"
0.0021071215,0,"0"
0.13358913,0,"0"
0.98753685,0,"0"
0.09798163,0,"0"
0.0024564643,0,"0"
0.17926976,0,"0"
0.046542324,0,"1"
0.38265035,0,"0"
0.021342648,0,"0"
0.013991426,0,"0"
0.0022827892,0,"1"
0.01581995,0,"0"
0.0002472701,0,"0"
0.06704432,0,"0"
0.00023240125,0,"0"
0.00037329705,0,"1"
0.018998707,0,"0"
0.00048303476,0,"0"
0.0056991777,0,"0"
0.0009502474,0,"0"
0.012458544,0,"0"
0.02305021,0,"0"
0.08677179,0,"0"
0.011534205,0,"0"
0.12215459,0,"0"
0.01230388,0,"0"
0.1326661,0,"1"
0.07869864,0,"0"
0.0029066575,0,"0"
0.072871275,0,"0"
0.0042357584,0,"0"
0.10735168,0,"0"
0.00023498028,0,"0"
0.007982276,0,"0"
0.02713113,0,"0"
0.19503307,0,"0"
0.057884254,0,"0"
0.008215717,0,"0"
0.00019336044,0,"0"
0.3584701,0,"0"
0.0002840802,0,"0"
0.002424582,0,"0"
0.062852345,0,"0"
0.0046919947,0,"0"
0.024177285,0,"0"
0.018318195,0,"0"
0.011688822,0,"0"
0.0033741933,0,"0"
0.06971228,0,"0"
0.06069397,0,"0"
0.0015931097,0,"0"
0.5355809,0,"0"
0.0011126789,0,"0"
0.0001838638,0,"0"
0.0005251124,0,"0"
0.13102579,0,"0"
0.0024883496,0,"0"
0.041076887,0,"0"
0.0024075944,0,"0"
0.03317893,0,"0"
0.03230813,0,"0"
0.0022329735,0,"0"
0.00040835017,0,"0"
0.008923006,0,"0"
0.0009335904,0,"0"
0.002388492,0,"0"
0.005284391,0,"0"
0.0007092972,0,"0"
0.03877158,0,"0"
0.011215476,0,"0"
0.00058112905,0,"0"
0.062146764,0,"0"
0.050676864,0,"0"
0.0015402994,0,"0"
0.020835452,0,"0"
0.10121118,0,"0"
0.04928667,0,"0"
0.00085181516,0,"0"
0.0055178734,0,"0"
0.47850445,0,"1"
0.023775212,0,"0"
0.043351203,0,"1"
0.11387486,0,"0"
0.0037443906,0,"0"
0.0009994084,0,"0"
0.016377434,0,"0"
0.411122,0,"0"
0.001350239,0,"0"
0.015301546,0,"0"
0.006094647,0,"0"
0.4815341,0,"0"
0.01322838,0,"0"
0.0013504133,0,"0"
0.0016423659,0,"0"
0.46568722,0,"0"
0.0005439467,0,"0"
0.0025846495,0,"0"
0.02451513,0,"0"
0.031385474,0,"0"
0.052889526,0,"0"
0.00068735343,0,"0"
0.09615966,0,"0"
1,0,"0"
0.05069761,0,"0"
0.008771216,0,"0"
9.806059e-05,0,"0"
0.013518547,0,"0"
0.23395103,0,"1"
0.04532695,0,"0"
0.058853548,0,"0"
0.00010136058,0,"0"
0.09143099,0,"1"
0.00211091,0,"0"
0.016196482,0,"0"
0.9857845,0,"1"
0.3122984,0,"0"
0.024349473,0,"0"
0.9680588,0,"0"
0.71799827,0,"0"
0.040196117,0,"0"
0.013195492,0,"0"
0.16069172,0,"0"
0.016611854,0,"0"
0.00044884539,0,"0"
0.0005831787,0,"0"
9.92124e-07,0,"0"
0.014419776,0,"0"
0.12512821,0,"0"
0.042148933,0,"0"
0.02888693,0,"0"
0.04536224,0,"0"
0.06266745,0,"1"
0.011401466,0,"1"
0.03424556,0,"0"
0.999428,0,"1"
0.003486864,0,"0"
0.0024206892,0,"0"
0.38378084,0,"0"
0.001185819,0,"0"
0.039148614,0,"1"
0.0020296334,0,"0"
0.0054276665,0,"1"
0.058293123,0,"0"
0.00036113546,0,"0"
0.009685,0,"0"
0.7962495,0,"0"
0.0025158357,0,"0"
0.048552856,0,"0"
0.0026823273,0,"0"
0.3767982,0,"1"
0.021142405,0,"0"
0.014174544,0,"0"
0.1517085,0,"0"
0.011652527,0,"0"
0.00066899776,0,"0"
0.00016949314,0,"0"
0.003565481,0,"0"
0.004940249,0,"0"
0.21996777,0,"0"
0.0010034976,0,"0"
0.07200581,0,"0"
0.001457864,0,"0"
0.06452122,0,"0"
0.024291405,0,"0"
0.29780304,0,"0"
0.0026596095,0,"0"
0.0019763825,0,"0"
0.582865,0,"0"
0.049084086,0,"0"
0.0023738705,0,"0"
0.029413955,0,"0"
0.011546029,0,"0"
0.18372463,0,"0"
0.9355479,0,"1"
0.0058798394,0,"0"
0.015907625,0,"0"
0.017190391,0,"0"
0.018050093,0,"0"
0.023688458,0,"0"
0.0014495744,0,"0"
0.004411814,0,"0"
0.04548723,0,"0"
0.024490837,0,"0"
0.16795892,0,"0"
0.016296102,0,"0"
0.028735531,0,"0"
0.051358413,0,"0"
0.0033765978,0,"0"
0.046266276,0,"0"
9.868483e-06,0,"0"
0.075923026,0,"0"
0.0010310576,0,"0"
0.15956286,0,"0"
0.006287989,0,"0"
0.68531716,0,"0"
0.010207301,0,"0"
0.008930389,0,"0"
0.00061726564,0,"0"
0.08269561,0,"0"
0.012399629,0,"0"
0.008107657,0,"1"
0.00050079654,0,"0"
0.031298034,0,"0"
0.02453516,0,"0"
0.04066238,0,"0"
0.040914312,0,"0"
0.00020025067,0,"0"
0.0064793956,0,"0"
0.00072014425,0,"1"
0.00015647529,0,"0"
0.031488355,0,"0"
0.14374767,0,"0"
0.1252802,0,"0"
0.07783988,0,"0"
0.0039052127,0,"0"
0.30787316,0,"1"
0.00015733077,0,"0"
0.0009902141,0,"0"
0.20542358,0,"0"
0.0075955754,0,"0"
0.35995662,0,"0"
0.0031004634,0,"0"
0.0123597095,0,"0"
0.0059622983,0,"0"
0.118653946,0,"0"
0.004062757,0,"0"
0.0024701534,0,"0"
0.05884088,0,"0"
0.3461369,0,"0"
0.33473822,0,"0"
0.0023557139,0,"0"
0.43802765,0,"0"
0.07592754,0,"0"
0.1305182,0,"0"
0.00021384757,0,"0"
0.044410594,0,"0"
0.01336508,0,"0"
0.016908048,0,"0"
0.028972834,0,"0"
0.6608913,0,"0"
0.0076141986,0,"0"
0.0012488384,0,"0"
0.080601655,0,"0"
0.0023070506,0,"0"
0.00011426656,0,"0"
0.033965766,0,"0"
0.00016312853,0,"0"
0.0045041298,0,"0"
0.29517215,0,"0"
0.0011888745,0,"0"
0.0008713972,0,"0"
0.00028424355,0,"0"
0.0015648091,0,"0"
0.012686983,0,"0"
0.031905804,0,"0"
0.0917618,0,"0"
0.022526855,0,"0"
0.0031281465,0,"0"
0.04153376,0,"1"
3.091158e-05,0,"0"
0.103382915,0,"0"
0.33070976,0,"0"
0.0993791,0,"0"
0.20436524,0,"0"
0.02622383,0,"0"
0.0063909697,0,"0"
9.2320275e-05,0,"0"
0.021873267,0,"0"
0.09694907,0,"0"
0.027051965,0,"0"
0.18264809,0,"1"
0.0008809059,0,"0"
0.0040477775,0,"0"
0.033468563,0,"0"
0.25953603,0,"0"
0.20982549,0,"0"
6.843181e-05,0,"1"
0.06846532,0,"0"
0.7407139,0,"0"
0.16339117,0,"0"
0.002351043,0,"0"
0.045610223,0,"0"
0.017837416,0,"0"
0.0038334252,0,"0"
0.00264183,0,"0"
0.02782344,0,"0"
0.009169479,0,"0"
0.0020243265,0,"0"
0.0035489714,0,"0"
0.116775446,0,"0"
0.0041035134,0,"0"
0.08048872,0,"0"
0.0065514348,0,"1"
0.03419115,0,"0"
0.0058917585,0,"0"
0.004281539,0,"0"
0.06360662,0,"0"
0.064366385,0,"1"
0.44874924,0,"0"
0.0038498186,0,"0"
0.008420734,0,"0"
0.030103425,0,"0"
0.007554731,0,"0"
0.00031399252,0,"0"
0.0013963638,0,"1"
0.0046976544,0,"0"
0.006540485,0,"0"
0.0413929,0,"0"
0.004144159,0,"0"
0.091455214,0,"0"
0.012575388,0,"0"
0.09287128,0,"0"
0.005270448,0,"0"
0.013546432,0,"0"
0.03061472,0,"0"
0.00021795653,0,"0"
0.09532524,0,"0"
8.18809e-05,0,"1"
0.03648133,0,"0"
0.004435782,0,"0"
0.075230956,0,"0"
0.029323334,0,"1"
0.004014876,0,"1"
0.0017471155,0,"1"
0.0007082816,0,"0"
0.013148473,0,"1"
0.001296571,0,"0"
0.0081664035,0,"0"
0.0012495755,0,"0"
0.57451624,0,"1"
0.0003945397,0,"0"
0.036824767,0,"0"
0.0020104093,0,"0"
0.0023581502,0,"0"
0.18216896,0,"0"
0.032533433,0,"0"
0.0016596122,0,"0"
0.015085886,0,"0"
0.95127314,0,"1"
0.00042457122,0,"0"
0.072573856,0,"0"
0.054835204,0,"0"
0.0023973077,0,"0"
0.0017073376,0,"0"
0.0014041776,0,"0"
0.00053082465,0,"0"
0.0048982347,0,"0"
0.120833434,0,"0"
0.00010825407,0,"0"
0.035507653,0,"0"
0.00024537157,0,"0"
0.013470372,0,"0"
0.20383325,0,"0"
0.04697868,0,"0"
0.0002890137,0,"0"
9.482859e-05,0,"0"
0.0063732956,0,"0"
0.00013681347,0,"0"
6.209136e-07,0,"0"
0.033091836,0,"0"
0.95735174,0,"0"
0.00033612052,0,"0"
0.0010506855,0,"0"
0.06670824,0,"0"
0.00039339982,0,"0"
0.049788922,0,"0"
0.003235971,0,"0"
5.8815574e-05,0,"0"
0.06433611,0,"0"
0.05382732,0,"0"
0.013400765,0,"0"
0.8296795,0,"0"
9.617896e-05,0,"0"
2.247537e-06,0,"0"
1.3594826e-05,0,"0"
0.010796498,0,"0"
0.0017898126,0,"0"
0.08512452,0,"0"
0.9797933,0,"0"
0.121847644,0,"0"
0.00012846172,0,"0"
6.4105683e-07,0,"0"
0.0025181163,0,"1"
0.99112356,0,"1"
0.07609938,0,"1"
0.044324517,0,"1"
0.012199418,0,"1"
0.10861904,0,"1"
0.10438429,0,"1"
1.8587005e-05,0,"0"
0.12053183,0,"0"
6.843181e-05,0,"1"
0.99766785,0,"0"
0.00065962155,0,"0"
9.781432e-05,0,"0"
2.0535106e-06,0,"0"
0.18809085,0,"1"
0.00028560232,0,"0"
1.5232396e-07,0,"0"
0.00061007636,0,"0"
0.009643761,0,"0"
0.00044257712,0,"0"
1.9429313e-05,0,"0"
9.838288e-05,0,"0"
0.009013705,0,"0"
0.017391318,0,"1"
0.45545933,0,"1"
1,0,"1"
0.0053305537,0,"1"
6.843168e-05,0,"1"
0.0029793452,0,"1"
0.0026595679,0,"1"
0.006253127,0,"1"
0.07362261,0,"1"
0.92784977,0,"1"
0.00044774974,0,"0"
3.9077517e-05,0,"0"
2.314987e-07,0,"0"
0.06518102,0,"1"
4.4888116e-06,0,"0"
0.05445878,0,"0"
0.003377699,0,"0"
1.9609317e-05,0,"0"
0.0039010786,0,"0"
2.3336231e-06,0,"0"
6.843181e-05,0,"0"
0.087104745,0,"0"
6.843148e-05,0,"0"
0.022067418,0,"1"
0.9735475,0,"1"
0.008799972,0,"1"
0.0036159414,0,"1"
0.00020089553,0,"1"
0.14252171,0.9679052,"1"
0.0060129194,0,"1"
7.0386915e-05,0.9598052,"1"
0.021882003,0,"1"
0.061967332,0,"1"
0.0036393672,0,"0"
0.0021335373,0.9165683,"0"
0.00023759564,0,"0"
0.06947285,0.4434797,"0"
3.9533003e-05,0.7862622,"0"
0.0008787547,0.025339713,"0"
0.0024410158,0,"0"
0.02638667,0.8714672,"0"
0.00029541977,0.71450275,"0"
0.0008121356,0.83819383,"0"
0.03995785,0.9080999,"0"
0.00043458055,0,"0"
0.00094183447,0.033018757,"0"
0.2881254,0,"0"
1.2110334e-13,0,"0"
0.20372288,0,"0"
0.011344283,0.13852857,"0"
0.0056949453,0,"0"
0.7641472,0,"0"
0.00037181284,0,"0"
0.00023649182,0.060590763,"0"
0.002426533,0.35130855,"0"
0.0019178203,0.027083296,"0"
0.0035562296,0,"0"
0.8365658,0.11747078,"0"
0.000737176,0.0037627993,"0"
0.0002977696,0.044435125,"0"
0.026884485,0.043698683,"0"
0.08465493,0.37659177,"0"
0.0015736837,0.42526928,"0"
0.0063492227,0,"0"
0.0016053391,0,"1"
5.517837e-06,0,"0"
0.0006405385,0,"0"
0.08145137,0.42643952,"0"
0.001572002,0.006656796,"0"
0.002725886,0,"0"
0.0008271355,0,"1"
8.767165e-06,0.41821662,"0"
0.00041172854,0.00427524,"0"
0.010526761,0,"0"
0.0025895406,0.4980297,"0"
1.440738e-06,0.08529866,"0"
1.2295034e-06,0,"0"
0.11916043,0.9279436,"0"
0.39499468,0,"0"
7.287717e-07,0,"0"
0.011615868,0.021066485,"0"
5.6353132e-05,0,"0"
0.0007801154,0.06854465,"0"
0.0021401157,0.0792668,"0"
0.000906637,0.6496773,"0"
0.00045154497,0,"0"
0.00055587717,0.4455752,"0"
5.537699e-07,0.07407914,"0"
0.060890354,0,"0"
8.126902e-06,0.06710304,"0"
0.3261284,0,"0"
0.0004943845,0,"0"
0.0003510552,0.22647269,"0"
0.28580812,0,"0"
0.0640618,0,"0"
0.0809372,0,"0"
0.079413325,0,"0"
0.0141208805,0.04034301,"0"
0.00094937225,0.0035522522,"0"
0.002939799,0.03389175,"0"
0.053598333,0.42963147,"0"
0.0037602996,0,"0"
0.0045283353,0,"0"
8.28286e-06,0.0068607684,"0"
0.047709998,0,"0"
0.003262814,0,"0"
0.024618445,0,"0"
0.016194005,0,"0"
0.32103717,0.018095959,"0"
0.056459695,0.9944825,"0"
0.0051629087,0.08769884,"0"
0.0129534565,0.011940243,"0"
0.41918975,0,"0"
0.055542596,0.80537254,"0"
0.0005162408,0,"0"
0.5781619,0,"0"
0.0007605569,0,"0"
5.0232695e-05,0,"0"
0.14303131,0.8508246,"0"
0.82567483,0.10418315,"0"
0.000121433,0,"0"
0.00014971117,0.35055885,"0"
0.00012278835,0.8500205,"0"
0.005367192,0.56629163,"0"
0.0009676661,0,"0"
0.0019898328,0,"0"
7.143475e-05,0,"0"
0.008406174,0.43710592,"0"
0.002986,0,"0"
0.002975031,0,"0"
0.008462966,0.12915851,"0"
2.0481984e-06,0.011567365,"0"
0.007054567,0,"0"
9.870643e-05,0.34165138,"0"
0.0017580797,0,"0"
0.914573,0.6842673,"0"
0.0010401679,0.09824761,"0"
7.864188e-06,0.955291,"0"
0.0005266372,0.18927157,"0"
0.5361569,0,"0"
0.00014129747,0.70928645,"0"
0.010690065,0,"0"
0.006281256,0.92384094,"1"
0.8608526,0.7126257,"0"
0.14503329,0,"0"
0.0032891505,0,"0"
0.007881713,0,"0"
7.5269563e-06,0.709245,"0"
0.002242087,0,"0"
0.00021317413,0,"0"
0.15073645,0.89274347,"0"
0.0010902202,0.74602896,"0"
0.0016895746,0,"0"
0.0523921,0,"0"
0.88612515,0,"0"
0.0010116517,0.10054082,"0"
0.6031058,0,"0"
0.0042872326,0,"0"
0.010886445,0,"0"
0.00022076312,0,"0"
2.9384615e-05,0,"0"
0.00028951507,0,"0"
3.4674977e-06,0,"0"
8.0757745e-05,0.9947962,"0"
0.00046648708,0.70440215,"0"
0.010492313,0,"0"
0.00025278758,0.7845516,"0"
1.892145e-05,0.08183548,"0"
0.021860743,0,"0"
0.011856399,0.82770056,"0"
0.0014749363,0.16208827,"0"
0.005485821,0.08642809,"0"
4.8873677e-05,0,"0"
0.0004887534,0.74012387,"0"
0.007888144,0.7517345,"0"
0.0006097101,0.11957809,"0"
0.00046131466,0,"0"
0.00030977564,0,"0"
0.00023692762,0,"0"
0.0012512828,0,"0"
1.3886648e-06,0.30591273,"0"
0.0011216999,0,"0"
0.003625161,0,"0"
0.0005044889,0.67793524,"0"
0.00012513282,0.43398997,"0"
0.3709478,0.6040999,"0"
0.003121563,0,"0"
0.2674298,0,"0"
0.0010788004,0,"0"
0.05472519,0,"0"
0.2942545,0,"0"
0.59728944,0.5678618,"0"
0.94019216,0,"0"
0.0024050074,0.31816763,"0"
0.23191285,0.687017,"0"
0.00039622982,0,"0"
0.007113018,0,"0"
0.004226056,0,"0"
0.0022307031,0.9959935,"0"
0.0013857853,0.67343515,"0"
0.0032752387,0,"0"
0.009169073,0.44963932,"0"
0.035713527,0.9725939,"0"
0.00016283979,0,"0"
2.296979e-06,0.16066304,"0"
0.000114334674,0.1962644,"0"
0.0018309662,0.17628159,"0"
0.028787518,0.4532499,"0"
0.15561317,0.87469953,"0"
0.01950723,0,"0"
0.021584537,0,"0"
0.00033551033,0,"0"
0.059096597,0.5032649,"0"
0.4532035,0.17918237,"0"
0.041471727,0,"0"
0.91876787,0,"0"
0.005835433,0.9522423,"0"
0.08839734,0,"0"
0.0018488538,0,"0"
0.0026679605,0,"0"
1,0,"1"
0.022364117,0,"0"
0.0002665696,0,"0"
0.927559,0.10196754,"0"
0.0010276552,0,"0"
0.0010623357,0.05690844,"0"
0.0012627882,0.6811691,"0"
0.00018142899,0,"0"
0.54647326,0.62545943,"0"
0.009983279,0.58224845,"0"
0.0002200056,0.9797467,"0"
9.3644216e-05,0,"0"
0.0004965779,0.33141187,"0"
0.00024187836,0,"0"
8.858578e-07,0.12377477,"0"
0.0046607386,0,"0"
0.00067305483,0.36184457,"0"
0.00030791006,0.46438074,"0"
9.664202e-06,0.6729897,"0"
0.001529889,0.9417722,"0"
0.8710729,0,"0"
5.9400686e-06,0,"0"
0.0001373794,0,"0"
0.0002344906,0.026590146,"0"
2.4164612e-05,0.026809797,"0"
8.822742e-05,0.039594457,"0"
0.0003510865,0,"0"
0.039798386,0,"0"
0.008379803,0.3595785,"0"
0.0041050296,0.25910166,"0"
3.926571e-05,0,"0"
0.0006616798,0,"0"
0.003104532,0.9255263,"0"
0.0012617481,0,"0"
0.06395075,0,"0"
1.9890855e-05,0,"0"
3.6810346e-07,0.68258524,"0"
7.660441e-08,0,"0"
0.0010465865,0.049445786,"0"
2.0590132e-05,0.7197611,"0"
0.0002518585,0,"0"
0.0015754439,0.6233394,"0"
0.013403457,0,"0"
0.00027270836,0.95194554,"0"
0.0007618944,0,"0"
0.25000155,0,"0"
0.008381107,0.3878697,"0"
0.0012659332,0,"0"
0.00457175,0.94289005,"0"
0.0023694637,0.9212467,"0"
0.0010432473,0.14778306,"0"
0.002173856,0.108149834,"0"
0.0041502956,0,"0"
0.0017862184,0.28440446,"0"
0.0014966398,0.89661145,"0"
0.0010608733,0,"0"
0.0011321311,0.18513937,"0"
0.06589669,0,"0"
3.3867782e-05,0.9895835,"0"
0.07851034,0,"0"
7.971618e-05,0.81216496,"0"
0.00010895009,0.030209703,"0"
2.8741959e-05,0,"0"
0.0016052588,0,"0"
0.21601036,0,"0"
0.057449393,0.27443397,"0"
0.019985404,0,"0"
0.043626036,0.17225274,"0"
0.00048194942,0.83085734,"0"
0.004808438,0,"0"
0.0013811371,0.22451156,"0"
0.00044693434,0,"0"
9.2852744e-05,0,"0"
0.5273483,0,"0"
0.0006854139,0,"0"
0.00030801518,0,"0"
0.00011083544,0.045504987,"0"
0.0020046523,0.06834209,"0"
9.760086e-05,0,"0"
0.0016975533,0.8112315,"0"
0.0008423272,0.3513191,"0"
0.0008857442,0.8547122,"0"
0.0005616021,0.13375428,"0"
0.0025341345,0,"0"
1.35810515e-05,0.065902986,"0"
0.0005531331,0.46288732,"0"
0.0001633963,0.93353456,"0"
0.00039623852,0.41852614,"0"
0.0002969449,0,"0"
0.004198789,0,"0"
0.0053564017,0,"0"
0.002919577,0,"0"
3.424634e-05,0.7536809,"0"
4.6119872e-05,0,"0"
0.009756419,0,"0"
0.0066521536,0,"0"
0.00011392156,0.0809763,"0"
0.0024872252,0.77133226,"0"
0.00017685033,0.016634779,"0"
0.0014156624,0.13409486,"0"
0.000538179,0,"0"
0.00043145337,0.21296547,"0"
0.61568296,0.77126443,"0"
0.29557273,0,"0"
0.00017758658,0.092024855,"0"
0.0041566007,0.16096589,"0"
0.012020125,0,"0"
0.00027877255,0.96743816,"0"
0.4016572,0,"0"
0.39757574,0,"0"
0.12455586,0,"0"
0.9997588,0,"1"
0.012280613,0,"0"
0.004430872,0,"0"
0.00037224445,0.25095156,"0"
0.0008462523,0.42889288,"0"
0.00012675782,0,"0"
0.00013545335,0.106151864,"0"
0.0046239537,0,"0"
0.002095915,0.06723445,"0"
0.014981457,0,"0"
0.0024838678,0.023790933,"0"
0.09556741,0,"0"
0.9945919,0,"0"
0.020841269,0.06051726,"0"
0.15144555,0,"0"
0.009616471,0.95623326,"0"
0.024723362,0,"0"
0.54682696,0.8124642,"0"
0.9527148,0,"0"
0.0010088552,0.25979924,"0"
7.786116e-05,0.9704381,"0"
0.055657297,0,"0"
7.529271e-05,0,"0"
0.019755948,0.5894346,"0"
0.0013767049,0,"0"
0.09178902,0.42597413,"0"
0.037053928,0,"0"
0.0024655377,0,"0"
0.0077342833,0.022286378,"0"
0.0002141614,0.055541273,"0"
0.028169094,0.038180385,"0"
0.07188075,0.67889553,"0"
0.006263572,0.99174494,"0"
9.8077436e-08,0.07672468,"0"
0.981645,0,"0"
0.010087534,0.1957116,"0"
4.9863196e-05,0.8060971,"0"
0.0041231243,0.11299302,"0"
0.0009001803,0.6768513,"0"
0.0013155808,0,"0"
0.0014160048,0,"0"
0.0008169564,0,"0"
0.0003381881,0,"0"
5.150318e-05,0.37042812,"0"
0.0018245695,0,"0"
0.11513749,0.22985263,"0"
0.0006269699,0.17550026,"0"
0.0068640183,0.13194436,"0"
0.034289163,0,"0"
0.0016281513,0,"0"
0.0011053097,0,"0"
1.2544181e-10,0.5147486,"0"
0.0024068705,0.90799224,"0"
0.024228727,0,"0"
0.00016091409,0.061402895,"0"
0.0010992949,0,"0"
0.31085098,0.0857371,"0"
0.0070199477,0.5133062,"0"
0.0019072553,0,"0"
0.17235723,0.09097086,"0"
0.00010641739,0.5174785,"0"
0.0005966034,0.5127138,"0"
0.0008991687,0,"0"
1.4929004e-06,0.5526528,"0"
0.035383068,0.3204309,"0"
0.010986933,0.15509132,"0"
0.0012315073,0.31527534,"0"
0.7771037,0.16713628,"0"
0.012847307,0,"0"
0.00044085438,0.6534055,"0"
0.000689491,0.111082956,"0"
0.010120552,0.2607192,"0"
0.0033007825,0,"0"
0.05485376,0,"0"
0.00030518422,0.9576299,"0"
0.00027803043,0.9622454,"0"
0.10016317,0.03569614,"0"
0.000110621826,0,"0"
0.09423683,0.14241993,"0"
0.00033260175,0.18749747,"0"
0.13655376,0.14398329,"0"
0.0057024183,0,"0"
0.00061319047,0,"0"
0.0017282147,0.22948869,"0"
1.5161255e-05,0.045823995,"0"
0.004008949,0,"0"
0.0013529975,0.02477804,"0"
0.000419096,0,"0"
0.005658073,0.063091815,"0"
0.017676072,0,"0"
3.5986118e-06,0,"0"
0.0018601057,0.97433746,"0"
0.005578698,0.22780244,"0"
0.0010694406,0.1565109,"0"
0.009253677,0,"0"
0.0014178063,0.37021774,"0"
0.0070253704,0.09490249,"0"
0.00053744717,0,"0"
0.00011697109,0.12507127,"0"
0.0004121401,0,"0"
0.0010108978,0.10967306,"0"
0.0026887383,0.024797387,"0"
1.8398447e-05,0,"0"
0.00097343436,0.041738946,"0"
3.9643124e-05,0.008513943,"0"
8.3079074e-05,0.960936,"0"
0.015957879,0,"0"
0.06770077,0,"0"
0.009300935,0.020129696,"0"
0.00047382724,0,"0"
0.13414972,0,"0"
0.42900622,0.5340122,"0"
0.102386355,0.8750738,"0"
0.012249655,0.53741777,"0"
3.8037066e-05,0.124213606,"0"
0.0077463943,0,"0"
0.00018107107,0,"0"
0.03440558,0.116341375,"0"
4.9916576e-05,0,"0"
0.0007015638,0.29872936,"0"
0.0032985979,0.21145445,"0"
0.0034593788,0.63578576,"0"
0.015378361,0.3243367,"0"
0.04984639,0,"0"
0.078217834,0.8044873,"0"
0.016926121,0.06475656,"0"
0.00013068192,0.8617132,"0"
3.743681e-05,0,"0"
0.55975497,0,"0"
0.0006970871,0.010241876,"0"
0.024661787,0.054469377,"0"
0.00936058,0,"0"
0.2925492,0,"0"
0.0069523994,0.6721255,"0"
0.0046865377,0,"0"
0.99106276,0.06840365,"0"
0.99088997,0.18929292,"0"
0.005636462,0.60413796,"0"
0.5728386,0.08207817,"0"
0.00026280349,0,"0"
0.063479766,0.0246547,"0"
0.021213079,0,"0"
5.052696e-05,0,"0"
0.0029627301,0,"0"
0.8800163,0.8101703,"0"
0.0006490255,0.9945029,"0"
0.033781443,0,"0"
0.046030864,0,"0"
0.6619386,0.1998848,"0"
0.016194476,0,"0"
0.6654508,0.9045311,"0"
0.02233604,0,"0"
0.03299208,0.07668745,"0"
0.0016135413,0,"0"
0.00015945241,0.10493084,"0"
0.2583494,0.5490224,"0"
0.002925541,0.026586942,"0"
0.0075046155,0.4600429,"0"
0.0060526836,0.90696156,"0"
0.008556789,0,"0"
2.0711605e-06,0.723736,"0"
0.0037410497,0,"0"
0.6710382,0.029716974,"0"
0.017170584,0.91711473,"0"
0.0025961464,0.07982225,"0"
0.009661649,0.16656615,"0"
0.00024263549,0,"0"
3.0667285e-05,0.7523346,"0"
0.0014707623,0,"0"
0.07181547,0,"0"
0.01728087,0.37835005,"0"
0.00028326857,0.21676864,"0"
0.00050815236,0.5757004,"0"
0.012935686,0,"0"
0.008881565,0.017886695,"0"
0.0057645105,0,"0"
0.0032465036,0,"0"
0.0035819546,0.03826782,"0"
0.0014133615,0,"0"
0.8082819,0.6603925,"0"
0.03848572,0,"0"
0.025984231,0.028163029,"0"
0.008354486,0,"0"
0.036663555,0.15813668,"0"
0.0036628887,0.012725069,"0"
0.015375915,0.97669256,"0"
0.019068856,0,"0"
0.00051167596,0,"0"
1.1799174e-09,0.9978472,"0"
0.01716989,0,"0"
0.020342026,0,"0"
0.0013492081,0,"0"
0.00021068567,0.048064742,"0"
0.14691123,0.09614295,"0"
0.0012968081,0,"0"
0.023409609,0,"0"
0.0028965026,0,"0"
4.6424164e-05,0.035523985,"0"
0.0099043,0.099287316,"0"
0.00043756168,0,"0"
0.0024654192,0.11633973,"0"
4.6757435e-05,0.64872533,"0"
0.00012002918,0,"0"
0.014045378,0.81009036,"0"
0.00016495625,0.022368887,"0"
0.033758942,0.117862895,"0"
0.033733413,0.08487078,"0"
0.019360244,0.2903309,"0"
0.00018421774,0,"0"
0.0018609114,0.9702764,"0"
0.036894884,0.0945105,"0"
7.959206e-05,0.13388065,"0"
0.0026084064,0.048740733,"0"
0.35276136,0.36333096,"0"
2.679403e-05,0.037496556,"0"
0.020129437,0.26539832,"0"
0.000701279,0.14264953,"0"
0.074350245,0.66719395,"0"
0.008411478,0,"0"
0.00021027027,0,"0"
0.36950162,0.5007389,"0"
0.00022524576,0.29550868,"0"
0.00013704915,0.52191633,"0"
0.023078047,0.6421119,"0"
0.087756306,0.9545858,"0"
0.95425105,0.18900444,"0"
0.107526176,0.012108699,"0"
0.02423829,0.018502172,"0"
0.040959153,0.05109327,"0"
0.062242996,0.3110445,"0"
0.00023705281,0,"0"
0.00037595097,0,"0"
0.0031706353,0,"0"
0.061532337,0.054110885,"0"
0.0010558593,0.67035395,"0"
0.005766159,0,"0"
0.006065609,0,"0"
0.025708051,0,"0"
0.0052250703,0.10613054,"0"
0.0465044,0.035452653,"0"
0.9020151,0.29207087,"0"
0.007964715,0,"0"
0.0026765894,0.13165328,"0"
0.0007755348,0,"0"
0.000103200975,0,"0"
0.004621619,0,"0"
0.45319584,0.013191532,"0"
0.02961969,0.045489833,"0"
0.00068223046,0.9367487,"0"
7.2961498e-06,0,"0"
0.00033425214,0,"0"
2.228024e-05,0,"0"
0.064559646,0.25949353,"0"
0.1049382,0.07465322,"0"
0.00026104192,0.017619874,"0"
0.0042445245,0,"0"
0.0109149525,0.08396112,"0"
0.34290797,0.077232,"0"
0.0026679134,0.09686753,"0"
0.1894879,0.9633332,"0"
6.7626625e-06,0.0082405,"0"
0.0027002052,0.063577555,"0"
3.0384706e-05,0,"0"
0.055100434,0.23538987,"0"
0.022532146,0.19269632,"0"
0.3204899,0.32449612,"0"
0.0013366408,0,"0"
0.9170673,0,"0"
2.5860945e-05,0.0410367,"0"
0.16653699,0,"0"
0.0006197353,0.22033022,"0"
4.6150977e-05,0.503863,"0"
0.24954191,0.011331123,"0"
0.0007113388,0.85959905,"0"
0.19440416,0.015190182,"0"
5.190478e-05,0.17453882,"0"
0.00030945626,0,"0"
0.108051606,0.6827308,"0"
0.00626984,0.9631906,"0"
2.716317e-05,0,"0"
0.005037992,0.88563424,"0"
0.00010665888,0.033378154,"0"
0.5586506,0,"0"
0.0040656924,0.15714693,"0"
1.3623772e-06,0,"0"
0.16686824,0.16178739,"0"
8.07509e-05,0.63750505,"0"
0.013969189,0.34510773,"0"
0.103670835,0,"0"
0.69342947,0,"0"
0.08491316,0.07541083,"0"
0.0027116037,0.03292204,"0"
0.00025980864,0.05058931,"0"
0.0031707396,0,"0"
1.17623795e-05,0.08272574,"0"
0.00040977873,0.8899813,"0"
0.12858339,0,"0"
0.0006535966,0,"0"
0.0006309379,0,"0"
0.031252224,0,"0"
0.016562672,0.009865825,"0"
0.000930422,0,"0"
3.1354364e-05,0,"0"
2.078989e-06,0.43901044,"0"
0.0021118615,0.87049437,"0"
0.02856222,0,"0"
0.03219428,0,"0"
0.00030848154,0,"0"
0.001717656,0,"0"
0.98433393,0,"0"
0.010309459,0,"0"
0.0008124723,0,"0"
0.99811685,0,"0"
0.14756532,0,"0"
0.004473597,0,"0"
0.0028420598,0,"0"
0.010848059,0,"0"
0.5653674,0,"0"
0.0030552999,0,"0"
0.00035007016,0,"0"
0.81042296,0,"0"
0.84876186,0,"0"
0.07489906,0,"0"
5.8710558e-08,0,"0"
0.0005731322,0,"0"
0.97693455,0,"0"
0.10818394,0,"0"
0.0032464727,0,"0"
0.0077995798,0,"0"
0.70961326,0,"0"
0.023318233,0,"0"
0.0010357226,0,"0"
4.8705708e-05,0,"0"
0.08853868,0,"0"
0.00038664113,0,"0"
0.8473993,0,"0"
0.0010480214,0,"0"
3.9185623e-05,0,"0"
0.0034556952,0,"0"
0.0692769,0,"0"
0.18151692,0,"0"
0.0006238867,0,"0"
0.14324546,0,"0"
0.00019387234,0,"0"
2.1802789e-05,0,"0"
0.21271464,0,"0"
0.0045169867,0,"0"
0.0007604387,0,"0"
0.0015575539,0,"0"
0.041945793,0,"0"
0.6618249,0,"0"
6.560876e-05,0,"0"
0.009542655,0,"0"
0.0033928275,0,"0"
0.050280765,0,"0"
0.0020360686,0,"0"
0.7924491,0,"0"
0.093508594,0,"0"
0.110574,0,"0"
0.5713791,0,"0"
0.0027923961,0,"0"
0.00020443575,0,"0"
0.08901478,0,"0"
0.060029473,0,"0"
0.0002812154,0,"0"
0.0025769193,0,"0"
0.0013683015,0,"0"
0.000903647,0,"0"
0.013494079,0,"0"
0.13582137,0,"0"
0.019178066,0,"0"
3.2667024e-06,0,"0"
0.0077711,0,"0"
6.287667e-05,0,"0"
0.014990121,0,"0"
0.8978105,0,"0"
0.10746958,0,"0"
0.5445806,0,"0"
0.0067659207,0,"0"
0.014786393,0,"0"
0.024427215,0,"0"
0.1457981,0,"0"
0.0051028724,0,"0"
0.99898165,0,"0"
0.0006785143,0,"0"
0.18858553,0,"0"
0.5766043,0,"0"
0.3813882,0,"0"
0.004331317,0,"0"
0.2920717,0,"0"
0.00011785896,0,"0"
0.00028140907,0,"0"
0.0039163544,0,"0"
0.29191402,0,"0"
0.0019346062,0,"0"
0.5689905,0,"0"
0.009224602,0,"0"
3.705302e-06,0,"0"
0.042682413,0,"0"
0.28944632,0,"0"
0.15221822,0,"0"
0.23010123,0,"0"
0.77396804,0,"0"
0.7171394,0,"0"
0.0011254128,0,"0"
0.010754971,0,"0"
0.013252677,0,"0"
0.006148046,0,"0"
0.000984128,0,"0"
0.00024676378,0,"0"
0.9952246,0,"0"
0.011734697,0,"0"
0.0019327962,0,"0"
0.07758639,0,"0"
0.054213475,0,"0"
0.0016616114,0,"0"
0.0004437171,0,"0"
0.5392717,0,"0"
0.041467637,0,"0"
0.08571552,0,"0"
0.0034982152,0,"0"
0.00048088664,0,"0"
0.03753701,0,"0"
0.004587024,0,"0"
0.60512245,0,"0"
9.163789e-05,0,"0"
0.020220635,0,"0"
0.0020796105,0,"0"
0.00015524919,0,"0"
1.9424646e-05,0,"0"
0.04755555,0,"0"
9.798637e-06,0,"0"
0.95540494,0,"0"
0.009592264,0,"0"
0.0038171273,0,"0"
0.0006370331,0,"0"
0.051531684,0,"0"
0.0027558724,0,"0"
0.011070824,0,"0"
0.026330648,0,"0"
0.0018965092,0,"0"
0.9112893,0,"0"
0.30432186,0,"0"
0.010767595,0,"0"
0.06769081,0,"0"
0.010951383,0,"0"
0.0013891575,0,"0"
0.003766539,0,"0"
0.0048929015,0,"0"
0.006341776,0,"0"
0.07539317,0,"0"
0.0010817746,0,"0"
0.00014792928,0,"0"
0.35844812,0,"0"
0.13864249,0,"0"
0.014032362,0,"0"
0.0021336593,0,"0"
0.9922421,0,"0"
0.267829,0,"0"
0.018856583,0,"0"
0.06789843,0,"0"
0.002554901,0,"0"
0.77188706,0,"0"
0.008384429,0,"0"
0.005027498,0,"0"
0.013843447,0,"0"
0.0024045247,0,"0"
0.048928358,0,"0"
0.04528994,0,"0"
0.37197536,0,"0"
0.9525939,0,"0"
0.56688553,0,"0"
8.96721e-08,0,"0"
0.0017060619,0,"0"
0.022425065,0,"0"
0.09671621,0,"0"
0.039709654,0,"0"
0.13084564,0,"0"
0.06239932,0,"0"
0.09582489,0,"0"
0.04584854,0,"0"
0.050584935,0,"0"
0.055797685,0,"0"
0.040820234,0,"0"
0.007695373,0,"0"
0.0025158108,0,"0"
0.00082975044,0,"0"
0.014851065,0,"0"
0.22109775,0,"0"
0.988567,0,"0"
0.0008804225,0,"0"
0.003494165,0,"0"
0.7201826,0,"0"
0.0012625686,0,"0"
0.9032201,0,"0"
0.00062224985,0,"0"
0.58099616,0,"0"
0.005891465,0,"0"
0.0016529693,0,"0"
0.0024747918,0,"0"
0.0029973339,0,"0"
0.005176235,0,"0"
0.9425423,0,"0"
0.5784536,0,"0"
0.0005873868,0,"0"
0.00010549947,0,"0"
0.007068268,0,"0"
0.0007387878,0,"0"
6.9006914e-05,0,"0"
0.060841996,0,"0"
0.26934895,0,"0"
0.0009559163,0,"0"
0.02005484,0,"0"
0.026696939,0,"0"
0.000817542,0,"0"
0.00089871656,0,"0"
0.005950886,0,"0"
0.0041961484,0,"0"
0.0011268439,0,"0"
0.002660452,0,"0"
0.0016859462,0,"0"
0.009968961,0,"0"
0.015745487,0,"0"
0.5278398,0,"0"
0.0125706885,0,"0"
0.022474887,0,"0"
0.003273449,0,"0"
0.023793569,0,"0"
0.6164932,0,"0"
0.0315177,0,"0"
0.98609805,0,"0"
0.00026156736,0,"0"
4.4357614e-05,0,"0"
0.001119344,0,"0"
0.044199213,0,"0"
4.6726395e-06,0,"0"
0.052972466,0,"0"
0.24463065,0,"0"
0.01475968,0,"0"
0.0036164513,0,"0"
0.0004042514,0,"0"
0.000116393516,0,"0"
0.038944487,0,"0"
0.09971754,0,"0"
0.015039019,0,"0"
0.44583735,0,"0"
0.2022592,0,"0"
0.00052225275,0,"0"
0.00032739667,0,"0"
0.0022166555,0,"0"
0.1984545,0,"0"
0.09648731,0,"0"
4.1896274e-06,0,"0"
0.004182945,0,"0"
0.008549034,0,"0"
0.040279873,0,"0"
0.680174,0,"0"
0.46579063,0,"0"
0.00040531773,0,"0"
0.051946472,0,"0"
0.0042411177,0,"0"
2.254901e-06,0,"0"
0.0025449442,0,"0"
8.860471e-05,0,"0"
0.20490874,0,"0"
0.41088167,0,"0"
0.04196629,0,"0"
0.016331093,0,"0"
0.00055135187,0,"0"
0.025012353,0,"0"
0.003775564,0,"0"
0.00043312766,0,"0"
0.0038020334,0,"0"
0.023776565,0,"0"
0.1208479,0,"0"
0.019546814,0,"0"
0.00038512974,0,"0"
0.036392614,0,"0"
0.43816373,0,"0"
0.03408149,0,"0"
0.6788858,0,"0"
0.10280137,0,"0"
0.17704761,0,"0"
0.0035369147,0,"0"
0.12219186,0,"0"
0.85348356,0,"0"
0.0006017978,0,"0"
0.6535018,0,"0"
0.00044829253,0,"0"
0.031141832,0,"0"
0.00023968276,0,"0"
0.0023285332,0,"0"
5.4613123e-05,0,"0"
0.9997416,0,"0"
0.032721955,0,"0"
0.0031665224,0,"0"
0.012752805,0,"0"
0.03742849,0,"0"
0.0005007221,0,"0"
0.08831704,0,"0"
0.060751572,0,"0"
0.0006787051,0,"0"
0.44949716,0,"0"
0.0036008456,0,"0"
0.10153641,0,"0"
0.0016696706,0,"0"
0.19299813,0,"0"
1,0,"0"
5.9225542e-05,0,"0"
0.90713465,0,"0"
0.0047010574,0,"0"
0.074606486,0,"0"
0.40198895,0,"0"
0.5984288,0,"0"
0.035499815,0,"0"
0.00066006486,0,"0"
0.011560024,0,"0"
0.518754,0,"0"
0.32323828,0,"0"
0.0028198292,0,"0"
0.00064287725,0,"0"
0.020844998,0,"0"
0.0006355982,0,"0"
0.013733533,0,"0"
0.00021640742,0,"0"
0.4267127,0,"0"
1.0308764e-05,0,"0"
0.5483501,0,"0"
0.0144597255,0,"0"
5.2905536e-05,0,"0"
0.08619021,0,"0"
0.00997632,0,"0"
0.00034614487,0,"0"
0.0041872812,0,"0"
0.54452705,0,"0"
0.23367038,0,"0"
0.004617808,0,"0"
0.00014265762,0,"0"
0.00668919,0,"0"
0.08266381,0,"0"
0.010031706,0,"0"
0.0016378867,0,"0"
0.00889975,0,"0"
0.94152856,0,"0"
0.12128444,0,"0"
5.2495237e-13,0,"0"
0.0011944359,0,"0"
0.94821286,0,"0"
0.9918057,0,"0"
0.3203926,0,"0"
0.0015367145,0,"0"
0.048651315,0,"0"
5.1217292e-05,0,"0"
0.0047225878,0,"0"
0.219694,0,"0"
0.02173999,0,"1"
0.0019913116,0,"0"
9.6163585e-06,0,"0"
0.86942464,0,"0"
0.4214509,0,"0"
2.1193343e-06,0,"0"
0.022549292,0,"0"
0.9663441,0,"0"
0.9939096,0,"0"
0.040390175,0,"0"
5.831526e-06,0,"0"
0.01808516,0,"0"
0.83637726,0,"0"
0.5228647,0,"0"
0.14935006,0,"0"
0.16449802,0,"0"
0.008816811,0,"0"
0.10347783,0,"0"
0.0005433959,0,"0"
0.02140925,0,"0"
0.33540675,0,"0"
0.64229995,0,"0"
0.00694644,0,"0"
0.6727026,0,"0"
6.363569e-05,0,"0"
0.0016597314,0,"0"
0.006233879,0,"0"
0.0042276992,0,"0"
4.7888716e-05,0,"0"
0.23300873,0,"0"
1.7415264e-06,0,"0"
0.14725147,0,"0"
0.021687148,0,"0"
0.011147209,0,"0"
0.83172584,0,"0"
0.00043293653,0,"0"
0.00076411536,0,"0"
0.08450341,0,"0"
0.050282337,0,"0"
0.8150228,0,"0"
0.00042523423,0,"0"
0.85935295,0,"0"
0.63013434,0,"0"
0.09792587,0,"0"
0.471889,0,"0"
0.0037606407,0,"0"
0.1974131,0,"0"
0.0022577269,0,"0"
0.026969617,0,"0"
0.012575288,0,"0"
0.16122855,0,"0"
0.008440756,0,"0"
0.00079555175,0,"0"
0.0021134284,0,"0"
0.0040721307,0,"0"
0.91268635,0,"0"
0.010043195,0,"0"
0.9407916,0,"0"
0.0002747031,0,"0"
3.8759703e-05,0,"0"
0.044779647,0,"0"
0.0132671995,0,"0"
0.48032284,0,"0"
0.0030782307,0,"0"
0.0019446254,0,"0"
0.31213537,0,"0"
0.8122721,0,"0"
0.0020002478,0,"0"
0.4399012,0,"0"
0.9777452,0,"0"
0.9147098,0,"0"
0.010010915,0,"0"
0.051300723,0,"0"
0.0028540564,0,"0"
0.0040255073,0,"0"
0.0047546225,0,"0"
0.00038212174,0,"0"
0.006189264,0,"0"
0.94858754,0,"0"
0.19850504,0,"0"
0.0012091347,0,"0"
0.24634877,0,"0"
0.62629014,0,"0"
0.21418479,0,"0"
0.25275722,0,"0"
0.040027037,0,"0"
8.887432e-05,0,"0"
0.00025837074,0,"0"
0.8785346,0,"0"
0.99985445,0,"0"
0.022156585,0,"0"
0.014926802,0,"0"
0.004464896,0,"0"
0.008663367,0,"0"
0.0005096229,0,"0"
0.0037750783,0,"0"
0.86146647,0,"0"
0.0003559067,0,"0"
0.00022633531,0,"0"
5.6969327e-07,0,"0"
0.008373739,0,"0"
0.99769175,0,"0"
0.62308127,0,"0"
0.00447186,0,"0"
0.001661409,0,"0"
2.0560802e-07,0,"0"
1.2640968e-05,0,"0"
0.31175616,0,"0"
0.11222749,0,"0"
2.3734492e-10,0,"0"
0.86079884,0,"0"
0.06086917,0,"0"
0.004048985,0,"0"
0.010492872,0,"0"
0.15340957,0,"0"
0.00046878387,0,"0"
0.080245584,0,"0"
0.9469697,0,"0"
0.012495,0,"0"
1.1058626e-06,0,"0"
0.19306149,0,"0"
7.90458e-05,0,"0"
0.0015301548,0,"0"
0.006304893,0,"0"
0.00012157294,0,"0"
0.0027356565,0,"0"
0.9921504,0,"0"
0.00150748,0,"0"
0.035734966,0,"0"
0.0005126362,0,"0"
0.9779628,0,"0"
0.00028167156,0,"0"
0.00035854738,0,"0"
0.02528157,0,"0"
6.0422135e-06,0,"0"
0.0003607941,0,"0"
0.0011427059,0,"0"
0.9995671,0,"0"
0.0062990766,0,"0"
0.08977231,0,"0"
0.504508,0,"0"
0.10676736,0,"0"
0.004153989,0,"0"
0.73967654,0,"0"
0.05767631,0,"0"
3.077746e-06,0,"0"
0.10530891,0,"0"
0.9977106,0,"0"
0.0001433674,0,"0"
0.010289073,0,"0"
6.62435e-07,0,"0"
0.0024020188,0,"0"
0.9995912,0,"0"
0.9970162,0,"0"
0.0018968019,0,"0"
0.41312674,0,"0"
0.9594865,0,"0"
0.022080863,0,"0"
0.023542752,0,"0"
0.0019130245,0,"0"
0.99723035,0,"0"
0.0061229668,0,"0"
0.0040987413,0,"0"
0.105745815,0,"0"
0.0006053783,0,"0"
0.26428953,0,"0"
0.0018300872,0,"0"
0.0011044393,0,"0"
0.8872666,0,"0"
0.43297464,0,"0"
0.036364548,0,"0"
0.001178864,0,"0"
4.2298384e-06,0,"0"
0.59894586,0,"0"
0.78471345,0,"0"
7.305371e-07,0,"0"
0.007032783,0,"0"
0.0010594287,0,"0"
0.016800148,0,"0"
0.013346028,0,"0"
0.00051529444,0,"0"
0.9056756,0,"0"
0.8921536,0,"0"
0.0071924366,0,"0"
0.34917718,0,"0"
4.3192318e-05,0,"0"
0.0007343647,0,"0"
0.03161579,0,"0"
0.41672367,0,"0"
3.6844325e-09,0,"0"
0.12521157,0,"0"
5.817842e-05,0,"0"
0.12343108,0,"0"
0.13296057,0,"0"
0.00016590094,0,"0"
2.6975784e-05,0,"0"
0.00037977844,0,"0"
9.914575e-06,0,"0"
0.24180405,0,"0"
0.00447774,0,"0"
0.018124314,0,"0"
0.9999912,0,"0"
0.07172393,0,"0"
0.014768135,0,"0"
0.0027703147,0,"0"
0.020752158,0,"0"
0.7976363,0,"0"
0.053549003,0,"0"
0.9995977,0,"0"
1.2384457e-06,0,"0"
0.99937505,0,"0"
0.31755227,0,"0"
1,0,"0"
0.4654624,0,"0"
0.055260696,0,"0"
0.1251286,0,"0"
5.3395024e-07,0,"0"
1.9763077e-08,0,"0"
0.0028213512,0,"0"
0.9999968,0,"0"
0.7013969,0,"0"
0.0025071262,0,"0"
0.0015981079,0,"0"
3.509605e-07,0,"0"
0.002335288,0,"0"
0.0004562624,0,"0"
1,0,"0"
0.5377955,0,"0"
0.02805867,0,"0"
0.9992812,0,"0"
0.0009906678,0,"0"
3.261084e-06,0.93194807,"1"
0.14505737,0,"1"
0.0047392827,0,"0"
0.037003033,0.7310075,"0"
0.014482433,0.18516126,"0"
0.00068508805,0.010255666,"0"
0.16862035,0,"0"
0.020141857,0.5800352,"1"
0.0005009407,0.35508317,"0"
0.0027520196,0.8131483,"0"
1.5963255e-05,0.57858884,"0"
0.0016585356,0,"0"
0.0006376946,0.0035595717,"0"
0.99315155,0,"0"
0.00081113866,0,"0"
0.92127603,0,"0"
0.00010042505,0.084178746,"0"
0.016335461,0,"0"
0.26189554,0,"0"
0.0008573732,0,"0"
1.3095686e-05,0.9785704,"0"
0.004486476,0.25240567,"0"
1.0454499e-05,0.9734813,"0"
0.009290594,0,"0"
0.2091087,0.93788546,"0"
0.00048792156,0.6465555,"0"
2.5902335e-05,0.0023281788,"0"
0.5457168,0.007733273,"0"
0.0021755653,0.014186043,"0"
0.00014934644,0.069190525,"0"
0.119206496,0,"0"
6.607344e-05,0,"0"
0.0021182369,0,"0"
0.012706008,0.007872541,"0"
0.016434612,0.98221403,"0"
0.006575889,0,"0"
7.287594e-05,0,"0"
0.0025032857,0.43416688,"0"
0.00034965304,0.0014477163,"0"
0.012820122,0,"0"
0.009694605,0.3785391,"1"
0.0044894223,0.17831156,"0"
0.0037952326,0,"0"
0.039248247,0.3289882,"0"
0.0014724118,0,"0"
0.053303685,0,"0"
0.65399146,0.9923233,"0"
3.828201e-05,0,"0"
0.029029915,0.0064487536,"0"
0.00069758686,0.062102906,"0"
0.0774364,0.18643211,"0"
0.09244161,0,"0"
0.0016269116,0.91263396,"0"
0.0050562164,0.9577062,"0"
0.07942831,0,"0"
8.619277e-05,0.43875924,"0"
5.4858256e-06,0,"0"
3.0718802e-05,0,"0"
0.009004913,0.13496971,"0"
0.0012797839,0,"0"
3.3954009e-06,0,"0"
0.038948253,0,"0"
0.00011339916,0,"0"
0.00036459268,0.0033740762,"0"
1.829883e-05,0.0006348901,"0"
0.015081578,0.89300513,"0"
0.14946577,0.015676005,"0"
0.02554313,0,"0"
5.7821395e-05,0,"0"
0.001057166,0.7264286,"0"
0.073651455,0,"0"
0.00016447798,0,"0"
7.255503e-06,0,"0"
0.65032214,0.86058825,"1"
0.0049927216,0.8393909,"0"
0.0006752,0.00637322,"0"
0.10921365,0.0009027008,"0"
0.00054094015,0,"0"
0.0005180173,0,"0"
0.85959333,0,"0"
0.00020445953,0,"0"
0.00091997086,0,"0"
0.5449069,0.30243218,"0"
0.9280145,0.99949133,"0"
0.0016277257,0,"0"
0.0016973692,0.7192608,"0"
0.0009127181,0.048209842,"0"
0.0016640082,0,"0"
7.123795e-05,0,"0"
0.013481022,0.94854987,"0"
0.00042895545,0,"0"
0.002745147,0.5897453,"0"
0.0054043387,0.00050805893,"0"
0.20403305,0,"0"
0.011382643,0.18170229,"0"
0.023309102,0.1493826,"0"
1.1887802e-05,0.98894554,"0"
0.019671107,0.028677264,"0"
0.00030272309,0,"0"
0.00027344076,0.6834574,"0"
0.99481577,0.28312823,"0"
0.022217704,0,"0"
2.2408337e-06,0,"0"
0.026232209,0,"0"
0.0013208677,0.007561351,"0"
0.012191916,0,"0"
0.0006697802,0,"0"
0.8816832,0.11977224,"0"
0.0001655222,0.018096993,"0"
0.010520634,0,"0"
0.01097935,0,"0"
0.00013076207,0,"0"
0.99535394,0.07937835,"0"
0.9075158,0,"0"
0.012847948,0,"0"
0.07896468,0,"0"
0.0010588933,0,"0"
0.0014489043,0,"0"
0.022319822,0,"0"
0.043016676,0.82131255,"0"
0.0022834863,0.041102972,"0"
0.003837639,0,"0"
0.3931442,0.24840723,"0"
0.0032901901,0.014162682,"0"
0.0004735669,0,"0"
0.005677456,0.96421933,"0"
0.007958331,0.26370433,"0"
0.00086927833,0.31529823,"0"
0.002509036,0,"0"
0.047863726,0.072906315,"0"
0.004581023,0.63935715,"0"
0.018188195,0,"0"
0.00019081226,0,"0"
0.0011155003,0,"0"
0.00015688046,0.31524703,"0"
0.0003083648,0,"0"
0.0001283787,0,"0"
0.001296139,0.09732808,"0"
6.352001e-05,0.602531,"0"
0.9021727,0.06714012,"0"
0.19887859,0,"0"
0.023417883,0,"0"
0.012458028,0,"0"
0.78675926,0,"0"
0.116624005,0,"0"
0.0007219232,0.13644722,"0"
0.31586084,0,"0"
0.014595293,0.15459637,"0"
0.099460356,0.99723756,"0"
0.00062867644,0,"0"
0.081310175,0,"0"
0.09877751,0,"0"
0.0027601754,0.38683107,"0"
0.004356945,0.43996894,"0"
4.7577134e-05,0,"0"
0.019053822,0.98320466,"0"
0.013574403,0.8228358,"0"
0.08308238,0,"0"
0.002216317,0.75697666,"0"
2.1206211e-05,0.0076396577,"0"
0.006062092,0.028518299,"0"
0.0012427304,0.05477084,"0"
0.07063775,0.41248953,"0"
0.0023522994,0,"0"
0.8910954,0,"0"
0.0135949515,0,"0"
0.15750937,0.45618653,"0"
0.0036623997,0.87808245,"0"
0.0006324928,0,"0"
0.0085501615,0,"0"
0.011755757,0,"0"
0.00016827109,0,"0"
0.011611856,0,"0"
0.00073627697,0,"0"
2.6185846e-05,0,"0"
0.918536,0.011133919,"0"
0.014316385,0,"0"
0.002987785,0.9915884,"0"
0.000624282,0,"0"
0.4783318,0.01034627,"0"
0.00010435823,0.58671916,"0"
0.016289132,0.19010782,"0"
1.9677393e-06,0,"0"
0.0022183023,0.7828103,"0"
0.024330426,0,"0"
0.0005738132,0.07778426,"0"
0.014112268,0,"0"
0.0018482474,0.89054406,"0"
0.00084908615,0.4249446,"0"
8.393725e-06,0.8433119,"0"
0.0009915564,0.99421763,"0"
0.035218004,0,"0"
0.004484089,0,"0"
0.0054144184,0,"0"
0.00059210125,0.98706555,"0"
0.0015766143,0.0032519195,"0"
0.0015012309,0.8146305,"0"
0.0018311954,0,"0"
0.08852573,0,"0"
0.000302272,0.059767388,"0"
0.00076330506,0.12529378,"0"
0.005835331,0,"0"
0.009889862,0,"0"
0.4182757,0.93598497,"0"
0.006648619,0,"0"
0.010536561,0,"0"
0.0013637727,0,"0"
0.078540206,0.59331936,"0"
0.0007364292,0,"0"
8.265551e-05,0.0034562042,"0"
0.0009961036,0,"0"
2.1739175e-05,0,"0"
0.0062781135,0.074260175,"0"
0.09234721,0,"0"
0.00024896557,0.4587809,"0"
0.00077254296,0,"0"
0.002155543,0,"0"
0.00018840256,0.02280016,"0"
0.00254049,0,"0"
0.16104046,0.89252865,"0"
0.0013894977,0.15483725,"0"
0.0032993113,0.015842982,"0"
0.0046700872,0.018767962,"0"
0.33995253,0,"0"
0.003315183,0.85408276,"0"
0.12402593,0.7650553,"0"
0.12967998,0,"0"
0.0010953748,0.034617323,"0"
0.012817069,0,"0"
0.022377728,0.9404558,"0"
0.074608855,0,"0"
0.005577439,0.0059459684,"0"
0.002740436,0,"0"
0.006077709,0,"0"
0.03993905,0,"0"
3.601896e-05,0.8939018,"0"
0.00019613103,0,"0"
0.0023304494,0.02004148,"0"
0.0017154497,0.093419164,"0"
0.15944618,0,"0"
4.8910977e-05,0.042483304,"0"
0.27718464,0,"0"
0.00044199213,0,"0"
0.7118055,0,"0"
0.02102973,0,"0"
0.0034534952,0,"0"
0.0013626186,0.9511374,"0"
0.0034877257,0.8928067,"0"
0.0002785871,0,"0"
0.0013444518,0.23541905,"0"
0.7224159,0.02205287,"0"
0.02735765,0.7847437,"0"
0.0035902865,0.007676921,"0"
0.020208301,0,"0"
0.0016737155,0.53330445,"0"
0.0032753726,0.10083134,"0"
0.0027217204,0.71643865,"0"
0.13539036,0.07685809,"0"
2.6079451e-08,0,"0"
1.0612308e-05,0,"0"
0.007998056,0,"0"
0.0009642321,0,"0"
0.088844255,0.17324106,"0"
0.0010037597,0,"0"
0.011877429,0,"0"
0.045261394,0,"0"
0.0011739922,0.87785846,"0"
0.016019313,0.025595838,"0"
0.0009819833,0.0052883127,"0"
0.0002754784,0.38583624,"0"
0.009013071,0.12963772,"0"
0.00531583,0,"0"
0.018892981,0.013844891,"0"
0.7530604,0.5311805,"0"
5.3254145e-05,0,"0"
0.0029082294,0.017245209,"0"
0.0039726864,0.0104934275,"0"
0.0017731517,0,"0"
0.00045727147,0.23041281,"0"
0.9991725,0,"0"
0.33757252,0,"1"
0.012537343,0,"0"
0.0006996185,0,"0"
2.3399372e-05,0.8919121,"0"
0.024421318,0.8444848,"0"
3.8623366e-06,0,"0"
0.00083404966,0.014795371,"0"
0.06777102,0,"0"
0.00019449001,0.014446725,"0"
0.23826393,0,"0"
0.08442619,0.010140425,"0"
0.0011765626,0,"0"
0.30438086,0,"0"
0.00091126614,0.002820796,"0"
0.038809005,0,"0"
0.09399406,0.40580642,"0"
0.039221626,0,"1"
0.028435968,0.9505506,"1"
0.010016033,0,"0"
0.00062484597,0.017091317,"0"
6.361151e-06,0.29121205,"0"
0.0015505177,0,"0"
0.0004191583,0,"0"
0.8536237,0.26767766,"0"
1.3034323e-05,0,"0"
0.8407274,0.9558335,"0"
0.01371038,0,"0"
0.04381022,0,"0"
0.0038718525,0.0037055449,"0"
0.04065423,0.014754488,"0"
8.368136e-05,0.0058066105,"0"
0.05544611,0.24712957,"0"
0.037286434,0.592078,"0"
0.00012360513,0.34305352,"0"
5.1976946e-05,0,"0"
0.0001002839,0.85940284,"0"
0.024120716,0.030443488,"0"
0.0030353914,0.0070419894,"0"
0.0024725173,0.6356756,"0"
0.0007983761,0,"0"
0.016410736,0,"0"
0.0004643146,0,"0"
0.00018523386,0,"0"
0.00040113594,0.03605312,"0"
0.15020356,0,"0"
0.9742174,0.04397682,"0"
0.006548927,0.004106792,"0"
0.0051771896,0.9824578,"0"
0.06968527,0,"0"
0.0016381495,0,"0"
0.09290599,0,"0"
4.2883574e-08,0.051153768,"0"
0.0020120726,0.35283065,"0"
0.006587674,0,"0"
0.0012043151,0.008287694,"0"
0.002787411,0,"0"
0.066550836,0.99076676,"0"
0.079160534,0.99541926,"0"
0.0011784278,0,"0"
0.00020709017,0.8778636,"0"
0.00032636608,0.046264686,"0"
0.0010970101,0.05842455,"0"
0.009315067,0.9873488,"0"
0.0020417394,0,"0"
1.1038679e-06,0.07153753,"0"
0.07483724,0,"0"
0.012167781,0.0346515,"0"
0.39206892,0.024307393,"0"
0.0024751213,0.12260367,"0"
0.068345204,0.8998846,"0"
0.09637065,0,"0"
0.0048261043,0.9072249,"0"
0.00020699167,0.93565893,"0"
0.0071149953,0.0777765,"0"
0.001053741,0,"0"
0.28691864,0,"0"
0.004319105,0.6429267,"0"
0.8499375,0.08776499,"0"
0.992463,0.9790127,"0"
0.0038703727,0,"0"
0.0007414783,0.016573962,"0"
0.000271472,0.09199334,"0"
0.017627213,0.050461914,"0"
0.01114815,0,"0"
0.001145209,0,"0"
0.0470594,0.03371173,"0"
0.035554517,0,"0"
1.0652349e-05,0.9737526,"0"
0.04496682,0,"0"
0.0068163965,0.0020713846,"0"
2.0579353e-05,0,"0"
0.012588468,0.010847784,"0"
0.00089343626,0,"0"
1.5671295e-06,0,"0"
0.004728118,0.5350688,"0"
0.3250235,0.025620358,"0"
0.005473551,0.009220633,"0"
0.0034715398,0,"0"
0.0052690506,0.9418385,"0"
0.00015506809,0.0156035125,"0"
0.0050984803,0,"0"
9.724245e-05,0.0030776279,"0"
0.00051360467,0,"0"
0.0038592387,0.030851629,"0"
0.0019274877,0.016925486,"0"
0.0019825508,0,"0"
2.812414e-05,0.92342216,"0"
0.029490285,0.9407414,"0"
0.00013769795,0.9252148,"0"
0.00089310476,0,"0"
0.0067798006,0,"0"
9.619134e-05,0.0058155083,"0"
0.029054012,0,"0"
0.008041533,0,"0"
0.02299733,0.7383185,"0"
0.019326378,0.22379453,"0"
0.015042806,0.8299924,"0"
0.031911213,0.021653328,"0"
6.8672634e-05,0,"0"
0.0010547101,0,"0"
0.00083085574,0.029567098,"0"
0.04999033,0.043357708,"0"
0.1473369,0.07758892,"0"
0.00036162054,0.048027862,"0"
0.03646373,0.2912618,"0"
0.025373172,0,"0"
0.8850103,0.1536643,"0"
0.07698984,0.83538544,"0"
0.0037406697,0.708132,"0"
0.051665753,0,"0"
0.9862438,0,"0"
0.022899825,0.9715888,"0"
0.005668258,0.89357895,"0"
0.7320322,0,"0"
0.050727934,0.039876577,"0"
0.0528015,0,"0"
0.08858282,0.0059793973,"0"
0.8920113,0.01658012,"0"
0.011951144,0.26860163,"0"
0.08773173,0.012341057,"0"
0.01848324,0,"0"
0.00035936988,0.004358927,"0"
0.00014916484,0,"0"
0.011448482,0,"0"
3.1252923e-05,0,"0"
0.9985121,0.2901973,"0"
0.0011637472,0,"0"
0.00018894044,0,"0"
0.027430415,0.013997939,"0"
0.0015954319,0,"0"
0.06176593,0.49585313,"0"
0.01624329,0,"0"
0.012970361,0.003890315,"0"
0.00048588865,0,"0"
0.012648056,0.94256777,"0"
0.012020367,0.03793048,"0"
0.046079237,0.0049548885,"0"
0.08187538,0.27939206,"0"
2.0049267e-05,0.053673055,"0"
0.023291979,0,"0"
2.0157511e-05,0.54442555,"0"
0.013845875,0,"0"
0.037753116,0.0031453155,"0"
0.052213065,0.90017533,"0"
0.5840709,0.0068281866,"0"
0.3812301,0.04741291,"0"
0.00095677876,0,"0"
0.0024030143,0.09352239,"0"
0.005911178,0,"0"
0.434189,0,"0"
0.06066435,0.2370294,"0"
0.048833735,0.0056480644,"0"
0.00020616363,0.056216788,"0"
0.03655703,0,"0"
0.0008408581,0.0031216922,"0"
0.0012812914,0,"0"
0.0012282161,0,"0"
0.08740015,0.005504422,"0"
0.0004564867,0,"0"
0.15841934,0.12153713,"0"
0.002527114,0,"0"
0.73437107,0.94156605,"0"
0.0009201242,0,"0"
0.9993831,0.0055966824,"0"
0.10214025,0.00067588536,"0"
0.9684767,0.6103609,"0"
0.0010879174,0,"0"
0.0014670052,0,"0"
4.6150317e-06,0.99889404,"0"
0.013586341,0,"0"
0.00095725054,0,"0"
0.0020523886,0,"0"
0.009753226,0.94743,"0"
0.00210831,0.006148349,"0"
0.0020009407,0,"0"
0.00085537636,0,"0"
0.000119308344,0.022571273,"0"
0.12677081,0.7080581,"0"
0.0020670728,0.017182875,"0"
0.16803943,0,"0"
0.00013947426,0.022720372,"0"
0.015229522,0.047913153,"0"
0.008080659,0,"0"
0.009746832,0.84868705,"0"
0.00047768647,0.06817104,"0"
0.052655715,0.8705493,"0"
0.95613986,0.022653447,"0"
0.11107591,0.04763954,"0"
0.00044710905,0,"0"
0.60997945,0.77988714,"0"
0.022820152,0.39432484,"0"
4.841421e-06,0.92676544,"0"
0.00057902973,0.009886094,"0"
0.003570224,0.20574908,"0"
0.0007057959,0.000858397,"0"
0.09949615,0.053615086,"0"
0.0134206,0.009535907,"0"
0.00083542016,0.8426203,"0"
1.9056068e-05,0,"0"
0.0017835338,0,"0"
0.010008992,0.78581136,"0"
0.00014967847,0.02878502,"0"
0.00096878555,0.91717565,"0"
0.5380131,0.7280815,"0"
0.020723438,0.95384145,"0"
0.28108492,0.010793611,"0"
0.050670583,0.003219739,"0"
0.2062971,0.007960285,"0"
0.097670935,0.9187387,"0"
0.0010133393,0.007734704,"0"
0.0010661716,0,"0"
0.0012316451,0,"0"
7.56491e-05,0,"0"
0.16471249,0.0712785,"0"
0.00022423906,0.22306699,"0"
0.0004408558,0,"0"
0.4157156,0,"0"
0.06588131,0,"0"
0.0076292176,0.9812757,"0"
0.09970329,0.0027750083,"0"
0.0016421666,0,"0"
0.0024811553,0.044472154,"0"
0.0004846305,0,"0"
0.5489156,0,"0"
0.0022434646,0,"0"
0.02480628,0,"0"
0.0022464625,0.0036442617,"0"
0.23904069,0.88983065,"0"
3.6572549e-06,0,"0"
0.24411131,0,"0"
0.023007793,0,"0"
0.0004068742,0.9388254,"0"
0.09447449,0.96339095,"0"
0.00079873105,0.49093434,"0"
0.012365753,0,"0"
8.1373706e-05,0.90742177,"0"
0.98418945,0.9102424,"0"
0.45734802,0.00477365,"0"
0.5706654,0.21524741,"0"
0.10107105,0.00039856517,"0"
0.023614407,0.0014054445,"0"
1.3503991e-06,0,"0"
0.00033018074,0.013107478,"0"
0.87237483,0.08695534,"0"
0.00019367003,0.8840277,"0"
0.0010794479,0,"0"
0.14021522,0,"0"
0.0025323527,0.0068522515,"0"
1,0,"0"
0.96909976,0.009600643,"0"
0.011267344,0.036875673,"0"
0.00021454133,0.97552615,"0"
0.0020856217,0.82279235,"0"
0.0075503164,0.0053179883,"0"
0.01756131,0.10970077,"0"
0.00032326413,0,"0"
0.020772118,0.10350223,"0"
0.04746863,0.9601343,"0"
1.2220697e-06,0,"0"
0.30665505,0.2808861,"0"
0.36711812,0.9914486,"0"
0.15017368,0,"0"
5.377529e-05,0.015819186,"0"
5.5764714e-05,0,"0"
0.0009111892,0.094745666,"0"
0.101562165,0.035810214,"0"
0.6309774,0.083877526,"0"
0.74671084,0,"0"
0.648613,0,"0"
0.04273433,0.023743246,"0"
0.00011172764,0.007641317,"0"
9.580148e-05,0.004713714,"0"
0.051884484,0,"0"
3.837396e-06,0.0012134862,"0"
1.742362e-05,0.29441276,"0"
0.8106426,0,"0"
2.2369861e-06,0,"0"
0.15222768,0,"0"
1,0,"0"
0.85745674,0.0054214536,"0"
0.0071092476,0,"0"
0.006336408,0,"0"
0.00018516075,0.07137168,"0"
1.7952378e-07,0.38459897,"0"
0.99686545,0,"0"
0.010081398,0,"0"
0.0008965975,0,"0"
0.9814377,0,"1"
0.00550265,0,"0"
0.0054772478,0,"0"
0.003667057,0,"1"
0.2672855,0,"0"
0.009486622,0,"0"
0.0002502476,0,"0"
0.014494286,0,"0"
0.098627515,0,"0"
0.054871734,0,"0"
0.0013760037,0,"0"
0.046272557,0,"0"
0.24444656,0,"0"
0.047183964,0,"0"
0.0036682158,0,"0"
0.33604103,0,"0"
0.012107656,0,"0"
0.0012424913,0,"0"
0.001952597,0,"0"
0.116037436,0,"0"
0.007999368,0,"0"
0.26878482,0,"0"
0.028217025,0,"0"
0.0010766146,0,"0"
0.0011255704,0,"0"
0.09753762,0,"0"
0.0007037548,0,"0"
0.04083463,0,"0"
0.87754107,0,"0"
0.009121615,0,"0"
0.0010288287,0,"0"
0.0013254257,0,"0"
0.16707909,0,"0"
6.707862e-05,0,"0"
0.010249018,0,"0"
0.00014848083,0,"0"
0.021815741,0,"0"
9.3344745e-05,0,"0"
0.09709378,0,"0"
0.00010562851,0,"0"
0.00070535584,0,"0"
0.0018484568,0,"0"
0.2785976,0,"0"
0.0063749636,0,"0"
0.23859075,0,"0"
0.0007459277,0,"0"
0.00032480012,0,"0"
0.0036311822,0,"0"
0.07521838,0,"0"
0.005533595,0,"0"
3.5364916e-05,0,"0"
0.005333351,0,"0"
0.027305603,0,"0"
3.125605e-05,0,"0"
0.46767554,0,"0"
0.004510238,0,"0"
0.047208495,0,"0"
0.026962748,0,"0"
0.0001398166,0,"0"
0.016677173,0,"0"
0.056743175,0,"0"
0.004115589,0,"0"
0.00034192487,0,"0"
0.049675483,0,"0"
0.3804149,0,"0"
0.0013605878,0,"0"
0.002383263,0,"0"
0.037035134,0,"0"
0.00346542,0,"0"
0.027622707,0,"0"
0.00065248465,0,"0"
0.026403483,0,"0"
0.0104350615,0,"0"
0.06000251,0,"0"
0.002095092,0,"0"
0.015262274,0,"0"
0.8606525,0,"0"
0.0018534344,0,"0"
0.014419898,0,"0"
0.39034334,0,"0"
0.02595896,0,"0"
0.20280099,0,"0"
3.1020605e-05,0,"0"
0.0016567854,0,"0"
0.1557202,0,"0"
0.002616903,0,"0"
0.00058918126,0,"0"
0.0003874789,0,"0"
0.00020268913,0,"0"
0.0039209253,0,"0"
0.031168088,0,"0"
0.0027935917,0,"0"
0.09640764,0,"0"
0.0036443295,0,"0"
0.026470652,0,"0"
0.27076665,0,"0"
0.013630961,0,"1"
1.0798429e-05,0,"0"
0.0003178568,0,"0"
0.071854606,0,"0"
0.00045946223,0,"0"
2.790004e-05,0,"0"
0.03109746,0,"0"
0.42120698,0,"0"
7.514617e-05,0,"0"
0.0065694787,0,"0"
0.03801535,0,"0"
0.0037051719,0,"0"
6.946711e-06,0,"0"
0.17027156,0,"0"
6.546476e-05,0,"0"
0.0048693945,0,"0"
0.0006709842,0,"0"
0.17844711,0,"0"
0.25179547,0,"0"
0.041545015,0,"0"
0.05662916,0,"0"
0.124653794,0,"0"
0.004699777,0,"0"
0.009537964,0,"0"
0.0020031799,0,"0"
9.8636565e-06,0,"0"
0.0022519876,0,"0"
0.012441729,0,"0"
0.00268707,0,"0"
0.031821135,0,"0"
0.00064826576,0,"0"
0.003215775,0,"0"
0.000110360634,0,"0"
0.013850708,0,"0"
0.00014397677,0,"0"
0.02614984,0,"0"
0.0019947742,0,"0"
0.00075091195,0,"0"
0.0020929659,0,"0"
0.0018743094,0,"0"
0.39979708,0,"0"
0.00017394223,0,"0"
0.0041450174,0,"0"
0.015917808,0,"0"
0.00016340986,0,"0"
1.181397e-09,0,"0"
0.8455265,0,"0"
0.7605856,0,"0"
0.0040698266,0,"0"
0.057239376,0,"0"
0.02569025,0,"0"
0.0035417445,0,"0"
0.06258398,0,"0"
0.98358464,0,"0"
0.17397533,0,"0"
0.00016772629,0,"0"
0.00051406794,0,"0"
0.0018720753,0,"0"
0.0013628807,0,"0"
0.00011481452,0,"0"
0.02548422,0,"0"
0.0012553703,0,"0"
0.00010832882,0,"0"
2.9747203e-05,0,"0"
7.551627e-05,0,"0"
0.016981442,0,"0"
0.22983405,0,"0"
0.016994955,0,"0"
0.5076883,0,"0"
0.038955126,0,"0"
0.00010688776,0,"0"
0.032724217,0,"0"
0.0042395294,0,"0"
0.8757139,0,"0"
0.0816648,0,"0"
0.00016805719,0,"0"
0.0004859584,0,"0"
0.9862325,0,"0"
0.030255469,0,"0"
0.011761598,0,"0"
0.03694059,0,"0"
0.0030823348,0,"0"
0.057600785,0,"0"
0.24431698,0,"0"
0.00090918114,0,"0"
0.0101587,0,"0"
0.00037716588,0,"0"
0.00067104946,0,"0"
0.00050738116,0,"0"
0.03741072,0,"0"
0.00445278,0,"0"
0.15316454,0,"0"
0.02788069,0,"0"
0.77908343,0,"0"
2.5103198e-05,0,"0"
0.0022852165,0,"0"
0.0036166282,0,"0"
2.3359944e-06,0,"0"
0.0011461803,0,"0"
0.011063281,0,"0"
0.00015157144,0,"0"
0.0019382234,0,"0"
4.314564e-06,0,"0"
0.403605,0,"0"
0.71101034,0,"0"
0.00018289182,0,"1"
0.008129048,0,"0"
0.014492705,0,"0"
0.14629933,0,"0"
0.0042685587,0,"0"
0.00038945937,0,"0"
0.05393034,0,"0"
0.00015177071,0,"0"
7.2049475e-06,0,"0"
0.008656195,0,"0"
0.010983694,0,"0"
1.07795714e-07,0,"0"
0.0047852783,0,"0"
0.0049144244,0,"0"
3.0906507e-05,0,"0"
0.0015594772,0,"0"
0.00043967317,0,"0"
0.0041127466,0,"0"
0.002479381,0,"0"
0.025844352,0,"0"
0.015865868,0,"0"
0.015353073,0,"0"
2.6679868e-06,0,"0"
0.002457833,0,"0"
0.060953315,0,"0"
0.0020330767,0,"0"
6.86096e-05,0,"0"
2.01992e-08,0,"0"
0.00013273326,0,"0"
0.19212486,0,"0"
0.0004167765,0,"0"
0.0013789029,0,"0"
1.2059423e-05,0,"0"
2.3408167e-05,0,"0"
1.5021496e-05,0,"0"
2.4662945e-06,0,"0"
0.00323762,0,"0"
0.71277237,0,"0"
1.7823724e-05,0,"0"
8.667221e-05,0,"0"
0.0004891101,0,"0"
0.002066115,0,"0"
0.025949523,0,"0"
0.00062739017,0,"0"
0.32113647,0,"0"
0.0020731024,0,"0"
0.0004171235,0,"0"
1.6065833e-06,0,"0"
0.004134009,0,"0"
0.009761247,0,"0"
0.0033631842,0,"0"
1.0301158e-05,0,"0"
0.0036417423,0,"0"
0.007753585,0,"0"
0.0020708542,0,"0"
0.08119068,0,"0"
0.0061554564,0,"0"
0.010681567,0,"0"
0.0021225873,0,"0"
0.00066987757,0,"0"
0.0036557135,0,"0"
0.00019994502,0,"0"
0.00055571133,0,"0"
0.0025109127,0,"0"
0.021541238,0,"0"
0.7321818,0,"0"
0.0474135,0,"0"
0.013516205,0,"0"
0.0006864007,0,"0"
0.006079778,0,"0"
4.374359e-05,0,"0"
0.0027029994,0,"0"
0.12393105,0,"0"
0.0032382342,0,"0"
0.001875831,0,"0"
0.0008819153,0,"0"
0.0011175947,0,"0"
0.0065762848,0,"0"
0.0045158872,0,"0"
0.0055544167,0,"0"
0.001469615,0,"0"
4.6299534e-05,0,"0"
0.007410878,0,"0"
5.5989956e-05,0,"0"
0.019312294,0,"0"
0.00010416624,0,"0"
4.92535e-05,0,"0"
0.14045946,0,"0"
0.028416885,0,"0"
5.881844e-05,0,"0"
1.4313214e-06,0,"0"
0.0031032176,0,"0"
0.00097124383,0,"0"
0.035155766,0,"0"
0.09210499,0,"0"
0.22499144,0,"0"
0.001609509,0,"0"
0.039171986,0,"0"
0.0003011829,0,"0"
0.0007779081,0,"0"
0.5335407,0,"0"
0.055903018,0,"0"
0.008040433,0,"0"
0.4068564,0,"0"
0.009240116,0,"0"
0.0010565807,0,"0"
0.01114124,0,"0"
0.0024552282,0,"0"
9.6193275e-05,0,"0"
2.5655536e-05,0,"0"
0.008435777,0,"0"
0.004109344,0,"0"
0.0005409912,0,"0"
0.00044689304,0,"0"
0.028534075,0,"0"
0.001969655,0,"0"
0.00048336823,0,"0"
0.0012408026,0,"0"
5.7421697e-05,0,"0"
0.0037851376,0,"0"
0.004198622,0,"0"
2.9271796e-15,0,"0"
0.007140808,0,"0"
0.011678839,0,"0"
0.049575765,0,"0"
0.013864866,0,"0"
0.006175386,0,"0"
0.000587983,0,"0"
0.001161156,0,"0"
0.011962033,0,"0"
0.00030724588,0,"0"
0.0065442203,0,"0"
0.032510445,0,"0"
0.0004931737,0,"0"
0.028750706,0,"0"
0.0028812534,0,"0"
0.0035213262,0,"0"
0.0012858167,0,"0"
0.032254785,0,"0"
0.00011815883,0,"0"
0.0024489474,0,"0"
0.00019497666,0,"0"
0.0014863953,0,"0"
0.23818146,0,"0"
7.207129e-08,0,"0"
0.00054222683,0,"0"
3.6930105e-05,0,"0"
0.0007113151,0,"0"
0.001894522,0,"0"
0.0016458208,0,"0"
1.2062216e-06,0,"0"
7.108212e-06,0,"0"
0.000106192856,0,"0"
0.00846958,0,"0"
0.006643822,0,"0"
5.127876e-06,0,"0"
0.90328556,0,"0"
0.0007439903,0,"0"
0.02161495,0,"0"
0.0018089011,0,"0"
0.0056242133,0,"0"
0.00010033976,0,"0"
0.0006374467,0,"0"
0.21085331,0,"0"
0.009688331,0,"0"
0.0004992589,0,"0"
2.7046542e-07,0,"0"
5.328982e-07,0,"0"
0.049903307,0,"0"
1.4214768e-06,0,"0"
2.1978754e-05,0,"0"
0.00033632552,0,"0"
0.0006457391,0,"0"
6.611195e-05,0,"0"
0.015299772,0,"0"
0.009239327,0,"0"
0.42311993,0,"0"
0.00022354825,0,"0"
0.0021040016,0,"0"
0.033921752,0,"0"
0.070958495,0,"0"
0.26959556,0,"0"
0.008171813,0,"0"
0.012035775,0,"1"
0.00038385566,0,"0"
0.035556283,0,"0"
5.6676497e-05,0,"0"
0.013671192,0,"0"
0.07367367,0,"0"
1.3539491e-06,0,"0"
0.001439461,0,"0"
0.00017439395,0,"0"
0.0025915597,0,"0"
0.021553524,0,"0"
0.0001582152,0,"0"
0.034152154,0,"0"
6.898427e-05,0,"0"
0.012189355,0,"0"
7.5514254e-05,0,"0"
0.0002489561,0,"0"
0.0017574565,0,"0"
0.00015924242,0,"0"
5.755748e-06,0,"0"
0.00013454632,0,"0"
0.036236007,0,"0"
0.052123632,0,"0"
0.96424836,0,"0"
0.0013308757,0,"0"
0.023722403,0,"0"
0.01732173,0,"0"
7.548572e-06,0,"0"
0.0033537082,0,"0"
2.4328923e-05,0,"0"
1.4654189e-05,0,"0"
3.4317377e-06,0,"0"
0.0013713456,0,"0"
0.00014741826,0,"0"
0.002225617,0,"0"
0.027067067,0,"0"
0.00800078,0,"0"
0.0052870107,0,"0"
0.00196526,0,"0"
0.00049278,0,"0"
0.0032221244,0,"0"
0.0033313532,0,"0"
0.2506071,0,"0"
0.0039010304,0,"0"
4.140116e-05,0,"0"
0.020267762,0,"0"
0.0014900529,0,"0"
0.0002521343,0,"0"
2.405774e-06,0,"0"
3.9429386e-05,0,"0"
0.112778425,0,"0"
0.0049561863,0,"0"
0.018984368,0,"0"
2.5744113e-05,0,"0"
2.5774816e-06,0,"0"
0.00015026778,0,"0"
0.0017456133,0,"0"
0.051952623,0,"0"
0.00016252381,0,"0"
0.0021619773,0,"0"
0.035111602,0,"0"
1.0228044e-05,0,"0"
4.4385324e-05,0,"0"
0.010971973,0,"0"
0.0057293857,0,"0"
0.0012548256,0,"0"
0.6408632,0,"0"
0.03994904,0,"0"
0.0005644285,0,"0"
0.01714,0,"0"
0.0054689734,0,"0"
0.050334398,0,"0"
2.7598617e-07,0,"0"
1.402009e-06,0,"0"
3.8908254e-08,0,"0"
2.664654e-05,0,"0"
2.2871991e-05,0,"0"
9.305957e-06,0,"0"
0.51051337,0,"0"
0.00044225642,0,"0"
0.0027674814,0,"0"
0.00015964227,0,"0"
9.462966e-06,0,"0"
0.0021713069,0,"0"
0.030536607,0,"0"
1.8028817e-05,0,"0"
2.5990796e-06,0,"0"
0.02585228,0,"0"
0.008003607,0,"0"
1.7441153e-08,0,"0"
6.0317445e-05,0,"0"
0.037096772,0,"0"
6.0744405e-06,0,"0"
0.00010061312,0,"0"
0.13223034,0,"0"
0.014814902,0,"0"
4.542511e-05,0,"0"
2.8410375e-06,0,"0"
0.0011713783,0,"0"
0.25010452,0,"0"
0.019547025,0,"0"
3.9463543e-05,0,"0"
7.015604e-06,0,"0"
0.00023013142,0,"0"
0.0019022622,0,"0"
0.00012688964,0,"0"
0.0027598524,0,"0"
0.00025903078,0,"0"
5.6445185e-07,0,"0"
0.0005133839,0,"0"
0.009327726,0,"0"
0.99300885,0,"0"
0.0010408077,0,"0"
0.00020468053,0,"0"
0.00012543902,0,"0"
0.0004967559,0,"0"
0.050358612,0,"0"
0.0030288703,0,"0"
8.0407983e-07,0,"0"
0.0007540121,0,"0"
3.258006e-09,0,"0"
1.323217e-05,0,"0"
0.00030593638,0,"0"
0.13053122,0,"0"
2.7420783e-05,0,"0"
0.00017980277,0,"0"
0.0015328696,0,"0"
0.0005352734,0,"0"
0.00054134225,0,"0"
0.00027862296,0,"0"
0.0011523361,0,"0"
0.0006872893,0,"0"
4.178567e-05,0,"0"
0.06498711,0,"0"
7.754609e-05,0,"0"
8.674373e-05,0,"0"
0.9663058,0,"0"
2.1383543e-07,0,"0"
0.0046011545,0,"0"
6.902468e-05,0,"0"
0.0055995258,0,"0"
5.3285894e-05,0,"0"
1.838536e-06,0,"0"
0.94395614,0,"0"
0.00974551,0,"0"
0.0010816199,0,"0"
1.06216014e-07,0,"0"
0.008187922,0,"0"
1.2957432e-05,0,"0"
7.632381e-06,0,"0"
1.1961228e-06,0,"0"
6.710344e-05,0,"0"
5.630003e-10,0,"0"
0.020531682,0,"0"
0.0018725959,0,"0"
3.2123785e-06,0,"0"
1.045493e-06,0,"0"
0.0019266146,0,"0"
4.4780478e-08,0,"0"
0.0070682582,0,"0"
0.0023854577,0,"0"
7.371257e-05,0,"0"
2.0868154e-06,0,"0"
9.887236e-07,0,"0"
9.42026e-06,0,"0"
0.003285029,0,"0"
0.046563167,0,"0"
1.01089086e-07,0,"0"
0.8151793,0,"0"
0.00027248356,0,"0"
7.5478135e-07,0,"0"
4.634039e-05,0,"0"
0.0061651226,0,"0"
4.6500872e-07,0,"0"
2.5265055e-13,0,"0"
5.587085e-07,0,"0"
8.670536e-07,0,"0"
0.0011173126,0,"0"
3.5888464e-10,0,"0"
2.7853222e-05,0,"0"
1.1848031e-05,0,"0"
4.1368434e-08,0,"0"
0.0057116398,0,"0"
3.5717755e-09,0,"0"
1.8713695e-08,0,"0"
0.0011295538,0,"0"
0.0022110068,0,"0"
0.022635138,0,"0"
1.6369071e-05,0,"0"
0.00011296077,0,"0"
1.9060648e-05,0,"0"
1,0.024747,"1"
1,0.9675608,"1"
0.0915614,0.1392993,"0"
0.0021740485,0.1343885,"0"
0.017002843,0.9142104,"0"
0.027371729,0.93808687,"0"
0.00064636744,0,"0"
0.3601697,0,"0"
0.16186394,0,"0"
0.995952,0,"0"
0.07544617,0.17743652,"0"
0.0017611771,0,"0"
0.008128795,0.058352467,"0"
0.079825185,0.1613809,"0"
6.5180643e-06,0.07678805,"0"
0.0590779,0,"0"
0.010480864,0.53524315,"0"
0.002651059,0.016566766,"0"
0.05475845,0.10171305,"0"
7.72864e-06,0.23411018,"0"
0.018611522,0.2506931,"0"
0.47132,0.79494697,"0"
0.05787056,0,"0"
0.0528527,0,"0"
4.883282e-05,0,"0"
0.6101447,0,"0"
0.20067169,0.34326306,"0"
0.04357265,0,"0"
0.11795047,0,"0"
0.0015566354,0.5044393,"0"
0.0006702742,0.017450005,"0"
0.008318126,0,"0"
0.00047826968,0.51692194,"0"
0.3266916,0.19059944,"0"
0.016199976,0,"0"
0.010087887,0.88517326,"0"
0.05992664,0,"0"
0.22888416,0,"0"
0.09810838,0.982979,"0"
0.040025137,0,"0"
0.02430469,0.25102127,"0"
0.011574449,0,"0"
0.13562056,0.9179929,"0"
0.0092086345,0.18865365,"0"
0.56071484,0,"0"
0.040220913,0.2183212,"0"
5.2431656e-06,0,"0"
0.014866512,0,"0"
0.005492287,0.7082622,"0"
0.0049896976,0,"0"
0.00022387311,0,"0"
0.035517223,0,"0"
0.0005275767,0,"0"
0.029698322,0.07667428,"0"
0.0018348648,0.034792323,"0"
0.22011396,0.07335232,"0"
0.3616051,0.69427997,"0"
0.39539942,0,"0"
0.028250711,0,"0"
0.048852548,0.09531845,"0"
0.00092160434,0,"0"
0.1330814,0,"0"
0.00034792215,0,"0"
0.5410924,0.13101517,"0"
0.0023311523,0.99643034,"0"
0.011048523,0.12250555,"0"
0.043236196,0.014333493,"0"
0.021695707,0,"0"
0.91322505,0.8868841,"0"
0.017003942,0,"0"
0.05736685,0,"0"
0.03368896,0,"0"
0.09484462,0,"0"
0.12524977,0.9106567,"0"
0.949683,0.9922206,"0"
0.0013484412,0,"0"
0.3519407,0.098707534,"0"
0.043499086,0.74842054,"0"
0.5514419,0.40905616,"0"
0.00977357,0,"0"
0.0017959808,0,"1"
0.2052118,0,"0"
0.008740269,0.29708374,"0"
0.025031213,0,"0"
0.032163955,0,"1"
0.0008681228,0.38791955,"0"
0.0025796548,0.07069983,"0"
0.36256406,0,"0"
0.05891329,0,"0"
0.076714665,0.6949446,"0"
0.16273208,0.23835137,"0"
2.6085358e-09,0.9154749,"0"
0.0002750855,0.2238431,"0"
0.51830864,0,"0"
0.004192231,0.5876483,"0"
0.1087565,0,"0"
0.9181668,0.9827659,"0"
0.12966013,0,"0"
0.0031423206,0,"0"
0.054465283,0,"0"
0.13596034,0.768038,"0"
0.06176539,0,"0"
0.027428618,0,"0"
0.00019473197,0.89769137,"0"
0.0014134013,0.1915283,"0"
0.000702637,0,"0"
0.5128208,0.104082376,"0"
0.37320966,0,"0"
0.00035307204,0,"0"
0.0015769048,0,"0"
0.06483424,0,"0"
0.053518374,0,"0"
0.008839426,0,"0"
0.037627883,0,"0"
0.011654411,0.5904058,"0"
0.1337542,0.3810234,"0"
0.024397971,0,"0"
0.0038005223,0.38378772,"0"
0.0067704404,0.13032724,"0"
0.1113644,0,"0"
0.034344483,0.5721523,"0"
0.060597923,0.25136304,"0"
0.0059890607,0.56359637,"0"
0.009309595,0,"0"
0.04345841,0.72768337,"0"
0.0092067905,0.77709115,"0"
0.035794523,0.27367565,"0"
0.009241675,0,"0"
0.0074982643,0,"0"
0.057938363,0,"0"
0.0031962062,0.376077,"0"
0.07790915,0,"0"
0.00045940903,0,"0"
0.0025876136,0.094300106,"0"
7.5427524e-05,0.2531387,"0"
0.9525643,0.4541484,"0"
0.28475782,0.9601992,"0"
0.28558183,0,"0"
0.009588577,0,"0"
0.98106796,0,"1"
0.016319133,0,"0"
0.37839213,0,"0"
0.14821933,0,"0"
0.0010753856,0.6637099,"0"
0.16845806,0,"0"
0.1467076,0.35278636,"0"
0.5483239,0.9959423,"0"
0.0044659986,0,"0"
0.007692246,0,"0"
0.016065279,0,"0"
0.20842026,0.95753574,"0"
0.04386536,0.64413846,"0"
0.006660723,0,"0"
0.15380034,0.8319097,"0"
0.097961545,0,"0"
0.0016700331,0.17029382,"0"
0.0003283851,0,"0"
0.99429625,0,"0"
0.021663578,0,"0"
0.371634,0.52182984,"0"
0.0007181386,0.2672084,"0"
0.0005136169,0,"0"
0.049204063,0,"0"
0.10272604,0.24267897,"0"
0.8277543,0,"0"
8.173148e-06,0,"0"
0.031881884,0,"0"
0.0063907006,0,"0"
0.000103623715,0,"0"
0.9988951,0.05189204,"0"
0.007428995,0,"0"
0.019293157,0.048976142,"0"
0.013699312,0.62594,"0"
0.0013152437,0,"0"
0.16065322,0.7523477,"0"
0.00024282272,0.8155207,"0"
0.016616164,0.9390538,"0"
0.037431035,0,"0"
0.045176454,0.90208876,"0"
0.1446342,0,"0"
0.0010911896,0.17175643,"0"
0.01627272,0,"0"
0.0071717934,0.9457045,"0"
0.054810084,0.24204043,"0"
0.007599473,0.96456003,"0"
0.8007851,0,"0"
0.008151679,0,"0"
0.13028194,0,"0"
0.054984212,0.22933184,"0"
0.0017450184,0.05486727,"0"
0.053775556,0.043207318,"0"
0.018622428,0,"0"
0.028234392,0.29931957,"0"
0.041184407,0.5331838,"0"
0.031822287,0,"0"
0.00377715,0,"0"
0.36897805,0.83068776,"0"
0.025499407,0,"0"
0.031129558,0,"0"
0.0009535122,0,"0"
0.0008796925,0.19224945,"0"
0.04644255,0,"0"
0.02524266,0.15474173,"0"
0.07511986,0,"0"
2.4746469e-05,0.93017435,"0"
0.011704322,0,"0"
0.12497295,0.7330059,"0"
0.029684626,0,"0"
0.03666603,0.6508943,"0"
0.99872017,0,"0"
0.2433668,0,"0"
0.01661208,0.37484694,"0"
0.017306412,0,"0"
0.07393578,0.43576264,"0"
0.018448453,0.93861777,"0"
0.12871341,0.35465783,"0"
0.38750857,0.40484267,"0"
0.030198062,0,"0"
0.0014741247,0.5863769,"0"
0.00027517046,0.67920804,"0"
0.004627449,0,"0"
0.6727557,0.28887546,"0"
0.14043614,0,"0"
0.08044321,0.9575787,"0"
0.0004993625,0,"0"
0.0006202509,0.63046116,"0"
0.022550175,0.015346085,"0"
0.13276744,0,"0"
0.02686993,0,"0"
0.06633789,0,"0"
0.015261149,0.37383062,"0"
0.0002465963,0,"0"
0.03908087,0.7144192,"0"
0.013366072,0.2877549,"0"
0.08326171,0,"0"
0.035380136,0,"0"
0.90205693,0,"0"
0.00097401283,0,"0"
0.007660375,0,"0"
0.02267567,0.07195163,"0"
0.44902337,0.34141114,"0"
0.008903827,0,"0"
0.028169326,0.020982845,"0"
0.0015794091,0.18540776,"0"
0.094200015,0.16218887,"0"
0.7025243,0,"0"
0.0009968693,0.20152327,"0"
0.34650427,0.5694384,"0"
0.0011078544,0.89304525,"0"
0.011834018,0.5997643,"0"
0.009976989,0,"0"
0.104351185,0,"0"
0.0009688788,0,"0"
0.017349778,0.26991343,"0"
0.00015337479,0,"0"
0.05290746,0,"0"
0.044794824,0,"0"
0.030650094,0.32309967,"0"
0.008886411,0.87789106,"0"
0.0006714675,0.016756821,"0"
0.036329273,0.20329443,"0"
0.02007675,0.9027057,"0"
0.99946326,0,"0"
0.048084363,0.24922338,"0"
0.0053827646,0,"0"
0.006477207,0.17638586,"0"
0.0076479334,0.16646865,"0"
0.043518733,0,"0"
0.016769318,0.9320568,"0"
0.28843388,0,"0"
0.05689873,0,"0"
0.025083525,0,"0"
0.0002749565,0,"0"
0.009337196,0,"0"
0.0020235048,0.85310364,"0"
0.8074716,0.2035618,"0"
0.061813127,0,"0"
0.038218576,0.08973852,"0"
0.24643245,0,"0"
0.082648054,0.11820186,"0"
0.056379247,0,"0"
0.1899995,0.067820296,"0"
0.016251324,0,"0"
0.35370842,0,"0"
0.0018500094,0.03701265,"0"
0.88112,0,"0"
0.06337994,0,"0"
0.47689143,0.81911385,"0"
0.4024282,0,"0"
0.2603957,0.66097033,"0"
4.7980873e-05,0.090837054,"0"
0.035460733,0,"0"
0.12661305,0,"0"
0.0016062496,0.8824356,"0"
0.0002734561,0,"0"
0.88656807,0.8944747,"0"
0.024275614,0,"0"
0.0023690264,0.13393117,"0"
0.052638136,0.15512092,"0"
0.03709839,0.123035476,"0"
0.5549504,0.1953586,"0"
0.08150751,0.9712614,"0"
1.1569568e-05,0.07799857,"0"
0.0634681,0,"0"
0.024893405,0.122309886,"0"
0.04861703,0.46463266,"0"
0.003322767,0,"0"
0.52761143,0.36476898,"0"
0.022206137,0.13102329,"0"
0.0034842473,0,"0"
0.17014046,0,"0"
0.14097504,0,"0"
0.011343647,0,"0"
0.0024175972,0.2211485,"0"
0.15802394,0,"0"
0.49275094,0.5086436,"0"
0.011754256,0.3245502,"0"
0.003172912,0.24700087,"0"
0.00031273894,0,"0"
0.16570593,0,"0"
0.09242825,0,"0"
0.000121077326,0.323186,"0"
0.00048579788,0.95899695,"0"
0.2782002,0,"0"
0.11174669,0.17338288,"0"
0.07554592,0,"0"
0.99929607,0.03105408,"1"
0.037998088,0.9455525,"0"
0.016231157,0.7541243,"0"
0.013277591,0,"0"
0.0048286426,0.68532526,"0"
0.017149055,0.17998241,"0"
0.0101071475,0.267836,"0"
3.1568194e-05,0.9437462,"0"
0.028937938,0,"0"
0.0021194397,0.35124403,"0"
0.01959113,0,"0"
0.01625095,0.14637107,"0"
0.00077676843,0.6525125,"0"
0.006042362,0.42469746,"0"
0.008370917,0,"0"
0.0029909313,0.5320499,"0"
0.18137737,0.42517343,"0"
0.00034690404,0.31937993,"0"
0.021074647,0,"0"
0.29626113,0,"0"
0.78432304,0.3500448,"0"
0.017719567,0.5448157,"0"
0.6378159,0.02644198,"0"
0.00029057387,0,"0"
0.21186554,0.5419822,"0"
0.0075851553,0.46726233,"0"
0.7150506,0.9458299,"1"
0.0017228501,0.16650747,"0"
0.054156777,0,"0"
0.031158552,0,"0"
0.009092909,0.29792815,"0"
0.00015176217,0,"0"
0.0015578407,0.9004594,"1"
0.0018196574,0,"0"
0.03376543,0.08403797,"0"
0.0009934282,0,"0"
0.7244174,0.06417557,"0"
0.070743375,0,"0"
0.00054186105,0,"0"
0.032594554,0.83208835,"0"
0.9953216,0.15152697,"0"
0.00074578373,0.33986947,"0"
0.0017391267,0,"0"
0.06607508,0.77369744,"0"
0.0031296606,0.077207915,"0"
0.08263193,0,"0"
0.010517741,0.27597326,"0"
0.0013697917,0,"0"
0.0006703361,0.15754546,"0"
0.12936588,0.28355378,"0"
0.0003214957,0,"0"
0.0018483232,0.07120525,"0"
0.9999392,0.021198867,"0"
0.015019995,0.9833666,"0"
0.96236473,0,"0"
0.0008134197,0,"0"
0.6924297,0.03270995,"0"
0.013915368,0,"0"
0.05728388,0,"0"
0.64232117,0.8166808,"0"
0.83245385,0.33820015,"0"
0.29363242,0.75387424,"0"
0.012521286,0.17633264,"0"
0.23279811,0,"0"
0.020799274,0,"0"
0.0869313,0.13850096,"0"
0.003848402,0,"0"
0.43959972,0.37007636,"0"
0.0021754082,0.17158519,"0"
0.011721997,0.51938015,"0"
0.27458534,0.66916704,"0"
4.109067e-06,0,"1"
1,0.89102876,"0"
0.0006475235,0.40764758,"0"
0.00030169563,0.7692685,"0"
0.01130993,0,"0"
0.1378583,0.8637432,"0"
0.12548481,0.052538525,"0"
0.027494026,0,"0"
0.056032836,0.8905515,"0"
0.011601835,0,"0"
0.057466377,0,"0"
0.056559224,0.13638085,"0"
0.9966557,0.31940943,"0"
0.0006630244,0.12369782,"0"
0.99999964,0.22785373,"0"
0.13260746,0,"0"
3.185333e-05,0.038101763,"0"
0.048540972,0,"0"
0.009615849,0,"0"
0.00031898334,0,"0"
0.031783666,0.07078744,"0"
0.36127615,0.994362,"1"
0.013672767,0.008690072,"0"
0.09968275,0,"0"
0.19861919,0.10044173,"0"
0.0022784078,0,"0"
0.061128225,0.2889647,"0"
0.02314955,0,"0"
0.049949855,0.12780248,"0"
0.00023827507,0,"0"
0.010946255,0.103080206,"0"
0.015381193,0.44065472,"0"
0.0054382407,0.072344236,"0"
0.010562941,0.49042886,"0"
0.0005377767,0.73141223,"0"
0.9903756,0,"0"
0.00026242065,0.9787932,"0"
0.010871605,0,"0"
2.000668e-06,0.085047156,"0"
0.032604992,0.0640921,"0"
0.2826234,0.067711025,"0"
0.09877123,0.18970066,"0"
0.015503902,0,"0"
2.3256773e-05,0.7637083,"0"
0.033022806,0,"0"
0.09533492,0.6386892,"0"
0.99941623,0.33718303,"0"
0.12097759,0.6061427,"0"
0.003409822,0,"0"
0.00032311009,0.021818027,"0"
0.8401661,0,"0"
0.014757337,0,"0"
0.0034364264,0.055295497,"0"
0.008072019,0,"0"
0.94112855,0.8333052,"0"
0.00058733893,0,"0"
0.032536194,0.014895864,"0"
0.087804995,0,"0"
0.040194765,0.44363776,"0"
2.621741e-06,0.029956339,"0"
0.006531475,0.31684396,"0"
0.4978614,0,"0"
0.9676915,0,"0"
0.00042171456,0.9959766,"0"
0.002720734,0,"0"
0.95684093,0,"0"
0.0011478328,0.96193355,"0"
0.004590718,0.09129393,"0"
0.036066864,0,"0"
1,0,"0"
0.0003680091,0,"0"
0.023107706,0.11693631,"0"
0.00045745715,0.7194354,"0"
0.7942503,0.40519556,"0"
0.26099542,0,"0"
0.054737102,0.41573635,"0"
3.8065336e-05,0.6279382,"0"
0.0034337086,0,"0"
0.012692628,0.7551439,"0"
0.067396455,0.09373573,"0"
0.14447883,0.30094677,"0"
0.9983564,0.06262137,"0"
0.012433787,0.56198406,"0"
7.365326e-05,0,"0"
0.07188967,0.22840428,"0"
0.00039918686,0.1421443,"0"
0.0032205642,0.2111887,"0"
4.298289e-06,0.13408965,"0"
0.6436997,0.1625068,"0"
0.047730174,0.033579297,"0"
0.0061537186,0.37533343,"0"
1.379287e-07,0.48322132,"0"
0.028073603,0,"0"
0.07235612,0,"0"
0.99998784,0.73511773,"0"
0.029345911,0.87832797,"0"
0.30110958,0.6850218,"0"
0.10200965,0,"1"
0.036237437,0.63604546,"0"
0.40932614,0.057099294,"0"
0.0026615227,0.051442064,"0"
0.4747476,0.056911003,"0"
0.04563178,0.046772145,"0"
0.014712119,0.28022325,"0"
0.00042779412,0,"0"
1.1795066e-05,0,"0"
0.0012988899,0,"0"
0.72698027,0.09858516,"0"
1,0.87924033,"0"
3.4594283e-05,0,"0"
0.012480069,0,"0"
0.0018058915,0,"0"
0.012846605,0.042029336,"0"
0.9098299,0.5798397,"0"
1.093466e-05,0.34426486,"0"
0.7268574,0.23454371,"1"
2.43277e-07,0,"0"
6.9982298e-06,0,"0"
0.004372393,0,"0"
0.01700662,0.0139761,"0"
0.12979442,0,"0"
0.004067786,0.06964583,"0"
5.8494345e-05,0.97310096,"0"
0.0077937446,0,"0"
0.01729037,0,"0"
0.20601098,0,"0"
2.4163028e-06,0.96167135,"0"
0.012268756,0.3449983,"0"
0.064992905,0.37761647,"0"
0.019526301,0,"0"
0.027068915,0.8035938,"0"
0.0024494622,0.14730337,"0"
0.026679339,0.039398182,"0"
0.37683183,0.7386481,"0"
0.92336893,0.006001348,"0"
0.98401237,0,"0"
0.00034862137,0.13912469,"0"
0.0018247068,0.40669736,"0"
0.658872,0.5657376,"0"
0.00193681,0,"0"
0.001283207,0,"0"
0.0009201523,0.06437193,"0"
0.98091084,0,"0"
0.6758514,0.33299014,"0"
0.0022735558,0.062288985,"0"
0.0015755442,0.05809837,"0"
0.00017081201,0.55621797,"0"
0.0024671976,0,"0"
4.4417038e-07,0.5268914,"0"
0.98142874,0,"1"
0.9954314,0.9461012,"0"
5.0713464e-07,0,"0"
0.99972314,0.79613465,"0"
0.9999583,0.12943605,"0"
0.0008400612,0,"0"
0.001114916,0.43068847,"1"
0.019672172,0,"0"
0.033575177,0.08538851,"0"
3.5429255e-06,0.79796964,"0"
0.0008685076,0.30606785,"0"
0.97626114,0,"0"
0.17317367,0,"0"
0.073073365,0.06497101,"0"
0.009323802,0.1904849,"0"
0.0031327235,0.10696123,"0"
0.0019647793,0,"0"
2.2904058e-05,0.36329463,"0"
0.0002753437,0.90593094,"0"
0.4928986,0,"0"
2.750395e-06,0,"0"
0.033128608,0,"0"
1,0,"0"
0.06572434,0.020288002,"0"
0.00014423374,0,"0"
0.32963234,0,"0"
0.0285262,0.53704053,"0"
0.012109772,0.9063396,"0"
0.018642308,0,"0"
0.79065996,0,"0"
8.0829086e-05,0,"0"
0.03349248,0.9568384,"0"
0.09195533,0,"0"
2.991291e-05,0.76547235,"0"
0.01769462,0.35563487,"0"
0.45426244,0.66308266,"0"
6.761982e-11,0,"0"
0.027634364,0.93014216,"0"
0.0005384188,0,"0"
0.17204066,0,"0"
0.23907396,0.98393166,"0"
0.005205927,0.27285174,"0"
0.010394198,0.98362166,"0"
0.007832569,0,"0"
0.0071975254,0.9407535,"0"
0.00013951775,0.884103,"0"
9.356199e-06,0.6262825,"0"
0.0013718989,0.030279456,"0"
8.378597e-05,0.16556263,"0"
0.6753526,0,"0"
0.00043444472,0,"0"
0.00056947407,0,"0"
0.0009997836,0,"0"
0.0052028187,0.69953173,"0"
0.01853133,0.9899768,"0"
0.002579916,0,"0"
0.03821634,0,"0"
0.026957959,0.19933537,"0"
0.00010005466,0.9504767,"0"
0.0074677793,0,"0"
0.0027307835,0.8483869,"0"
0.0001534055,0.7141311,"0"
0.0445657,0,"0"
0.027856028,0.3510969,"0"
0.0073316535,0,"0"
0.00044429267,0,"0"
0.20242022,0.99772304,"0"
0.003002277,0,"0"
0.026403422,0.04274865,"0"
0.0026823923,0.93231887,"0"
0.0019333158,0.5830031,"0"
0.000749199,0,"0"
0.019840201,0.68524206,"0"
0.072606534,0,"0"
1.0835804e-05,0.7176296,"0"
5.17561e-05,0,"0"
0.006189924,0,"0"
0.00039465952,0.9868406,"0"
0.0029950892,0,"0"
0.021964965,0,"0"
2.5416484e-06,0.98266095,"0"
0.0067434143,0.8463426,"0"
0.0033695353,0.3159257,"0"
0.25114146,0,"0"
0.00062990177,0,"0"
6.900658e-05,0.7758887,"0"
0.0038826503,0,"0"
0.0010464446,0,"0"
0.02142556,0,"0"
0.005081572,0,"0"
0.012249488,0.9511911,"0"
0.0028333433,0.71955097,"0"
0.0027398798,0.0010618409,"0"
0.0018446161,0,"0"
0.004220276,0,"0"
0.20460267,0,"0"
0.001928407,0,"0"
1.3094038e-05,0,"0"
0.3722411,0.89204043,"0"
0.009396455,0,"0"
7.35926e-05,0.90939826,"0"
0.22520213,0.2307562,"0"
2.9196208e-05,0.061776165,"0"
0.000103355196,0,"0"
0.0017578036,0,"0"
0.031209232,0,"0"
0.0068206787,0.74969625,"0"
3.5218336e-06,0,"0"
0.0009818784,0,"0"
0.018432815,0.92124486,"0"
0.007916442,0.92515826,"0"
0.3079877,0,"0"
0.013247294,0.8342372,"0"
0.019667117,0,"0"
0.09799689,0.6323583,"0"
0.014875579,0.74255264,"0"
1.2250965e-05,0.8720834,"0"
0.004345719,0.6438742,"0"
0.7344818,0,"0"
0.005756929,0.9333638,"0"
0.0012090817,0,"0"
0.98339534,0.5916973,"0"
0.0018898293,0,"0"
0.013190967,0,"0"
0.013750032,0,"0"
0.00015172672,0.7989446,"0"
0.07285015,0,"0"
0.0010601337,0,"0"
0.0001952092,0.53352106,"0"
0.0013552333,0.6717247,"0"
0.015128363,0,"0"
0.0020264662,0,"0"
1.12953885e-05,0,"0"
0.0632081,0.9854134,"0"
0.05837773,0,"0"
0.0034079235,0,"0"
0.028893748,0,"0"
5.888764e-05,0,"0"
0.00012412282,0,"0"
4.8276026e-05,0,"0"
0.0071654273,0.98857296,"0"
0.0013000272,0.6413525,"0"
0.0017490201,0,"0"
0.044501286,0.397453,"0"
0.00025817938,0.008229767,"0"
0.0386323,0,"0"
0.0012060031,0.9451717,"0"
0.00090797606,0.55627674,"0"
0.0385623,0.914415,"0"
0.005651239,0,"0"
0.006750797,0.38117734,"0"
0.20149459,0.6798302,"0"
0.0004989619,0.721544,"0"
0.0017098692,0,"0"
0.0007622619,0,"0"
2.0825388e-05,0,"0"
0.0032756126,0,"0"
1.7259564e-09,0.7104655,"0"
0.058529563,0,"0"
0.0078383805,0.38476557,"0"
0.01605776,0,"1"
1.4950017e-07,0.55053425,"0"
0.0023701806,0.7559492,"0"
0.97947776,0.9593008,"0"
0.012682634,0,"0"
0.13459492,0,"0"
0.2437762,0,"0"
0.48848265,0,"0"
0.003310089,0,"0"
0.009631791,0.65380836,"0"
0.6542569,0,"0"
0.24682023,0.08972925,"0"
0.080913365,0,"0"
0.009526205,0,"0"
0.19335133,0,"0"
0.007987605,0.0022985984,"0"
0.0902698,0.8245258,"0"
0.007516762,0,"0"
0.040445328,0.98420596,"0"
5.2329313e-05,0,"0"
0.53081316,0.6354299,"0"
0.0015832477,0.019769037,"0"
0.010331906,0.008164859,"0"
0.00034414328,0.578194,"0"
0.0070564286,0,"0"
0.08575432,0,"0"
0.009912182,0,"0"
0.1761972,0.4748248,"0"
0.1382266,0.97289914,"0"
4.4498865e-05,0,"0"
0.11954673,0,"0"
0.23985028,0.22269768,"0"
0.0850427,0,"0"
0.00017969702,0,"0"
0.0051050396,0,"0"
0.984951,0.98417664,"0"
0.29486787,0,"0"
5.3892854e-05,0.9890863,"0"
0.008410862,0.36721584,"0"
0.0073117088,0,"0"
0.001904554,0.37714532,"0"
0.92804265,0.9418833,"0"
0.0033489957,0,"0"
0.6205334,0.9279642,"0"
0.053610865,0,"0"
0.0050893193,0.11607762,"0"
0.11518227,0,"0"
0.010840449,0.86736566,"0"
0.04425407,0.6411859,"0"
1.0052175e-06,0.26483178,"0"
0.00012352243,0.9884957,"0"
0.039021548,0,"0"
0.06927348,0,"0"
6.252944e-05,0,"0"
0.003945892,0.9957653,"0"
0.07480139,0.0061979517,"0"
6.1010072e-05,0.9350582,"0"
0.0064968946,0,"0"
0.14609668,0,"0"
0.0011410785,0.8639269,"0"
0.7384516,0.3396213,"0"
0.0031982225,0,"0"
0.004415313,0,"0"
0.033780634,0.97723013,"0"
0.01225328,0,"1"
0.0039268797,0,"0"
0.00020085646,0,"0"
0.8404904,0.5510942,"0"
0.0004558092,0,"0"
0.033026826,0.008711796,"0"
0.13849443,0,"0"
0.0057065594,0.99765587,"0"
0.00022723612,0,"0"
0.05220815,0.97368526,"0"
0.12673788,0,"0"
0.20619184,0.5589107,"0"
0.004829802,0,"0"
0.0071676527,0,"0"
1.846924e-05,0.08684668,"0"
0.3251643,0,"0"
0.23416112,0.84394914,"0"
0.15521976,0.69839764,"0"
0.0069671497,0.81041193,"0"
0.041497953,0.7520811,"0"
0.0029215557,0,"0"
0.025942532,0.7467311,"0"
0.1360823,0.87391067,"0"
0.000108641034,0,"0"
0.0061049038,0.87109035,"0"
0.0011030535,0,"0"
7.141724e-05,0.8956521,"0"
0.11646314,0,"0"
0.087474845,0.9737646,"0"
4.5803663e-06,0,"0"
0.040414173,0,"0"
0.003380922,0,"0"
0.023366693,0.92704624,"0"
0.2483439,0,"0"
0.00054934697,0.90341115,"0"
5.9148842e-05,0.43935147,"0"
0.024767494,0,"0"
0.0026999225,0.023641253,"0"
0.00916026,0,"0"
0.0034964222,0,"0"
0.052131783,0,"0"
0.00024953377,0,"0"
0.0057560042,0,"0"
0.69689375,0.71440953,"0"
0.017493643,0.9537423,"0"
0.14955993,0,"0"
0.009779202,0.12887979,"0"
0.0041505303,0.8129409,"0"
0.94384295,0.91369885,"0"
0.29056686,0.7580564,"0"
7.3621806e-05,0,"0"
0.2289421,0.8381544,"0"
0.14366008,0.69326806,"0"
0.012735742,0.99123245,"0"
0.10500471,0.106151104,"0"
0.03482976,0,"0"
0.00058863236,0,"0"
0.017915264,0,"0"
4.6355024e-05,0,"0"
0.00044471872,0.7141466,"0"
3.6824144e-07,0,"0"
0.00022880711,0,"0"
0.0088904565,0,"0"
0.0027384171,0.8536337,"0"
0.010628431,0.6712664,"0"
0.013573867,0.91130567,"0"
0.0013940703,0.26495135,"0"
0.011908107,0.3819566,"0"
0.117306285,0,"0"
0.00020778639,0.01315769,"0"
0.21887127,0.2235192,"0"
5.2969554e-05,0,"0"
0.0100740865,0.836282,"0"
1.5300651e-05,0.9101226,"0"
0.00054583326,0,"0"
9.1203314e-05,0.09123601,"0"
0.04142723,0,"0"
0.9379127,0,"0"
0.0011446091,0,"0"
8.443023e-08,0,"0"
4.8897033e-05,0.9472107,"0"
0.0035060295,0.7773385,"0"
0.0011749454,0,"0"
0.014457109,0.06432395,"0"
0.04214078,0,"0"
0.15743542,0.81777024,"0"
0.6993948,0,"0"
0.17732088,0.97420675,"0"
0.07733203,0,"0"
0.032839984,0,"0"
0.083937064,0.55409527,"0"
0.000313632,0.3590576,"0"
0.005162781,0,"0"
0.008389572,0.9575618,"0"
0.02328571,0,"0"
0.0041242717,0.049391408,"0"
4.2579725e-08,0.50251895,"0"
9.191515e-06,0,"0"
0.37357557,0,"0"
0.06699632,0.93236023,"0"
3.6883186e-05,0,"0"
0.32769617,0.983071,"0"
0.10416003,0,"0"
0.047035668,0,"0"
0.029576207,0.95835817,"0"
0.008389036,0.014706011,"0"
0.025445182,0.021843895,"0"
0.9567125,0.8308212,"0"
0.025012378,0.985957,"0"
0.001196399,0.36714256,"0"
0.104959235,0.7709814,"0"
0.0066366503,0.8453545,"0"
0.15848047,0,"0"
0.0030321663,0.014112352,"0"
0.03658618,0.48311946,"0"
0.0112380525,0,"0"
0.9303968,0,"0"
0.0013854805,0,"0"
0.035408124,0,"0"
0.01577951,0.004228659,"0"
0.112637304,0,"0"
0.17426024,0.87488884,"0"
0.0068586664,0.8967003,"0"
0.019365659,0.9493869,"0"
0.0014299095,0,"0"
0.09616088,0,"0"
1.2575047e-12,0.8598866,"0"
0.0006021661,0.33025265,"0"
0.0012008369,0,"0"
0.0025270418,0.93857837,"0"
0.2236746,0,"0"
0.048748437,0.9816558,"0"
0.0026153454,0.9844694,"0"
0.00037599073,0,"0"
0.00029582565,0.8885624,"0"
0.004097035,0.32447797,"0"
0.18668799,0.933926,"0"
0.0042020003,0.99480927,"0"
0.00058402197,0,"0"
3.4127908e-07,0.07021086,"0"
0.11856692,0.014136389,"0"
0.015031824,0.6779797,"0"
0.0011773838,0.9208811,"0"
0.008012482,0.95841074,"0"
0.08264646,0,"0"
0.032643054,0.9615881,"0"
0.12355996,0.8299459,"0"
0.0015490244,0.9146434,"0"
0.06656847,0,"0"
0.01609887,0,"0"
0.0061307196,0.74500346,"0"
0.0006761453,0.674815,"0"
0.0827019,0.8240177,"0"
0.05891819,0,"0"
0.05654078,0.9244777,"0"
0.00051663484,0.19022183,"0"
0.15973665,0.9095518,"0"
0.00045005657,0,"0"
0.0025020596,0,"0"
0.043894652,0.93340546,"0"
0.013622367,0,"0"
0.0008143729,0.98510736,"0"
0.0018566878,0,"0"
8.529776e-05,0.9544669,"0"
0.0042426283,0,"0"
0.0072460747,0.031457067,"0"
0.047762975,0,"0"
0.0039741453,0,"0"
0.00014788019,0.24873805,"0"
0.0005713059,0.38447458,"0"
0.00016224169,0,"0"
0.025860516,0.9498066,"0"
3.305469e-05,0.27048254,"0"
0.047044303,0,"0"
0.41083804,0,"0"
0.030156601,0.020966453,"0"
0.013852114,0.44321406,"0"
0.17874235,0,"0"
0.0521614,0.97865367,"0"
0.0053222068,0.9397036,"0"
0.028090782,0.9981294,"0"
0.10981289,0,"0"
0.103304155,0,"0"
0.1275028,0.9833266,"0"
0.006067334,0,"0"
0.0011740044,0,"0"
0.5156832,0.74565274,"0"
0.02763603,0.9485772,"0"
0.13329679,0.86424035,"0"
0.03728351,0.07443228,"0"
0.006689042,0,"0"
0.013419747,0,"0"
0.027568901,0.959021,"0"
0.011565261,0,"0"
1.213065e-05,0.02040792,"0"
0.000808409,0.16593623,"0"
0.5852322,0.9792586,"0"
0.0026612848,0.3324664,"0"
0.046698563,0.81394005,"0"
0.0035445557,0.8028602,"0"
0.009448425,0,"0"
0.0026008142,0,"0"
0.114387095,0.9773423,"0"
0.0009091366,0.9716029,"0"
0.44631517,0,"0"
0.000849195,0.76531184,"0"
0.05416083,0,"0"
0.0013097086,0,"0"
0.0169511,0.050661314,"0"
0.99491274,0.983827,"0"
0.030603306,0.86421335,"0"
0.10473212,0.9791632,"0"
0.06594723,0,"0"
3.564044e-05,0.98546356,"0"
3.4529514e-06,0,"0"
1.1353036e-05,0,"0"
0.0035382593,0,"0"
0.19731782,0.17756768,"0"
0.006337402,0.8318909,"0"
0.007934018,0,"0"
0.0014229735,0,"0"
0.051906362,0.9261335,"0"
0.0034946399,0,"0"
0.7443438,0.9691036,"0"
0.21524444,0,"0"
0.18813811,0.9797007,"0"
0.04190486,0,"0"
0.035920653,0.91044056,"0"
0.023103036,0.91220164,"0"
0.23678596,0.9791309,"0"
0.07019242,0.6381695,"0"
0.00060914067,0.03654373,"0"
0.031963594,0,"0"
0.0117120575,0.9976121,"0"
0.0003703165,0,"0"
0.013386003,0.030006278,"0"
0.19204828,0.6615376,"0"
0.00081412925,0.98871416,"0"
1.2833996e-05,0.949798,"0"
0.0064484323,0,"0"
2.6411613e-05,0.330129,"0"
0.29550645,0,"0"
0.00040507302,0,"0"
0.001280743,0.30860424,"0"
0.0026690012,0.011003583,"0"
0.06896374,0.08568197,"0"
0.033915173,0,"0"
0.0010699175,0.0031713033,"0"
0.008403989,0,"0"
0.037743147,0,"0"
0.00030428154,0.01608092,"0"
4.086682e-05,0,"0"
0.92228895,0.6641456,"0"
0.0009789739,0,"0"
0.002743302,0.93028367,"0"
0.44482276,0,"0"
0.025392922,0.7242716,"0"
0.0007152276,0.001460769,"0"
0.040924758,0.09021424,"0"
0.62739295,0,"0"
0.0347411,0,"0"
5.3678076e-07,0.99558556,"0"
3.86663e-05,0,"0"
0.06867715,0,"0"
0.086284034,0,"0"
0.0028128698,0.93859833,"0"
0.08970165,0.9553434,"0"
9.136442e-06,0,"0"
0.004215936,0,"0"
0.0015589218,0,"0"
0.0012839834,0.004026691,"0"
0.019526264,0.9296921,"0"
0.77958405,0.9758911,"0"
0.045783605,0,"0"
0.00015930196,0.41376016,"0"
0.0013838079,0.8814309,"0"
0.029746948,0,"0"
0.0010187018,0.57774013,"0"
0.00024491278,0.95894694,"0"
0.0027616338,0.7375197,"0"
0.050933585,0.8802177,"0"
0.016050264,0,"0"
0.016690377,0.5037692,"0"
0.010744955,0.88756484,"0"
0.6054973,0.74708074,"0"
0.051056877,0.829195,"0"
0.032981597,0.28679413,"0"
0.0045352145,0.93531007,"0"
0.004503982,0.018477753,"0"
3.948967e-05,0.94605595,"0"
0.25117567,0.88671637,"0"
0.21775208,0,"0"
0.00047351458,0,"0"
0.9219969,0.8631918,"0"
0.0011649072,0.9486871,"0"
0.0032219314,0.9773425,"0"
0.0024990956,0.8652626,"0"
0.75575936,0.6722135,"0"
0.99659497,0.9729019,"0"
0.0009249878,0.9899582,"0"
0.03481851,0.9569544,"0"
0.0005181871,0.9829968,"0"
0.027159179,0.032466613,"0"
0.011843971,0,"0"
0.0011134492,0,"0"
0.053979114,0,"0"
0.117486954,0.9832434,"0"
3.0457202e-05,0.97734034,"0"
0.0005148565,0,"0"
0.017978238,0,"0"
0.0027495567,0,"0"
0.0029091062,0.97683626,"0"
0.00016504798,0.9781862,"0"
0.19878705,0.017251216,"0"
0.081937596,0,"0"
0.008704934,0.9646359,"0"
2.3075087e-05,0,"0"
0.49014717,0,"0"
0.07640189,0,"0"
0.004428174,0.99904984,"0"
0.08563924,0.011221332,"0"
3.7475103e-05,0.92448777,"0"
0.00057081034,0,"0"
0.0007166417,0,"0"
7.0578346e-07,0,"0"
0.0005951878,0.99190664,"0"
0.00023808682,0.8871662,"0"
0.01829941,0.77801067,"0"
0.002027364,0,"0"
0.009225861,0.78748673,"0"
0.98338574,0.9369591,"0"
0.00610926,0.0020275656,"0"
0.0066815433,0.9636812,"0"
8.496831e-06,0.0016513852,"0"
0.068022944,0.015881533,"0"
0.008874299,0,"0"
0.9967794,0.33440185,"0"
0.00014573787,0.85137606,"0"
0.00025271624,0.90412956,"0"
3.712201e-05,0,"0"
0.012165614,0.8348344,"0"
0.00028584315,0,"0"
0.017734887,0.758897,"0"
0.0006376502,0.7059445,"0"
2.1812097e-13,0.9841632,"0"
0.001403697,0.7010468,"0"
3.8675933e-07,0.9903944,"0"
0.8952566,0.06396848,"0"
0.16992551,0,"0"
0.72859055,0.2547896,"0"
1.4427743e-06,0.95541984,"0"
0.00015545939,0,"0"
0.65706897,0.31248325,"0"
3.071865e-07,0.9915701,"0"
0.2030809,0,"0"
3.1405354e-05,0.9216673,"0"
2.9833159e-06,0,"0"
0.0062806937,0.9775878,"0"
0.0051375856,0.9671933,"0"
0.00959931,0.9618447,"0"
0.34896117,0,"0"
0.99989057,0,"0"
0.014898511,0.025696374,"0"
0.37819347,0.0046050563,"0"
0.0023163313,0.9960885,"0"
0.00013959427,0,"0"
0.00029920612,0.60696614,"0"
1.9461044e-05,0.07195328,"0"
0.53954154,0,"0"
0.00035883102,0,"0"
0.0007752093,0,"0"
0.0010365943,0.007928691,"0"
0.015516041,0,"0"
1.9563535e-05,0,"0"
0.00015027696,0.42356825,"0"
0.84335387,0.27001825,"0"
0.6162882,0,"0"
0.016864803,0,"0"
0.02743128,0,"0"
3.0817348e-06,0,"1"
0.0007573146,0,"1"
0.051760025,0,"1"
0.25907725,0,"1"
0.0056239683,0,"1"
0.7637615,0,"1"
0.51382357,0.15139452,"1"
0.01851173,0.29554763,"1"
2.8464307e-05,0.8222621,"1"
0.011690966,0,"1"
0.0071387156,0.9594959,"1"
1.7073542e-05,0,"1"
0.00049181166,0.5486776,"1"
0.019818312,0.3414346,"1"
0.10774299,0.8974987,"1"
9.093679e-05,0.83919126,"0"
0.05461273,0.8007219,"0"
0.5871741,0.9887384,"0"
0.600916,0.9954418,"0"
0.0710856,0,"0"
0.09264411,0.39196157,"0"
0.06390888,0,"0"
0.846279,0,"0"
0.20988667,0.61697453,"0"
0.004852607,0,"0"
0.002015578,0,"0"
0.01631373,0.76804084,"0"
6.579744e-06,0.08744057,"0"
0.8415108,0.32305795,"0"
0.7736811,0,"0"
0.09106518,0.1501838,"0"
0.041419726,0.39662164,"0"
0.07525063,0.80781657,"0"
0.002146798,0.36908334,"0"
0.08423933,0.70191777,"0"
0.00802424,0.9783958,"0"
0.18455431,0,"0"
0.023823338,0,"0"
0.01022869,0,"0"
0.018489555,0,"0"
0.3434199,0.9707634,"0"
0.04668443,0.9202193,"1"
0.031843152,0.3356405,"0"
0.043987177,0,"0"
0.00022636443,0,"0"
0.59775263,0.51267046,"0"
0.43398082,0.051560044,"0"
0.056720566,0.6950025,"0"
0.047632366,0.07418993,"0"
0.44259116,0,"0"
0.028141912,0,"0"
0.6102448,0.22548498,"0"
0.33001137,0.96534216,"0"
0.010210861,0.2534255,"0"
0.819127,0.022873178,"0"
0.07340044,0,"0"
0.004800759,0.2620754,"0"
0.5269078,0.35475066,"0"
0.70976883,0,"0"
0.014108691,0.36557224,"0"
0.0125246355,0,"0"
0.2874975,0.49768406,"0"
0.098742165,0,"0"
0.09303169,0,"0"
0.016958691,0,"0"
0.15007414,0.50038755,"0"
0.110823825,0.653082,"0"
0.04274773,0.24628901,"0"
0.0236269,0.030881278,"0"
0.96908283,0,"0"
0.8814096,0,"0"
0.0017569151,0.31142715,"0"
0.08534984,0,"0"
0.07534549,0,"0"
0.16012484,0,"0"
0.0024176203,0,"0"
0.03878575,0.83631575,"0"
0.26745704,0.16378523,"0"
0.018743414,0,"0"
0.9013521,0.23811617,"0"
0.000533302,0,"0"
0.0021987485,0,"0"
0.030926716,0,"0"
0.048940122,0,"0"
0.18517552,0.13665071,"0"
0.0033110422,0,"0"
0.5157614,0.6796031,"0"
0.00027883824,0.02457634,"0"
0.0004822341,0.97175986,"0"
0.9090231,0,"0"
0.00026967374,0,"0"
0.001577806,0,"0"
0.035932064,0.96793824,"0"
0.05925699,0,"0"
0.011992957,0,"0"
0.2742812,0.03684175,"0"
0.05854111,0,"0"
0.21563454,0.049284577,"0"
0.36316326,0,"0"
0.86196303,0.08654514,"0"
0.0018356266,0.024690973,"0"
0.0021320528,0.820087,"0"
0.103190616,0.012321056,"0"
0.40807864,0,"0"
0.5861885,0.17196953,"0"
0.030567877,0,"0"
0.21401554,0.13307701,"0"
0.0056626573,0,"0"
0.005488598,0,"0"
0.00033387155,0.12135536,"0"
0.0023944322,0,"0"
0.9909531,0,"0"
0.0041566603,0.8573183,"0"
0.00035085462,0.022273524,"0"
0.13683516,0,"0"
0.26128873,0,"0"
0.04342891,0,"0"
0.50421184,0.4587907,"0"
0.6264935,0,"0"
0.14824961,0,"0"
0.000726946,0,"0"
0.9912937,0,"0"
0.100524865,0,"0"
0.047614135,0,"0"
0.15817222,0,"0"
0.02783441,0.70641553,"0"
0.3409463,0.05797693,"0"
0.14940949,0,"0"
0.18012516,0.6587039,"0"
0.13601781,0.5345958,"0"
0.89436364,0,"0"
0.093753494,0.13515338,"0"
0.013001826,0.010897649,"0"
0.10201355,0.91244096,"0"
0.009143514,0,"0"
0.030406157,0.072157845,"0"
0.00071185455,0.09534735,"0"
0.027760714,0.48964757,"0"
0.13245717,0,"0"
0.14892071,0,"0"
0.33037916,0,"0"
0.20357908,0,"0"
0.050095502,0.10925648,"0"
0.12187514,0,"0"
0.07519156,0,"0"
0.005639127,0.46858528,"0"
0.008971762,0.018524015,"0"
0.9861972,0.1024514,"0"
0.0029355534,0,"0"
0.003174137,0,"0"
0.97974694,0,"0"
0.14419568,0,"0"
0.5626951,0.58974254,"0"
0.35792226,0.9963403,"0"
0.123777,0,"0"
0.0002641026,0,"0"
0.018707918,0,"0"
0.034934703,0.0029539778,"0"
0.24866451,0.024440007,"0"
0.0002622296,0.5860256,"0"
0.0026469762,0,"0"
0.0064938692,0.024721298,"0"
0.009196223,0.66351736,"0"
0.02521373,0.71978754,"0"
0.31522396,0.02504561,"0"
0.90037465,0.0019221104,"0"
0.03784285,0,"0"
0.98849106,0,"0"
0.06551512,0,"0"
0.064869635,0.68230504,"0"
0.024345329,0.10800249,"0"
0.0002577839,0,"0"
0.1679657,0,"0"
0.011312868,0.8332392,"0"
0.04203641,0,"1"
0.00033468677,0,"0"
0.82452196,0,"0"
0.012630632,0,"0"
0.3494549,0,"0"
0.99915206,0.48195782,"0"
0.019843495,0,"0"
0.26980025,0.24095513,"0"
0.03942424,0.86182904,"0"
0.01350687,0,"0"
0.36140352,0.33682,"0"
0.007816173,0.08562345,"0"
0.19448201,0.9006818,"0"
0.03618149,0,"0"
0.003964501,0.17845084,"0"
0.14782728,0,"0"
0.022868956,0.13711871,"0"
0.33180398,0,"0"
0.37645498,0.31062728,"0"
0.67892754,0.74518836,"0"
0.0053271092,0.0076741935,"0"
0.061390486,0.9412597,"0"
0.0009383372,0,"0"
0.17567256,0,"0"
0.46308863,0,"0"
0.00048484333,0.7736467,"0"
0.016492072,0.19699675,"0"
0.0015908238,0.4679577,"0"
0.05917278,0,"0"
0.6160156,0,"0"
0.941833,0.12495445,"0"
0.009799868,0.8745864,"0"
0.015533211,0,"0"
0.0006119049,0,"0"
0.0021727465,0.6925633,"0"
0.7685724,0,"0"
0.69774956,0,"0"
0.08225884,0,"0"
0.035453152,0.003456505,"0"
0.024079122,0,"0"
0.12671068,0.97798425,"0"
0.072915226,0,"0"
0.002948522,0.9976046,"0"
0.44846013,0,"0"
0.05525903,0.94039136,"0"
0.36187565,0,"0"
0.5890884,0.08648298,"0"
0.00023203439,0,"0"
0.017813506,0.46604502,"0"
0.15455103,0,"0"
0.760843,0.04562568,"0"
0.29667684,0.0782637,"1"
0.0061792675,0.08051193,"0"
0.9084378,0.18725231,"0"
0.0061118924,0,"0"
0.14381157,0.072283104,"0"
0.003699972,0.058498498,"0"
3.954469e-05,0,"0"
0.06785253,0.11967544,"0"
0.011043366,0,"0"
0.08427336,0.9705208,"0"
0.5628594,0,"0"
9.416403e-10,0.75227815,"0"
0.15029992,0.18621045,"0"
0.056415193,0,"0"
0.006310345,0,"0"
0.9994911,0,"0"
0.207459,0,"0"
0.26125744,0.3628564,"0"
9.969541e-05,0.8943431,"0"
0.3531481,0,"0"
0.08372566,0.5697708,"0"
0.7144234,0,"0"
0.115495674,0,"0"
0.8460118,0,"0"
0.0003504062,0,"0"
0.21950497,0,"0"
0.027998108,0.14465494,"0"
0.35326704,0.15772945,"0"
0.0040704487,0,"0"
0.0028642877,0.008532777,"0"
0.036378372,0.13673282,"0"
0.31306866,0.56846684,"0"
0.8644726,0.4064388,"0"
0.06481296,0,"0"
0.05086949,0.66416115,"0"
0.038875777,0.02692205,"0"
0.035057846,0.982625,"0"
0.8696615,0.024132786,"0"
0.21183234,0,"0"
0.14800026,0,"0"
0.39041913,0,"0"
0.03663521,0.90277183,"0"
0.010240576,0,"0"
0.014875741,0,"0"
0.017914021,0,"0"
0.0057319175,0.13652244,"0"
0.2534085,0.9784158,"0"
0.018569997,0.05836058,"0"
0.004715439,0.1231766,"0"
0.031333186,0,"0"
0.06251662,0.7114034,"0"
0.5289482,0.8234556,"0"
0.009534888,0,"0"
0.4609333,0.07766121,"0"
0.0020949335,0.10403003,"0"
0.049533878,0.9142203,"0"
0.27335238,0,"0"
0.0077007753,0,"0"
0.05008213,0,"0"
0.012354757,0,"0"
0.013626193,0,"0"
5.0958595e-05,0.47599137,"0"
0.21915781,0.5556695,"0"
0.060310446,0,"0"
0.11810214,0.22242284,"0"
0.0043132952,0,"0"
0.00069742266,0.081128895,"0"
0.3889816,0,"0"
0.04387506,0.29748482,"0"
0.005433711,0,"0"
0.7652958,0,"0"
0.4869062,0.107182115,"0"
0.015810963,0,"0"
0.12116767,0.9778187,"0"
0.03392019,0,"0"
0.16003618,0.12516823,"0"
0.048613705,0,"0"
0.004769366,0.76244277,"0"
0.0002949529,0.7881507,"0"
4.7982016e-05,0,"0"
0.5056754,0,"0"
0.19794951,0.3869832,"0"
0.0008796925,0,"0"
0.032904472,0.32685295,"0"
0.006751583,0,"0"
0.046061814,0,"0"
0.00442615,0.1578464,"0"
0.044678364,0.66877437,"0"
0.05707335,0.25211704,"0"
0.0029955776,0.96936923,"0"
0.012125338,0.57468975,"0"
0.0063008526,0.124767855,"0"
0.1485374,0.33728108,"0"
0.15571804,0.52843434,"0"
0.087975286,0,"0"
0.00072006497,0.82961494,"0"
0.005243356,0,"0"
0.33906874,0,"0"
0.023379419,0,"0"
0.0043693297,0.6903558,"0"
0.00051438855,0,"0"
0.83790576,0.081327364,"0"
0.010578929,0.56374127,"0"
0.36738044,0.277957,"0"
0.46967968,0,"0"
0.0070088315,0,"0"
0.49818367,0.2165828,"0"
0.0013186642,0,"0"
0.00449668,0.27448738,"0"
0.0059892996,0,"0"
0.0011449995,0.4217535,"0"
8.399676e-05,0.7432657,"0"
0.119489275,0,"0"
0.13930292,0.10804499,"0"
0.026265591,0.38886794,"0"
0.0044584977,0.046379663,"0"
0.03162582,0.7060255,"0"
0.024411824,0,"0"
0.01176936,0.79637265,"0"
0.049013134,0,"0"
0.06682766,0.5257492,"0"
0.0028665345,0.09342972,"0"
5.067897e-05,0.052991845,"0"
0.568352,0,"0"
0.00077012915,0.31201088,"0"
0.03591213,0.09502086,"0"
0.10187656,0.36176062,"0"
0.023020508,0,"0"
0.28138712,0,"0"
0.0016609541,0.22806169,"0"
0.05508009,0.22588825,"0"
0.047163796,0.5808209,"0"
0.15653501,0.87314576,"0"
0.022912707,0.20859317,"0"
4.721798e-05,0,"0"
0.06975144,0,"0"
0.22471985,0.3788379,"0"
0.0072465306,0,"0"
0.0037631982,0.18693049,"0"
0.0034650103,0,"0"
0.002964717,0.42178166,"0"
0.0034996916,0,"0"
0.010423147,0.4250767,"0"
0.09138504,0,"0"
0.07961418,0,"0"
0.018763963,0.5502116,"0"
0.00017179565,0.02270429,"0"
0.33819827,0.12260272,"0"
0.5308299,0,"0"
0.087980874,0.25601575,"0"
1.141187e-05,0.05879902,"0"
0.010905357,0,"0"
1.009301e-05,0.10423915,"0"
0.057476886,0,"0"
0.121688195,0.5653811,"0"
0.0015465175,0.75985557,"0"
0.11859338,0,"0"
0.75625515,0.44827664,"0"
0.0020238436,0.4063052,"0"
0.12921374,0.97762066,"0"
0.6174274,0,"0"
0.05307742,0.50111884,"0"
0.0059461403,0,"0"
0.9578439,0.2658276,"0"
0.9313963,0.37116697,"0"
0.390981,0.20295186,"0"
0.3381413,0.7439016,"0"
0.9271728,0,"0"
0.10171032,0,"0"
0.17294897,0.16315366,"0"
0.18379779,0,"0"
0.25939658,0.2592285,"0"
0.001714653,0.34215704,"0"
0.008139132,0.8959186,"0"
0.08220303,0.9563628,"0"
0.20052762,0,"0"
0.6979733,0.84050846,"0"
0.016117584,0.038976893,"0"
0.07498054,0.6793444,"0"
0.0031692674,0,"0"
0.7550267,0,"0"
3.537004e-05,0.09480381,"0"
0.048959922,0,"0"
0.94662446,0,"0"
0.0028274716,0.9928901,"0"
0.03285762,0,"0"
0.48280475,0,"0"
0.9218055,0.6514804,"0"
0.13972735,0.4329233,"0"
0.00073686795,0.5785644,"0"
0.8848401,0.6089643,"0"
0.0007598809,0,"0"
0.000868199,0.21173866,"0"
6.499711e-05,0,"0"
0.00038286962,0,"0"
0.13585481,0,"0"
0.1241835,0.13281043,"0"
0.0022448387,0.007480252,"0"
0.00069831585,0,"0"
0.0007239797,0,"0"
0.0028818578,0.5090926,"0"
0.0008606674,0,"0"
0.99691784,0.32485077,"0"
0.0013452824,0,"0"
0.22258899,0.73327774,"0"
0.0025989164,0,"0"
0.013936734,0.14206143,"0"
0.28984088,0.11325175,"0"
3.782268e-05,0.6025107,"0"
0.005261164,0.18239066,"0"
0.9584978,0.019247523,"0"
0.24264939,0,"0"
0.410459,0.93040544,"0"
0.04884077,0,"0"
0.6376045,0.3843154,"0"
0.001901701,0.08386675,"0"
0.0021888898,0.35709077,"0"
9.487485e-07,0.60796744,"0"
0.01941727,0,"0"
0.012262944,0.9493106,"0"
4.8969296e-06,0,"0"
0.0006180439,0,"0"
0.031085959,0.8227625,"0"
0.70744836,0.48783484,"0"
1.710447e-07,0.94441134,"0"
0.18640088,0,"0"
0.011265611,0.10172113,"0"
0.0011754615,0,"0"
0.0010997887,0,"0"
0.00010836261,0.5179436,"0"
0.00019047904,0,"0"
0.99393094,0.038000755,"0"
0.00041752408,0,"0"
0.07804896,0.3077871,"0"
0.0005394218,0,"0"
0.0046109245,0.1952704,"0"
0.0021184022,0.7649854,"0"
0.018536013,0,"0"
0.00024867945,0,"0"
0.017252712,0.9621498,"0"
0.43153647,0,"0"
0.00028215832,0,"0"
0.0001415379,0.26292422,"0"
0.09353012,0.19744839,"0"
0.022140227,0,"0"
0.00052621926,0,"0"
0.015476662,0,"0"
6.320309e-05,0.19588111,"0"
0.003657312,0.38912922,"0"
0.030414298,0.16780521,"0"
0.001122385,0,"0"
0.0014870649,0.17484057,"0"
0.1024519,0.4551424,"0"
0.013724365,0.38203275,"0"
0.0015254203,0.6695639,"0"
0.013943426,0.077123895,"0"
0.02568469,0.15123186,"0"
0.23327857,0.7400203,"0"
0.053298254,0,"0"
0.09886158,0.052359644,"0"
0.20333955,0.92954415,"0"
0.016919775,0.08628892,"0"
0.026140342,0.64136356,"0"
0.010803884,0.97168374,"0"
0.015064779,0.43949234,"0"
0.0070091966,0.63533235,"0"
1.3166296e-07,0.73382837,"0"
0.06436549,0.16133113,"0"
0.05483076,0,"0"
0.26415157,0,"0"
0.11430522,0.3926537,"0"
0.90412456,0.9658454,"0"
0.005111602,0.19102478,"0"
0.0015434567,0.71935517,"0"
3.50758e-05,0.35537753,"0"
0.9946996,0.18155798,"0"
6.0580924e-06,0.10113751,"0"
0.0032057697,0.27011177,"0"
0.00030181042,0.58471495,"0"
0.008924541,0.9280202,"0"
0.0113057075,0,"0"
0.013800329,0,"0"
1.2924119e-06,0,"0"
0.98285955,0.38102278,"0"
0.13902545,0.8969008,"0"
0.13777654,0,"0"
0.0073033934,0,"0"
0.09060492,0,"0"
0.3281957,0.15554337,"0"
0.7331879,0.81164765,"0"
0.14617884,0,"0"
0.00015323739,0,"0"
0.0017814612,0,"0"
0.0005196936,0.8553058,"0"
0.25041586,0,"0"
0.99773204,0.39388588,"0"
0.015751526,0.66516256,"0"
0.22218274,0,"0"
0.7243382,0,"0"
0.02692166,0,"0"
0.0005543087,0.258718,"0"
0.00018965376,0.38558757,"0"
0.15893051,0.60532403,"0"
0.01268152,0.12644508,"0"
0.002591777,0.20668149,"0"
0.10592617,0.52069277,"0"
0.0014361707,0.36430627,"0"
1.9424325e-10,0.1052818,"0"
0.24333647,0.9176088,"0"
0.23515971,0,"0"
1.4973182e-05,0.39215198,"0"
9.114216e-07,0.14406581,"0"
3.9978928e-05,0.10284661,"0"
0.03758372,0,"0"
0.82324517,0,"0"
0.00046031046,0.693374,"0"
0.019419858,0,"0"
0.0015101036,0.24871093,"0"
0.09019171,0.6940759,"0"
0.0046684784,0.5431672,"0"
0.039237086,0.15404427,"0"
8.0200125e-06,0.7066494,"0"
0.0005340967,0.63430494,"0"
0.21716963,0,"0"
0.05215483,0.112699285,"0"
0.0055389456,0.61800706,"0"
0.040617183,0,"0"
5.83565e-05,0.79380655,"0"
0.41436455,0,"0"
1.8364261e-06,0.36753047,"0"
0.9005949,0,"0"
0.9983726,0.5672873,"0"
0.0044123246,0.7314104,"0"
0.0015490407,0.16900332,"0"
0.000110125264,0,"0"
0.00083184877,0,"0"
0.0017838879,0.38413298,"0"
0.004551853,0,"0"
0.018641803,0.80153364,"0"
8.800013e-05,0.010393551,"0"
0.114591606,0,"0"
0.0011009843,0,"0"
0.751032,0,"0"
0.00083366595,0,"0"
0.0072351815,0.15102416,"0"
2.6701284e-05,0,"0"
0.9953565,0,"0"
0.000116853575,0.03828686,"0"
4.397111e-06,0.012722158,"0"
2.9056164e-05,0,"0"
0.47017762,0,"0"
0.013713596,0,"0"
0.004788445,0,"0"
0.011380186,0,"0"
0.028080164,0,"0"
0.3512034,0,"0"
0.0032767945,0,"0"
0.004417055,0,"0"
0.9237617,0,"0"
0.003981854,0,"0"
0.28857574,0,"0"
0.122548565,0,"0"
0.2339827,0,"0"
0.11143542,0,"0"
0.019390821,0,"0"
0.051446147,0,"0"
0.009359037,0,"0"
0.7753925,0,"0"
0.091335595,0,"0"
0.95968276,0,"0"
0.96459556,0,"0"
0.28170803,0,"0"
0.029231451,0,"0"
0.0028653555,0,"0"
0.40543613,0,"0"
0.11596634,0,"0"
0.0039047878,0,"0"
0.09292191,0,"0"
0.13785663,0,"0"
0.3964302,0,"0"
0.022516724,0,"0"
0.09912433,0,"0"
0.077111915,0,"0"
0.009212669,0,"0"
0.039108977,0,"0"
0.1339009,0,"0"
0.022317471,0,"0"
0.022592958,0,"0"
0.015767591,0,"0"
0.037243858,0,"0"
0.05024034,0,"0"
0.37558094,0,"0"
0.083049074,0,"0"
0.0053320075,0,"0"
0.20143892,0,"0"
0.0638831,0,"0"
0.1290572,0,"0"
0.021752764,0,"0"
0.04849195,0,"0"
0.26239955,0,"0"
0.010342224,0,"0"
0.030984132,0,"0"
0.05198829,0,"0"
0.6421961,0,"0"
0.07514273,0,"0"
0.03492281,0,"0"
0.01525862,0,"0"
0.02543194,0,"0"
0.22442913,0,"0"
0.008219171,0,"0"
0.04316075,0,"0"
0.008910284,0,"0"
0.100361034,0,"0"
0.03666975,0,"0"
0.19593844,0,"0"
0.04440352,0,"0"
0.34907115,0,"0"
0.04293615,0,"0"
0.42328274,0,"0"
0.010655783,0,"0"
0.956665,0,"0"
0.47070163,0,"0"
0.037026573,0,"0"
0.12097112,0,"0"
0.47912136,0,"0"
0.039681558,0,"0"
0.0008324038,0,"0"
0.058182426,0,"0"
0.062408976,0,"0"
0.02660901,0,"0"
0.046621867,0,"0"
0.017326234,0,"0"
0.039036322,0,"0"
0.6964636,0,"0"
2.3950879e-05,0,"1"
0.13358477,0,"0"
0.0055978587,0,"0"
0.11338782,0,"0"
0.42503947,0,"0"
0.018462647,0,"0"
0.0023670143,0,"0"
0.0013544706,0,"0"
0.32522812,0,"0"
0.003446906,0,"0"
0.07355236,0,"0"
0.98325217,0,"0"
0.0067379302,0,"0"
0.04063183,0,"0"
0.048439287,0,"0"
0.39980868,0,"0"
0.007687637,0,"0"
0.8435452,0,"0"
0.30334088,0,"0"
0.053605884,0,"0"
0.015550427,0,"0"
0.058805577,0,"0"
0.06242487,0,"0"
0.001780744,0,"0"
0.038863312,0,"0"
0.021870084,0,"0"
0.013264897,0,"0"
0.020243093,0,"0"
0.014305475,0,"0"
0.0011732945,0,"0"
0.01634866,0,"0"
0.23814638,0,"0"
0.048739288,0,"0"
0.085544154,0,"0"
0.016540125,0,"0"
0.032139085,0,"0"
0.012904648,0,"0"
0.1496576,0,"0"
0.16501793,0,"0"
0.0039918367,0,"0"
0.36163878,0,"0"
0.6277885,0,"0"
0.02629368,0,"0"
0.061544225,0,"0"
0.070554994,0,"0"
0.0012877703,0,"0"
0.011374222,0,"0"
0.0038966562,0,"0"
0.04035397,0,"0"
0.032583192,0,"0"
0.34177965,0,"0"
8.051791e-05,0,"0"
0.9959239,0,"0"
0.07402049,0,"0"
0.66515195,0,"0"
0.16427457,0,"0"
0.22295561,0,"0"
0.69400746,0,"0"
0.1332543,0,"0"
0.592484,0,"0"
0.40410805,0,"0"
0.6960395,0,"0"
0.0027219208,0,"0"
0.02005809,0,"0"
0.01962367,0,"0"
0.2194574,0,"0"
0.2942429,0,"0"
0.6306986,0,"0"
0.003660723,0,"0"
0.0068016374,0,"0"
0.0033426764,0,"0"
0.003031792,0,"0"
0.011372104,0,"0"
0.16168714,0,"0"
0.09662664,0,"0"
0.054420516,0,"0"
0.037733894,0,"0"
0.58462024,0,"0"
0.19142039,0,"0"
0.05658852,0,"0"
0.38276803,0,"0"
0.05713119,0,"0"
0.9389264,0,"0"
0.0004701858,0,"0"
0.0043171407,0,"0"
0.030800292,0,"0"
0.9767983,0,"0"
0.39496976,0,"0"
0.020349039,0,"0"
0.058344346,0,"0"
0.005867174,0,"0"
0.70954686,0,"0"
0.015646594,0,"0"
0.57089835,0,"0"
0.002325417,0,"0"
0.057728417,0,"0"
0.0014668851,0,"0"
0.396644,0,"0"
0.60277617,0,"0"
0.20398521,0,"0"
0.07293379,0,"0"
0.053274952,0,"0"
0.027913537,0,"0"
0.7924088,0,"0"
0.02296595,0,"0"
0.4876008,0,"0"
0.06788417,0,"0"
0.016695173,0,"0"
0.010348097,0,"0"
0.058736205,0,"0"
0.6349904,0,"0"
0.009801627,0,"0"
0.02539901,0,"0"
0.0035427338,0,"0"
0.009660573,0,"0"
0.13451962,0,"0"
0.34885478,0,"0"
0.055608295,0,"0"
0.00092063285,0,"0"
0.28976372,0,"0"
0.038030118,0,"0"
0.00043944432,0,"0"
0.001621343,0,"0"
0.0016423878,0,"0"
0.04073204,0,"0"
0.33332145,0,"0"
0.011357939,0,"0"
0.0033570777,0,"0"
0.19605292,0,"0"
0.047056403,0,"0"
0.11117501,0,"0"
0.2642092,0,"0"
0.02142682,0,"0"
0.28402817,0,"0"
0.26517183,0,"0"
0.0013738615,0,"0"
0.0018029166,0,"0"
0.051309474,0,"0"
0.03563623,0,"0"
0.028510744,0,"0"
0.0448779,0,"0"
0.015263047,0,"0"
0.34486854,0,"0"
0.044091,0,"0"
0.33466345,0,"0"
0.0011126847,0,"0"
0.014602881,0,"0"
0.017677471,0,"0"
0.11175823,0,"0"
0.26100177,0,"0"
0.030412937,0,"0"
0.0071974597,0,"0"
0.0011991166,0,"0"
0.0008459141,0,"0"
0.015620829,0,"0"
0.31842813,0,"0"
0.2459629,0,"0"
0.009369517,0,"0"
0.007692549,0,"0"
0.032306507,0,"0"
0.02397221,0,"0"
0.0012832131,0,"0"
0.12733863,0,"0"
0.08969998,0,"0"
0.25864014,0,"0"
0.009233069,0,"0"
0.58884853,0,"0"
0.0015587497,0,"0"
0.16354747,0,"0"
0.04643387,0,"0"
0.03545628,0,"0"
0.0883329,0,"0"
0.008534028,0,"0"
0.050008085,0,"0"
0.0042914627,0,"0"
0.1661005,0,"0"
0.001090566,0,"0"
0.76168627,0,"0"
0.014540422,0,"0"
0.026609728,0,"0"
0.009534447,0,"0"
0.23970698,0,"0"
0.011765384,0,"0"
0.044804376,0,"0"
0.030185217,0,"0"
0.0017616953,0,"0"
0.27523845,0,"0"
0.015706886,0,"0"
0.00026312165,0,"0"
0.0064750845,0,"0"
0.0019325562,0,"0"
0.057301033,0,"0"
0.98538035,0,"0"
0.0790407,0,"0"
0.016085755,0,"0"
0.005646504,0,"0"
0.008053984,0,"0"
0.030288728,0,"0"
0.045024633,0,"0"
0.0063762013,0,"0"
0.07877242,0,"0"
0.06736745,0,"0"
0.33467844,0,"0"
0.009787517,0,"0"
0.009697314,0,"0"
0.7912963,0,"0"
0.014518807,0,"0"
0.11304694,0,"0"
0.015140923,0,"0"
0.06979248,0,"0"
0.93458325,0,"0"
0.1511648,0,"0"
0.016301239,0,"0"
0.0009006788,0,"0"
0.39504185,0,"0"
0.026848791,0,"0"
0.005629112,0,"0"
0.0021201326,0,"0"
0.39004624,0,"0"
0.03393502,0,"0"
0.031250164,0,"0"
0.01061344,0,"0"
0.35373405,0,"0"
0.049979363,0,"0"
0.10910491,0,"0"
0.76508445,0,"0"
0.0022210788,0,"0"
0.016042124,0,"0"
0.076195486,0,"0"
0.0022361267,0,"0"
0.25820506,0,"0"
0.33034417,0,"0"
0.021071982,0,"0"
0.16000064,0,"1"
0.010876596,0,"0"
0.0046975026,0,"0"
0.007643584,0,"0"
0.00086208066,0,"0"
0.008959162,0,"0"
0.003163667,0,"0"
0.0061424747,0,"0"
0.11104874,0,"0"
0.72861904,0,"0"
0.21497935,0,"0"
0.011109031,0,"0"
0.02602421,0,"0"
0.03090613,0,"0"
0.0015581814,0,"0"
0.020699395,0,"0"
0.01260288,0,"0"
0.15847361,0,"0"
0.14197932,0,"0"
0.15314247,0,"0"
0.0004125178,0,"0"
0.002610366,0,"0"
0.02447567,0,"0"
0.002070881,0,"0"
0.17246936,0,"0"
5.1972136e-05,0,"0"
0.045260653,0,"0"
0.011949113,0,"0"
0.00877268,0,"0"
0.00045262036,0,"0"
0.47292557,0,"0"
0.15673672,0,"0"
0.028253777,0,"0"
0.0025744226,0,"0"
0.0080527915,0,"0"
0.03892129,0,"0"
0.4746101,0,"0"
0.020389296,0,"0"
0.036094245,0,"0"
0.007410965,0,"0"
0.052337393,0,"0"
0.015931124,0,"0"
0.1561323,0,"0"
0.0038553395,0,"0"
0.3572431,0,"0"
0.29691166,0,"0"
0.19466019,0,"0"
0.0033324033,0,"0"
0.9622016,0,"0"
0.02294994,0,"0"
0.0112471115,0,"0"
0.019718714,0,"0"
0.0007399747,0,"0"
0.0052706534,0,"0"
0.056004748,0,"0"
0.06760287,0,"0"
0.0050345487,0,"0"
0.014599621,0,"0"
0.0008780683,0,"0"
0.038426884,0,"0"
0.0020591032,0,"0"
0.108840846,0,"0"
0.020649865,0,"0"
0.3300704,0,"0"
0.0040641986,0,"0"
0.5394619,0,"0"
0.00079512165,0,"0"
0.03896892,0,"0"
0.052475754,0,"0"
0.6352998,0,"0"
0.005884596,0,"0"
0.04078868,0,"0"
0.10206987,0,"0"
0.0022522395,0,"0"
0.06388128,0,"0"
0.0041528074,0,"0"
0.14199339,0,"0"
0.00721605,0,"0"
0.027680555,0,"0"
0.015816068,0,"0"
0.14963731,0,"0"
0.00015717781,0,"0"
0.014788298,0,"0"
0.1303726,0,"0"
0.080641314,0,"0"
0.035916787,0,"0"
0.0053737503,0,"0"
0.0057786736,0,"0"
0.012648956,0,"0"
0.0066902777,0,"0"
0.0015830195,0,"0"
0.0071135,0,"0"
0.0041248812,0,"0"
0.026328005,0,"0"
0.05053103,0,"0"
0.030952336,0,"0"
0.05308494,0,"0"
0.06383068,0,"0"
0.09417847,0,"0"
0.0077078072,0,"0"
0.51818466,0,"0"
0.0069133975,0,"0"
0.0009448945,0,"0"
0.19605552,0,"0"
0.027670417,0,"0"
0.0079826685,0,"0"
0.039080173,0,"0"
0.11873289,0,"0"
0.00424025,0,"0"
0.08449345,0,"0"
0.042137112,0,"0"
0.0052647986,0,"0"
0.35481367,0,"0"
0.14762862,0,"0"
0.9941256,0,"0"
0.0076773455,0,"0"
0.008334403,0,"0"
0.36689287,0,"0"
0.035150554,0,"0"
0.5073861,0,"0"
0.08904107,0,"0"
0.30432588,0,"0"
0.16212519,0,"0"
0.000106874,0,"0"
0.0014229565,0,"0"
0.0014534405,0,"0"
0.122306325,0,"0"
0.0072135776,0,"0"
0.001142535,0,"0"
0.0025233764,0,"0"
0.0051067593,0,"0"
0.39420998,0,"0"
0.36306632,0,"0"
0.0040366603,0,"0"
0.00013453567,0,"0"
0.041391473,0,"0"
0.07998195,0,"0"
0.024283992,0,"0"
0.062078126,0,"0"
0.046963625,0,"0"
0.014178655,0,"0"
0.14575045,0,"0"
0.030786872,0,"0"
0.0016933058,0,"0"
0.011593952,0,"0"
0.073975295,0,"0"
0.00035368145,0,"0"
0.0008134577,0,"0"
7.203913e-05,0,"0"
0.0004868834,0,"0"
0.6229324,0,"0"
0.012391894,0,"0"
0.01436436,0,"0"
0.04865885,0,"0"
0.017215569,0,"0"
0.0015275032,0,"0"
0.0052512065,0,"0"
0.0005277603,0,"0"
0.0001162144,0,"0"
0.4137412,0,"0"
0.88247454,0,"0"
0.041478574,0,"0"
0.000107020045,0,"0"
0.110010296,0,"0"
0.040848874,0,"0"
0.0004630633,0,"0"
0.0740352,0,"0"
0.38562697,0,"0"
0.50004804,0,"0"
0.002196628,0,"0"
0.012084713,0,"0"
0.033988837,0,"0"
0.017561007,0,"0"
0.0040544937,0,"0"
0.8959683,0,"0"
0.0056018042,0,"0"
0.005905051,0,"0"
1.9183813e-05,0,"0"
0.34243008,0,"0"
0.016319694,0,"0"
0.0023039456,0,"0"
0.8623663,0,"0"
0.0055068084,0,"0"
0.0025854756,0,"0"
0.38144663,0,"0"
0.9999995,0,"0"
0.0014900557,0,"0"
0.1635373,0,"0"
0.010628286,0,"0"
1,0,"0"
0.32672277,0,"0"
0.00030262844,0,"0"
0.00075113314,0,"0"
0.8322984,0,"0"
0.0005425416,0,"0"
0.0073824255,0,"0"
0.0009250895,0,"0"
0.008979957,0,"0"
0.1084202,0,"0"
0.14454271,0,"0"
0.15292634,0,"0"
0.520018,0,"0"
0.0038355414,0,"0"
0.9132503,0,"0"
0.00826506,0,"0"
0.14988275,0,"0"
0.3189484,0,"0"
0.0060468717,0,"0"
0.0098390775,0,"0"
0.0146425115,0,"0"
0.032680973,0,"0"
0.00064049766,0,"0"
0.0018665768,0,"0"
2.6813506e-05,0,"0"
0.0071371333,0,"0"
0.0049268915,0,"0"
1.5620619e-05,0,"0"
0.9858915,0,"0"
0.80447435,0,"0"
1.8590322e-06,0,"0"
0.96117187,0,"1"
0.018235028,0,"0"
0.00412022,0,"0"
7.079369e-05,0,"0"
0.012409805,0,"0"
0.13514224,0,"0"
0.93981236,0,"0"
7.639281e-05,0,"0"
0.43511128,0,"0"
9.274938e-05,0,"0"
0.0006192231,0,"0"
0.051194955,0,"0"
0.0012410199,0,"0"
0.0004138446,0,"0"
0.03530812,0,"0"
0.021727988,0,"0"
0.0005547546,0,"0"
0.01864894,0,"0"
0.00064181874,0,"0"
0.00036758115,0,"0"
0.23026995,0,"0"
0.91305393,0,"0"
0.00039805027,0,"0"
0.00029304522,0,"0"
0.0017220195,0,"0"
6.522038e-05,0,"0"
0.04905377,0,"0"
0.00046402303,0,"0"
1.580116e-05,0,"0"
0.0006330024,0,"0"
0.0025186997,0,"0"
0.00012489251,0,"0"
0.9920867,0,"0"
5.3487805e-05,0,"0"
0.03321509,0,"0"
6.787742e-05,0,"0"
0.01506935,0,"0"
0.003151778,0,"0"
0.0006503853,0,"0"
0.0024472985,0,"0"
0.0051869415,0,"0"
7.133333e-08,0,"0"
0.00014300029,0,"0"
0.124144845,0,"0"
1.2100226e-06,0,"0"
0.06827389,0.9083389,"0"
0.0054713003,0.62809813,"1"
0.19893049,0.9551008,"1"
7.638953e-05,0,"0"
7.437629e-05,0.5404944,"0"
0.12745395,0,"0"
1.3687594e-05,0,"0"
0.065442525,0,"0"
0.0014274456,0.9011084,"0"
0.002665656,0,"0"
0.63048464,0,"0"
0.00011241437,0,"0"
0.0069625354,0.7769544,"1"
0.2424466,0.81971425,"1"
0.13750054,0,"1"
0.020891022,0.95092547,"0"
0.9903722,0.41369268,"1"
0.010275442,0.85335875,"0"
0.0009915225,0.9773936,"0"
0.01593956,0,"0"
0.0012597032,0.16619998,"0"
0.010043016,0,"1"
0.022212796,0.80968744,"0"
0.0007200831,0.57094187,"0"
0.06543918,0.660366,"0"
0.008549454,0.31482384,"0"
0.00086485746,0.23526287,"0"
0.03964258,0,"0"
0.028215233,0,"1"
0.009642573,0,"0"
0.005269116,0,"0"
0.00036239534,0.80438334,"1"
0.033087075,0.8012998,"0"
9.468392e-05,0.5489661,"1"
0.0004971109,0.5974147,"0"
6.784164e-05,0,"0"
0.011071852,0.5978366,"0"
1.0744824e-06,0.83000183,"0"
0.013820839,0.7261035,"0"
0.0017926156,0.08496258,"0"
0.0019540268,0.80160046,"1"
2.5263946e-06,0,"1"
0.4494413,0.6509423,"1"
0.0024307868,0.6244245,"0"
0.009335145,0,"0"
4.6354544e-06,0,"1"
0.06436214,0.58043784,"1"
2.4101006e-09,0,"0"
0.078001454,0.6127981,"0"
0.0307611,0.380665,"1"
0.00011655679,0.7955328,"0"
0.0003469738,0.9788366,"1"
4.6972214e-06,0,"1"
6.9957e-06,0.7796848,"0"
0.02308264,0.58702725,"0"
0.007156203,0.23373966,"1"
0.003342667,0,"1"
0.0035486945,0,"1"
0.0011827766,0.9033705,"0"
2.5162111e-05,0,"0"
0.008447344,0,"0"
0.02443991,0.35653457,"0"
0.13317768,0,"0"
0.017362114,0,"0"
0.00913473,0,"0"
0.0027568368,0,"0"
0.025401348,0.6865103,"0"
0.00081564963,0.6202399,"0"
0.014947625,0.980052,"0"
0.03780101,0.47431284,"0"
0.0010942718,0,"0"
2.0813883e-07,0,"1"
0.041149747,0.48868406,"0"
0.99998856,0,"1"
0.0648874,0,"0"
0.005306229,0,"0"
0.00034010055,0,"1"
0.00084627373,0,"0"
0.04645999,0.52728295,"0"
0.00031307602,0.9888287,"0"
0.0027174125,0.5919464,"0"
0.001327911,0,"0"
0.8981171,0.751282,"1"
0.000711881,0,"0"
0.7664261,0,"0"
0.0041404217,0,"0"
5.6904493e-05,0,"1"
0.3709712,0.5207929,"1"
0.00010068779,0,"1"
7.645803e-05,0.87316626,"0"
4.9956434e-05,0.9718293,"0"
0.0037051016,0.8672713,"0"
0.0014447522,0,"1"
6.153014e-05,0,"0"
0.044007137,0,"1"
1.8809005e-05,0.56804264,"0"
0.000342199,0,"1"
0.00016970192,0,"0"
0.0009478312,0,"1"
0.006792743,0.20482364,"0"
0.0018008712,0.60553735,"0"
0.16790713,0,"1"
0.0112506915,0.95392734,"1"
0.005025244,0.9562484,"0"
0.14377181,0.97284466,"0"
0.0037831047,0.67718816,"0"
0.020944802,0.8889845,"0"
0.81068546,0.9902892,"1"
0.44288018,0,"0"
0.000688571,0.98161066,"0"
0.087117724,0,"0"
0.001994761,0.32174423,"1"
0.027735239,0.14418943,"1"
0.9999604,0.8345334,"0"
0.012240485,0,"0"
8.1486294e-05,0,"0"
0.09938806,0,"1"
0.30865404,0,"1"
2.8683799e-05,0.7010338,"0"
0.05637653,0,"0"
0.008603224,0,"1"
0.00087712094,0.84440833,"0"
0.00038536917,0.7363859,"0"
0.00030174394,0,"0"
0.0043140817,0,"0"
0.00570726,0,"0"
0.007903103,0.1085174,"1"
0.099682614,0,"0"
0.47443753,0,"0"
0.00054425397,0,"0"
0.0064025773,0,"0"
0.031628564,0,"1"
2.9286279e-05,0,"0"
0.005312432,0,"0"
0.00013253685,0.86383694,"1"
0.0036985748,0.4173236,"0"
0.00032708343,0,"0"
0.15825075,0.88647395,"0"
0.0003140353,0.76348287,"0"
0.0018264342,0.25738072,"0"
0.0002340992,0,"1"
0.037547946,0.835453,"1"
0.013207717,0.42588797,"0"
0.0022989495,0.25488302,"0"
0.0005527339,0,"0"
0.025366478,0.7691124,"0"
6.380387e-06,0.98416305,"0"
0.03506425,0.88555485,"0"
0.9985587,0,"1"
0.0016274166,0,"0"
0.0012725428,0,"1"
6.246359e-05,0,"0"
0.0039931755,0,"0"
0.010998919,0,"0"
0.004680425,0,"0"
0.021424951,0.7709574,"0"
0.10662633,0.853137,"1"
0.9802027,0.99765426,"1"
9.920968e-06,0.87119424,"0"
0.5909233,0.5118566,"0"
0.00027007228,0,"0"
0.0024412458,0,"0"
0.0079734605,0,"0"
0.015088869,0,"0"
0.17093563,0,"0"
5.753197e-06,0.6931036,"0"
0.00025029934,0,"0"
0.00043942907,0.8873856,"0"
0.00034154404,0,"1"
0.0010068273,0.9100684,"0"
7.55901e-06,0,"1"
0.00079459266,0,"0"
0.001719721,0.85881716,"0"
0.016627636,0.61259353,"0"
8.753814e-06,0,"0"
0.00021975151,0.80236953,"0"
0.0067363125,0,"0"
0.0037385765,0.552003,"0"
5.127242e-05,0.1918574,"1"
1.9567211e-05,0.85221803,"0"
2.9883588e-06,0.55327415,"0"
0.000442755,0.94903845,"0"
0.0012559042,0,"1"
0.0053324252,0,"0"
0.012619464,0.75793105,"1"
0.022293866,0,"1"
0.00027173897,0,"1"
0.046969067,0.6458855,"0"
0.998922,0.98307264,"0"
0.005476729,0,"0"
0.22845536,0,"0"
0.00080939755,0.8764558,"0"
0.042323142,0,"0"
0.017463123,0,"0"
0.027179569,0,"1"
0.014798832,0,"0"
0.9916903,0.88750196,"0"
0.000110215195,0,"1"
0.0486731,0.7123113,"0"
0.0029163472,0.7808044,"0"
0.541797,0,"1"
0.0022106902,0,"0"
0.006325969,0.57978606,"1"
0.016088134,0.94877917,"0"
0.078250915,0.90588564,"0"
0.00011664596,0,"0"
0.0260526,0.9622984,"1"
9.320751e-05,0,"0"
0.0016143043,0.90665686,"0"
0.0031966283,0,"0"
0.018369226,0,"1"
1.047563e-06,0.7821803,"0"
0.2472465,0.6282616,"1"
0.007983201,0.44791263,"0"
0.0010836476,0.98961276,"0"
0.00020136999,0.056657765,"0"
0.9865697,0,"0"
4.335177e-05,0,"1"
5.0478848e-05,0,"0"
0.1185797,0.8054784,"0"
0.00136999,0.35246915,"0"
0.001967459,0.6194486,"0"
4.9939126e-06,0,"0"
0.00045159122,0,"0"
0.03085959,0.59329015,"0"
1.2922147e-06,0.97153497,"0"
0.0015082138,0,"0"
0.17095704,0,"1"
1,0.97569263,"1"
0.029857675,0.62077934,"0"
0.999959,0,"1"
0.00080588355,0,"0"
0.0034882259,0,"0"
0.0007544851,0,"1"
0.0003404022,0,"1"
3.3355667e-05,0.9618185,"0"
2.342449e-10,0,"0"
0.08873972,0.8001137,"0"
8.804819e-06,0,"0"
4.690781e-05,0.1732633,"1"
0.0015897335,0.043862432,"0"
0.00025183568,0,"0"
0.06224845,0,"1"
7.621112e-05,0.8738208,"0"
0.001274009,0,"0"
0.00538421,0,"0"
0.025131943,0.7154161,"0"
4.2712213e-06,0,"0"
1.5398905e-06,0.29218632,"0"
0.0007361009,0.8945342,"0"
0.0047674533,0.72432613,"0"
0.100211464,0,"0"
0.0144280745,0.9801649,"0"
0.10271891,0.9592183,"0"
0.0003134138,0,"0"
0.26311722,0.9037491,"1"
0.16088556,0.6955835,"1"
0.014056871,0.6533842,"0"
0.026693422,0.980117,"1"
0.0028365166,0,"1"
0.00056347286,0.42446756,"0"
0.0053463234,0,"0"
5.6265962e-06,0.4925924,"0"
0.9422166,0.893329,"1"
0.0015009714,0.9315797,"0"
6.3234744e-05,0,"0"
0.0194219,0,"0"
4.73426e-05,0,"0"
0.030004317,0.6552122,"0"
0.0014168088,0,"0"
0.0066967355,0.65350866,"0"
0.004497466,0.92395157,"0"
0.54195035,0,"0"
0.0043829796,0.7631119,"0"
0.19650231,0,"1"
0.292449,0.50082797,"1"
0.019660838,0.91884094,"1"
1.6042919e-05,0,"1"
0.0012327025,0,"0"
0.77872163,0.89339715,"1"
0.9124608,0,"0"
0.005547236,0.23595653,"1"
0.00032288313,0,"1"
0.0009871555,0,"0"
0.004221559,0.72961646,"0"
0.04805543,0.32400694,"0"
0.03526296,0,"0"
0.049162075,0.95080626,"1"
0.027083345,0.38528654,"0"
0.019551968,0.88530326,"0"
0.0148977125,0.8672459,"0"
0.0013782857,0,"0"
0.0024945638,0.9218482,"1"
0.0003402535,0.6834993,"0"
0.009102263,0.34193844,"1"
0.0006363031,0.02124395,"0"
1.8806785e-06,0.45509344,"0"
0.9999348,0.77897614,"1"
1.4989856e-05,0,"0"
6.0359045e-05,0,"0"
1.3666664e-06,0,"0"
0.00017452435,0,"0"
0.05484502,0.9647675,"0"
3.3385106e-05,0,"0"
0.00084518216,0,"0"
0.0019277353,0,"0"
0.0010379431,0.81069654,"0"
0.042272493,0.9373824,"0"
0.00016504688,0.833494,"0"
0.0032217386,0.84848034,"1"
0.0034788968,0.4597913,"0"
1.4816399e-07,0,"1"
0.019544438,0.9856112,"1"
0.0023797827,0.07829242,"1"
0.25033972,0.5867454,"0"
0.99917126,0.4984774,"1"
0.011610849,0,"0"
0.16085987,0.20918125,"0"
5.810816e-09,0.9766699,"0"
0.014537048,0.8541544,"1"
0.00067298656,0,"0"
0.00018094748,0.6696316,"0"
0.040025514,0,"0"
0.008525358,0,"1"
0.07896656,0,"0"
0.42248884,0,"1"
0.0015779781,0,"1"
0.00077684765,0,"0"
3.4123535e-05,0.9245473,"0"
2.7621007e-05,0,"1"
1.1049761e-05,0.54653764,"1"
0.08019005,0,"0"
7.843924e-05,0.7165471,"0"
0.0005959916,0,"0"
0.20748988,0,"1"
2.5322528e-05,0.5385531,"0"
0.013026369,0,"0"
0.11301773,0,"0"
0.6569758,0.61650026,"1"
0.0083112065,0.9602699,"1"
0.656199,0,"1"
0.62462515,0.7335873,"1"
0.052806616,0.6766809,"0"
0.00022921585,0.6491694,"0"
0.017500741,0,"0"
0.0049408213,0.652887,"0"
1.3217187e-06,0.6506854,"0"
0.00045060046,0,"0"
1.890536e-05,0,"0"
0.9331085,0.9161025,"1"
0.102122396,0.8612296,"1"
0.05697038,0,"0"
0.016979825,0.8709141,"0"
0.0006603027,0,"0"
0.08751429,0.73171973,"1"
0.2059417,0,"1"
0.017199602,0.48774624,"0"
0.18070579,0.97812134,"0"
0.020750742,0.38073885,"0"
0.09281192,0.26215777,"1"
0.03428476,0.18496671,"0"
7.2272456e-07,0.7642039,"0"
8.974932e-05,0,"0"
0.0022401868,0.990113,"1"
0.0029695104,0.5869468,"1"
0.9976839,0.54440236,"1"
6.678676e-08,0.9092659,"0"
0.3214639,0.7380138,"1"
0.0038060322,0,"0"
0.0028924083,0.8324079,"0"
0.010514391,0.6969621,"0"
0.64770216,0.741149,"1"
0.21564475,0.30163974,"1"
0.007413495,0.8876031,"1"
4.3784825e-05,0,"1"
0.026125295,0.8418095,"1"
0.0052207643,0,"0"
0.94355756,0,"1"
0.0006865357,0,"0"
0.00018834867,0,"0"
9.8321165e-05,0,"0"
0.0024480228,0.6331784,"1"
1.9272142e-05,0.9345816,"0"
0.019994024,0,"1"
0.3231175,0.9895225,"1"
0.12156929,0.8993954,"0"
0.82122266,0,"1"
0.0018719736,0.9619222,"0"
0.0011277411,0.7293598,"1"
0.00251532,0.9937597,"1"
0.028180841,0,"1"
0.9003994,0.8566381,"1"
5.865376e-05,0,"0"
0.00071715954,0,"0"
9.278208e-12,0.8825087,"0"
0.80374515,0.48953652,"1"
0.05403295,0.9372424,"1"
0.016777582,0.12549944,"0"
0.0016755643,0,"0"
0.032206967,0,"1"
5.157804e-06,0.36781508,"0"
0.00013803963,0,"0"
0.00040709515,0.83384854,"0"
5.1202824e-06,0.72660273,"0"
0.0013962254,0,"0"
2.5498313e-05,0.42492604,"0"
7.3317615e-08,0.5238886,"0"
0.0005975711,0.9022481,"0"
0.01233118,0.87522864,"0"
0.006762579,0,"0"
0.0037893204,0.96672505,"0"
0.005518412,0,"1"
0.008207908,0.64871156,"0"
0.065224,0.21287866,"1"
0.008617197,0.22627869,"1"
0.002557498,0.8189525,"0"
0.0060431412,0.26007375,"0"
0.020385077,0,"0"
1.2732957e-05,0.17948808,"0"
1.679452e-05,0.65891325,"0"
0.0027486898,0.27208734,"1"
0.008591551,0.68636113,"1"
0.0011381931,0,"1"
0.28123668,0,"0"
0.01746313,0,"1"
0.1072117,0.43420473,"0"
0.009691286,0.8996294,"0"
1,0,"1"
0.9998362,0,"0"
0.001774295,0.72063637,"0"
0.09820744,0.77748597,"0"
0.09048375,0.8945547,"0"
0.019905895,0,"0"
3.846476e-05,0,"1"
0.00033693304,0.63041097,"0"
0.008434605,0,"1"
0.008238166,0,"0"
4.094024e-06,0.6084481,"0"
0.61625624,0.9658887,"1"
0.19947352,0,"0"
0.021813126,0.8909343,"0"
0.00012104882,0,"0"
2.7510427e-07,0.4136738,"0"
1.3971284e-05,0,"1"
0.0021263408,0.9028365,"1"
0.00010910448,0,"1"
0.058990464,0.7732819,"0"
0.00015134152,0.5043327,"0"
0.002208371,0.9573454,"1"
0.016230358,0,"1"
0.06962868,0.8306553,"0"
0.0019231015,0,"0"
0.0005307392,0.9108999,"1"
0.10845996,0.85103035,"1"
0.00021336347,0.9492725,"0"
0.0037343646,0,"0"
0.014345079,0.8525563,"0"
0.0007173277,0,"0"
0.00039559614,0.5462161,"0"
0.043736447,0.28264388,"1"
7.918305e-07,0,"0"
0.0009087776,0.3168545,"0"
0.0005334271,0.77559245,"0"
0.010272858,0.77522606,"0"
0.10494022,0,"0"
0.12214563,0,"1"
0.0010853388,0.8802352,"1"
0.11075426,0.47616628,"1"
0.00990843,0,"0"
0.001211021,0,"0"
0.083869465,0.9901854,"0"
2.3359977e-05,0.8879999,"0"
0.054696307,0,"1"
0.7594522,0.97120273,"0"
0.017752405,0.5730414,"1"
0.009570688,0.862663,"1"
0.0020121452,0,"0"
0.000108910725,0,"0"
0.001041766,0.76462907,"0"
0.0017070278,0.6513968,"0"
0.07514166,0,"1"
0.12061315,0.88978595,"1"
0.00031856698,0.78573775,"0"
2.8029248e-05,0.76373833,"1"
0.0004489674,0,"1"
0.00019551413,0.36585474,"1"
0.07608329,0,"0"
1,0.819195,"1"
0.00070792664,0.42300946,"0"
0.21169937,0.6907511,"1"
0.0054640067,0,"0"
0.9992084,0,"1"
0.006333995,0.84461457,"0"
0.0042801998,0.66305184,"1"
0.02854685,0.54354984,"0"
0.01968256,0,"1"
0.030168192,0,"0"
0.007296911,0.5893779,"0"
0.0019620387,0,"1"
0.0008843665,0,"0"
0.07404778,0,"0"
0.0061091324,0.1136673,"0"
0.0023118816,0.35528436,"0"
0.05456623,0.6596647,"0"
1.6585793e-05,0,"0"
1.5996972e-07,0.6781421,"0"
2.9110495e-05,0,"0"
0.00026251673,0,"0"
0.0021472576,0,"0"
0.35785916,0.78627425,"0"
0.00678298,0.80896986,"1"
1.2796574e-05,0,"0"
0.00038644046,0,"0"
0.024694819,0.9661261,"0"
5.3350304e-06,0.92797655,"1"
0.00020248785,0,"0"
0.30449054,0.8733514,"1"
2.7696315e-05,0,"0"
0.0057089785,0.8983301,"0"
0.0047033695,0,"0"
0.00603247,0.6404483,"1"
0.0062522795,0.30930388,"0"
0.00022578027,0.9246365,"1"
0.7752563,0.56016815,"0"
0.00020107703,0.18970484,"0"
0.020547096,0.04656267,"0"
0.00011424837,0.66883725,"1"
0.0012106841,0.9316657,"0"
0.004838707,0,"1"
0.043426212,0,"0"
1.6274618e-05,0.69936734,"1"
0.00015443876,0.038414206,"0"
9.44464e-07,0,"1"
0.0032526816,0.81193584,"0"
0.5913054,0.35176036,"0"
0.019164454,0.9398819,"0"
0.008672058,0.83633065,"0"
0.002665471,0,"0"
0.0070536686,0.559702,"0"
0.039272692,0,"0"
0.12515672,0,"0"
6.484238e-06,0.9197519,"1"
0.003141547,0.9792682,"0"
0.11414814,0,"0"
0.0011984179,0.1987967,"0"
0.00014265232,0,"1"
7.528067e-08,0,"0"
8.714535e-05,0,"0"
8.3721275e-08,0,"1"
0.010530631,0.22251302,"0"
0.00011619857,0,"0"
0.10387355,0.96577126,"0"
7.1776035e-06,0,"0"
0.0016398613,0.5965335,"1"
9.787506e-05,0.6195857,"0"
0.056267433,0,"0"
0.020374777,0.90399605,"1"
0.14806443,0.050889563,"0"
0.9992873,0.28978863,"0"
0.029423362,0,"0"
3.3513337e-05,0,"0"
0.00015490038,0.32304913,"0"
3.923556e-06,0,"0"
0.014210817,0,"0"
4.7499265e-07,0,"0"
0.0223011,0.30802622,"1"
3.826409e-05,0.929338,"0"
0.0050254567,0.6460088,"0"
0.004807829,0,"0"
5.129525e-06,0,"1"
0.011932876,0,"0"
0.00027632143,0.5320905,"0"
0.013447054,0.8744679,"1"
0.01573389,0.7301315,"0"
0.00045228095,0,"0"
0.0002544437,0.5597463,"0"
0.03571146,0.5669055,"0"
0.99997544,0,"1"
0.000421118,0,"0"
6.079726e-06,0.8110909,"0"
3.6640133e-05,0.7568129,"0"
0.0037669542,0.8328552,"0"
0.45332575,0.64749724,"1"
2.9468298e-05,0,"0"
0.8306125,0.91508996,"0"
0.034910116,0.90243435,"0"
0.00048495768,0.87933224,"1"
0.00023409944,0,"1"
0.11633384,0.12253579,"0"
0.013645844,0.25695285,"1"
0.00054786267,0.7532232,"0"
0.000636026,0.7895889,"0"
4.94759e-07,0.69405204,"1"
0.00021637068,0.17565836,"0"
3.891319e-06,0.44681877,"1"
0.014687118,0,"0"
0.5550983,0,"1"
0.04930356,0,"1"
0.0108790025,0.9369159,"0"
0.0040257764,0.43906164,"0"
0.007839645,0.11557929,"0"
0.004713475,0.33224905,"0"
1,0.6929998,"1"
9.55668e-05,0,"1"
0.023889208,0.83982164,"0"
0.01048686,0,"1"
0.54241294,0.9695883,"0"
0.05091679,0.9542902,"0"
0.14994583,0.8394834,"0"
0.00788964,0.32308474,"0"
0.0001277101,0.8101867,"0"
0.08861925,0,"0"
0.00052234234,0,"1"
0.89369667,0,"0"
0.0030104308,0,"0"
0.018476848,0.5250339,"0"
0.011133283,0.94289887,"0"
2.344882e-06,0,"0"
0.25930884,0,"0"
0.9648493,0.98786795,"1"
7.6708966e-05,0.53923166,"0"
2.4381228e-05,0,"1"
0.49570766,0,"1"
0.002168443,0.90150464,"0"
0.7654542,0.17427713,"0"
2.8179454e-09,0,"1"
0.00048041606,0.764976,"0"
0.00015434924,0,"0"
0.97692865,0,"0"
0.0004160701,0,"0"
0.050590314,0.582256,"1"
0.7916401,0,"0"
0.0005388681,0.8289339,"0"
0.0035505565,0.87349504,"0"
1.7682935e-06,0,"0"
2.3362983e-05,0,"0"
0.002927048,0,"0"
0.9712603,0.96816784,"0"
8.204051e-07,0.45025268,"0"
0.00017528652,0.7937061,"0"
0.011822286,0,"0"
0.0003393165,0.3723538,"1"
0.014281096,0,"1"
2.9663692e-05,0.9351248,"1"
4.1270346e-06,0,"1"
0.9711816,0.8729446,"0"
0.028608019,0.84470665,"1"
0.0034481466,0.307021,"0"
0.009185011,0.2800693,"0"
0.00058145926,0.979788,"0"
0.057362378,0.8090032,"0"
0.00016220272,0,"0"
0.0014119436,0.5812639,"0"
0.13606024,0.3290891,"0"
0.00018773011,0.9909614,"0"
0.99718744,0,"1"
0.0006615861,0,"0"
0.0036190504,0.84365815,"0"
0.0078819925,0,"1"
0.05088294,0.30015904,"1"
6.232313e-06,0.5910348,"1"
3.2327546e-06,0.70658,"0"
0.0025927532,0.81636125,"0"
0.84858716,0.85810035,"1"
7.877408e-05,0,"1"
1,0.9372405,"1"
0.0015955482,0.6245744,"0"
0.9999875,0.7727355,"1"
3.7540165e-05,0.5274198,"0"
8.151577e-06,0,"0"
0.0075498773,0.6075841,"0"
0.0027245185,0.99822587,"0"
7.603843e-08,0,"0"
0.0010975897,0.5016686,"0"
0.00012499795,0.33776584,"1"
0.9913611,0.17021781,"1"
0.35804862,0.98103565,"1"
0.12251038,0,"0"
0.00023851579,0.23818846,"0"
2.7566834e-08,0,"0"
0.014973093,0.6141268,"0"
2.4980631e-08,0.8046224,"0"
0.18702441,0.7907822,"0"
0.31805396,0,"0"
0.99995446,0,"0"
0.002694159,0.67879313,"0"
0.00010407529,0.87295204,"0"
0.00219125,0.86083543,"0"
0.0010121177,0,"1"
0.032882433,0,"0"
0.0087873945,0.633941,"1"
1.2032845e-07,0.9552093,"0"
2.9447936e-06,0,"1"
0.13528353,0,"1"
1,0,"1"
9.142945e-05,0,"1"
0.21188807,0,"1"
0.9333942,0,"0"
1.7516731e-08,0,"0"
0.0042819576,0,"1"
0.045035288,0,"0"
0.06171616,0.73521775,"1"
1,0.16823818,"1"
0.065003395,0,"0"
0.04196134,0,"0"
0.028987665,0.060730953,"0"
0.6407767,0.65038353,"0"
1,0,"1"
0.052313536,0,"0"
0.00020383821,0,"1"
1,0.9924287,"1"
0.0049605127,0.22582786,"0"
0.0036936074,0,"0"
0.0022023586,0.91645294,"0"
0.25582954,0,"0"
2.0016482e-09,0,"0"
0.0668217,0.9475273,"0"
0.00260337,0,"0"
0.4010999,0,"0"
0.008295171,0,"0"
8.7049004e-05,0.97537124,"0"
0.00044741394,0.22328407,"0"
0.57399714,0.9617904,"0"
0.0010231292,0,"0"
0.99487275,0,"0"
0.30103394,0.8542814,"0"
0.00061337336,0.690011,"0"
0.0025019762,0.69419885,"0"
0.81161904,0.010024472,"0"
0.00048771044,0.016953517,"0"
0.0012085792,0.6649131,"0"
0.14150763,0,"0"
0.006799454,0,"0"
0.00014767206,0,"0"
0.00022718693,0,"0"
0.022332313,0.7189271,"0"
0.0055045895,0.97395384,"0"
0.00013447962,0,"0"
0.015397334,0,"0"
0.035638362,0.28395534,"0"
8.146283e-05,0.9029849,"0"
0.022788445,0.9365079,"0"
8.5910244e-05,0.59313583,"0"
0.0007439889,0,"0"
0.0045048483,0.41909453,"0"
0.06517279,0,"0"
0.0014259415,0,"0"
0.04477453,0.9720252,"0"
0.0058800485,0,"0"
0.00029101054,0.46084931,"0"
0.009528262,0.8217282,"0"
5.6975193e-07,0.31908825,"0"
0.015302969,0,"0"
0.0006450837,0.749543,"0"
0.03845064,0.93188995,"0"
0.20942599,0,"0"
0.00014889298,0.19399814,"0"
0.005966575,0,"0"
9.782075e-05,0,"0"
0.020825502,0.9693048,"0"
0.9349639,0,"0"
0.000120544544,0,"0"
0.03193653,0,"0"
0.00023915796,0,"0"
0.005060185,0.9237264,"0"
0.003437483,0.94594413,"0"
0.030843351,0.89514405,"0"
0.0040903185,0.36250627,"0"
0.05425033,0,"0"
0.0003794949,0,"0"
0.00023471384,0.7375383,"0"
0.004210273,0,"0"
0.0020405166,0,"0"
0.12471565,0,"0"
0.000118420285,0,"0"
0.89735025,0.9976191,"0"
0.037261814,0.8985383,"0"
0.052248254,0.037987594,"0"
0.00040738046,0,"0"
0.96775526,0.90687245,"0"
0.0016748417,0,"0"
0.020323606,0,"0"
2.3508075e-05,0,"0"
0.0009610339,0,"0"
0.74475026,0.85456854,"0"
0.4714889,0.98057806,"0"
0.00012180991,0,"0"
0.49764526,0.9254498,"0"
0.00024212591,0.23973715,"0"
0.010018928,0.1441043,"0"
0.14421228,0,"0"
9.243126e-05,0,"0"
0.001450146,0,"0"
0.014801197,0.8684101,"0"
0.0009875416,0,"0"
0.00065212254,0,"0"
0.007762901,0.23363832,"0"
0.02129213,0.61794126,"0"
0.006009136,0,"0"
0.000720904,0.34125963,"0"
0.03370675,0,"0"
0.08537332,0.81602985,"0"
0.0020544268,0.4903264,"0"
0.00038300833,0.8441351,"0"
0.00020053671,0.4701061,"0"
0.0003638503,0,"0"
0.0076212822,0.8851687,"0"
0.00039548601,0,"0"
0.5438277,0.96796554,"0"
0.00314717,0,"0"
0.00025536114,0,"0"
0.0020654965,0,"0"
0.0001313399,0.82865673,"0"
0.013599852,0,"0"
0.007956253,0,"0"
0.10325922,0.27403536,"0"
0.00020008517,0.22392544,"0"
0.0034756418,0,"0"
0.28155017,0,"0"
0.0015308872,0,"0"
0.01062215,0.9768088,"0"
0.9732617,0,"0"
0.038191233,0,"0"
0.002540218,0,"0"
0.030333716,0,"0"
0.00029190976,0,"0"
5.0676506e-05,0,"0"
0.0016133954,0,"0"
0.0011044161,0.8573506,"0"
0.003634624,0.5605468,"0"
0.0049638464,0,"0"
0.00415504,0.06977528,"0"
0.00022075912,0.0046791746,"0"
0.037651345,0,"0"
0.009844937,0.94501615,"0"
0.005482656,0.23771563,"0"
0.04054341,0.73331255,"0"
0.00014158797,0,"0"
9.368951e-05,0.37679818,"0"
0.004360419,0.59333575,"0"
0.1278524,0.6134098,"0"
0.0041505084,0,"0"
3.4126333e-05,0,"0"
0.000121838246,0,"0"
0.0015256585,0,"0"
0.00020502723,0.5777776,"0"
0.0013278648,0,"0"
0.9517289,0,"0"
0.0028094517,0.17100017,"0"
8.904767e-07,0.47175184,"0"
0.8783644,0.43622398,"0"
0.92450243,0.96392006,"0"
0.009493373,0,"0"
0.16716492,0,"0"
0.016853595,0,"0"
0.0016100284,0,"0"
0.9555317,0,"0"
0.36200994,0.46163705,"0"
0.48268634,0,"0"
0.6883838,0.97668535,"0"
0.173024,0.91808254,"0"
0.00019342515,0,"0"
0.0035080279,0,"0"
0.0033962892,0,"0"
0.0012307498,0.006609607,"0"
0.0021386377,0.54145247,"0"
0.7893714,0,"0"
0.08838141,0.51517487,"0"
0.0078734765,0,"0"
0.00063055044,0.28756177,"0"
0.0008700138,0.019982351,"0"
0.004447022,0.035951048,"0"
0.00015636746,0.7018176,"0"
0.1321468,0.1309799,"0"
0.023742344,0,"0"
0.020982247,0,"0"
0.005039321,0,"0"
0.2254267,0.7150455,"0"
0.5500426,0.82906747,"0"
0.0040997425,0,"0"
0.5423357,0,"0"
0.006590031,0.58076274,"0"
0.04126262,0,"0"
0.9879339,0,"0"
0.0062141186,0,"0"
0.49288958,0,"0"
6.033804e-05,0,"0"
0.6096639,0.6627564,"0"
0.027758678,0,"0"
0.0028728805,0.8876263,"0"
0.004485034,0.72852635,"0"
0.00028394183,0,"0"
0.4659418,0.87237847,"0"
0.002395517,0.3190628,"0"
0.1942967,0.9316662,"0"
4.149302e-05,0,"0"
0.00021736632,0.94823086,"0"
0.0002708758,0,"0"
0.0035182743,0.017383335,"0"
0.0009319275,0,"0"
0.012192663,0.9301083,"0"
8.700979e-06,0.8848988,"0"
1.800279e-05,0.16483055,"0"
0.0033489428,0.275535,"0"
0.011822142,0,"0"
0.0021389928,0,"0"
0.0088091055,0,"0"
5.749901e-05,0.97653437,"0"
0.000706021,0.016813237,"0"
0.0003002686,0.9335653,"0"
0.0024113425,0,"0"
0.09826237,0,"0"
0.0010878117,0.5523892,"0"
0.00040766152,0.37246555,"0"
1.7958173e-05,0,"0"
0.061712217,0,"0"
0.010636909,0.25306275,"0"
0.00065426214,0,"0"
0.037179943,0,"0"
0.00010231038,0,"0"
5.838242e-07,0.3561071,"0"
0.000413194,0,"0"
0.011647147,0.81667626,"0"
0.030521914,0,"0"
0.00026569422,0.97265786,"0"
0.00028512432,0,"0"
0.002860126,0.949141,"0"
0.020082032,0,"0"
8.504014e-05,0.4591109,"0"
0.0018054723,0,"0"
0.0006951208,0,"0"
4.73296e-05,0.023402523,"0"
0.0013177452,0,"0"
0.0013113443,0.48728958,"0"
8.031517e-06,0.15183587,"0"
9.9893805e-06,0.5780175,"0"
0.0055295187,0.33953443,"0"
0.044757217,0,"0"
4.3432752e-05,0.71384037,"0"
0.021498546,0.92674524,"0"
0.00015390379,0,"0"
0.008880281,0.7139033,"0"
0.003877571,0,"0"
0.00015588601,0.7306859,"0"
0.4671532,0,"0"
0.0007288338,0.15163824,"0"
8.755867e-05,0.9675505,"0"
0.007674908,0,"0"
0.0013271676,0,"0"
1,0,"1"
0.20489436,0,"0"
0.0023858414,0.9040269,"0"
0.023312576,0,"0"
0.002964896,0.8373775,"0"
0.0010354137,0.4854351,"0"
0.0036188045,0,"0"
5.7841193e-05,0.033205852,"0"
0.0007269504,0,"0"
0.00012451722,0,"0"
0.12943764,0,"0"
0.002734604,0,"0"
0.0003665586,0,"0"
0.004656133,0.7027041,"0"
0.0005619668,0.8951346,"0"
0.0142804505,0,"0"
0.02998469,0.3154179,"0"
0.0005415918,0.36009097,"0"
0.012258013,0.8237415,"0"
0.00545301,0.5724106,"0"
0.009559896,0,"0"
0.00027323954,0.7621518,"0"
0.012733164,0.7958931,"0"
7.1499904e-05,0.98307943,"0"
7.521219e-05,0.6580575,"0"
0.0010583688,0,"0"
0.00018196397,0,"0"
0.0030375565,0,"0"
0.00049487327,0,"0"
2.500595e-07,0.4685387,"0"
0.00035124202,0,"0"
0.0019981463,0,"0"
0.0053148386,0,"0"
0.0001692464,0.73228353,"0"
0.0034986904,0.13146268,"0"
5.5928376e-05,0.96616423,"0"
0.0022308284,0.110306814,"0"
0.0027604247,0.5369174,"0"
0.02989423,0,"0"
3.7568243e-05,0.3066899,"0"
0.673691,0.25962007,"0"
0.000392743,0,"0"
0.004727559,0.7826232,"0"
0.0011379117,0.9406879,"0"
0.004117704,0,"0"
0.00013794805,0.21100257,"0"
0.53323174,0,"0"
0.31442857,0,"0"
0.0005580622,0,"0"
0.13826038,0,"0"
0.0003099216,0,"0"
0.00095088314,0.9566635,"0"
0.001478672,0.89470595,"0"
0.00027444106,0,"0"
2.330525e-06,0.027112316,"0"
0.00062998134,0,"0"
0.018330686,0.72735775,"0"
0.023486333,0,"0"
0.6187109,0.84234524,"0"
0.5964417,0,"0"
0.99773216,0,"0"
0.0015694908,0.7588402,"0"
0.7030818,0,"0"
0.01596844,0.48545915,"0"
0.02032248,0,"0"
0.008366662,0.9489713,"0"
0.019736243,0,"0"
6.79775e-05,0.034313224,"0"
4.9213875e-05,0.9767007,"0"
0.056199964,0,"0"
0.0015797423,0,"0"
0.0011309842,0.4303918,"0"
0.00054214336,0,"0"
0.36742383,0.9258373,"0"
0.012781377,0,"0"
0.0898038,0,"0"
0.0018020122,0.81869143,"0"
0.0015802559,0.8069815,"0"
0.00278884,0.036100622,"0"
0.41726178,0.45488495,"0"
0.0009582443,0.94901687,"0"
1.7632367e-07,0.0594673,"0"
0.006352662,0.7646964,"0"
0.00023699358,0.53342825,"0"
3.5520392e-05,0,"0"
0.0020158554,0.013932115,"0"
0.0011554753,0.47444743,"0"
0.0040529016,0,"0"
0.0042128726,0,"0"
0.00017368683,0,"0"
0.003429446,0,"0"
0.0011028155,0.094826065,"0"
0.007734653,0,"0"
0.0011584058,0.7291732,"0"
4.0309806e-05,0.9168132,"0"
0.00052224,0.9142314,"0"
0.0008843888,0,"0"
0.02527107,0,"0"
0.0027204277,0,"0"
6.385125e-12,0.5755759,"0"
0.0006967351,0.11696184,"0"
0.7236224,0,"0"
0.00015503069,0.8757627,"0"
0.024216127,0,"0"
0.011621711,0.9866318,"0"
0.9911891,0,"0"
7.169859e-05,0.77750003,"0"
0.00011005315,0.5312063,"0"
0.0019894398,0.6843099,"0"
0.00013850149,0.965993,"0"
0.055432465,0,"0"
1.3200972e-07,0.06983727,"0"
0.033541877,0,"0"
0.009133932,0.04620887,"0"
0.058766134,0.70274425,"0"
0.011436017,0.6069716,"0"
0.03029821,0.91952884,"0"
0.04365931,0,"0"
0.0065049417,0.8981734,"0"
0.00020645553,0.6274369,"0"
0.00041778767,0.852882,"0"
0.00024158288,0,"0"
0.1322782,0,"0"
3.1214382e-05,0.88961834,"0"
0.002263217,0.80915964,"0"
0.00024239546,0.61028886,"0"
0.0004117743,0,"0"
0.021070546,0.9246724,"0"
0.014993755,0.09526202,"0"
0.07487021,0.8607949,"0"
0.00030270548,0,"0"
0.07853969,0.96047884,"0"
0.020500703,0,"0"
6.236597e-05,0.95971775,"0"
0.9898816,0,"0"
0.0022584563,0.9527506,"0"
0.0007487033,0,"0"
0.0035097871,0.006058211,"0"
0.0012377476,0,"0"
4.600312e-05,0,"0"
0.047789354,0.7393803,"0"
0.029365312,0.50514805,"0"
0.016906114,0.36840665,"0"
0.0014052666,0,"0"
0.004867436,0.92714995,"0"
0.0050852573,0.55182904,"0"
0.0025731274,0,"0"
0.000106879415,0.77609104,"0"
0.021456435,0,"0"
5.185159e-05,0.022574803,"0"
0.0072068744,0.9508237,"0"
8.124903e-06,0,"0"
0.0008785366,0.96565473,"0"
0.35039717,0.7402446,"0"
0.051103633,0.99857104,"0"
0.043290433,0,"0"
0.08388416,0,"0"
0.0028312735,0.83025956,"0"
0.0017520364,0,"0"
0.0036840795,0,"0"
0.09000199,0.41347364,"0"
0.0052300566,0.9845414,"0"
0.0298544,0.8235969,"0"
0.0066604177,0.23031683,"0"
0.009462962,0,"0"
0.00032749248,0,"0"
0.00079088955,0.8743877,"0"
0.0022891292,0,"0"
0.04090207,0.036801677,"0"
0.03686548,0.10300592,"0"
0.0028113988,0.04416181,"0"
0.0011658447,0.96535593,"0"
0.025395708,0,"0"
0.77848494,0.24832314,"0"
0.064071625,0.65944743,"0"
0.0060826857,0.26930293,"0"
0.0009242988,0,"0"
0.104890235,0,"0"
0.011105688,0.9519487,"0"
0.12339989,0.8146994,"0"
0.013142832,0,"0"
0.04951345,0,"0"
6.057222e-05,0.5827809,"0"
0.0004172547,0,"0"
0.7938868,0.9236481,"0"
0.89647406,0.8986045,"0"
0.25156936,0.9631159,"0"
0.83231926,0.76859903,"0"
0.00033063494,0,"0"
5.3262378e-05,0.9550021,"0"
0.00027154502,0,"0"
0.00021213316,0,"0"
0.008833513,0,"0"
0.00061052834,0.57522833,"0"
3.4605964e-06,0.015615648,"0"
0.00041202875,0,"0"
0.00015794524,0,"0"
0.0039784815,0.92471206,"0"
0.002265806,0,"0"
0.09944108,0.8579336,"0"
0.012941202,0,"0"
0.0018542082,0.9336369,"0"
0.0097111,0,"0"
0.17564668,0.8341705,"0"
0.03847706,0.821182,"0"
0.013314819,0.98858994,"0"
0.0131251495,0.51493114,"0"
0.0265458,0.005802554,"0"
0.14179003,0,"0"
0.0013330404,0.18491304,"0"
0.00014186732,0,"0"
0.8081379,0.0060523623,"0"
0.0050101345,0.27026713,"0"
6.436538e-05,0.96713376,"0"
2.8990013e-07,0.56896436,"0"
0.0038522463,0,"0"
0.0019069576,0.21624848,"0"
0.009462628,0,"0"
0.0027166826,0,"0"
0.38640803,0.829364,"0"
0.16232078,0.11771938,"0"
0.011551636,0.34946358,"0"
0.0018407169,0,"0"
0.19032195,0.010744814,"0"
0.005507691,0,"0"
0.012042898,0,"0"
0.9299281,0.008187287,"0"
0.024128923,0,"0"
0.5993039,0.8448933,"0"
0.011503794,0,"0"
0.8047966,0.7878442,"0"
0.13523433,0,"0"
0.7634717,0.94314265,"0"
0.0020545167,0.004613727,"0"
0.019486172,0.06167491,"0"
0.0031168985,0,"0"
0.08955361,0,"0"
9.913564e-10,0.99883085,"0"
0.0010990697,0,"0"
0.03536382,0,"0"
0.0071151303,0,"0"
0.0012073065,0.99423534,"0"
0.0035129152,0.94914746,"0"
0.0011541261,0,"0"
0.02232692,0,"0"
0.0040138927,0,"0"
0.0009898324,0.024784263,"0"
0.0035961713,0.82066727,"0"
0.15249202,0.8303605,"0"
0.0038809318,0,"0"
0.14363739,0.7847154,"0"
0.11587862,0.8553622,"0"
0.0015212848,0,"0"
0.042782273,0.57719547,"0"
0.00010214905,0.97112197,"0"
0.008106238,0.43214202,"0"
0.0041369335,0.83333635,"0"
0.019002432,0,"0"
0.0045483154,0.46762866,"0"
0.0003854985,0.5380166,"0"
0.0045024003,0.68532753,"0"
0.20808403,0.78852075,"0"
0.04412309,0.91079384,"0"
0.014678792,0.054776046,"0"
1.2101368e-06,0.80052876,"0"
0.055760577,0.8255898,"0"
0.0036273508,0,"0"
0.008705127,0,"0"
0.0888151,0.38922986,"0"
0.0005780361,0.9314247,"0"
0.0014367684,0.91507185,"0"
0.7739665,0.8163827,"0"
0.0068732235,0.99088895,"0"
0.99612963,0.9269102,"0"
0.048268408,0.9468646,"0"
0.004254486,0.9604312,"0"
0.04958834,0.85711145,"0"
0.032011416,0.037956234,"0"
0.36248752,0,"0"
0.0008351329,0,"0"
0.0012758425,0,"0"
0.029591838,0.8600222,"0"
0.030791538,0.96243274,"0"
0.014868998,0,"0"
0.0038567095,0,"0"
0.0013752228,0,"0"
0.0052920887,0.96616733,"0"
0.36984974,0.9319468,"0"
0.474667,0.03404112,"0"
0.075208366,0,"0"
0.002920667,0.862764,"0"
0.005296461,0,"0"
0.0012640156,0,"0"
0.08803106,0,"0"
0.1724533,0.9939075,"0"
0.041210108,0,"0"
0.016880361,0.013698172,"0"
0.0043613696,0.78243715,"0"
0.0040866877,0,"0"
0.03775159,0,"0"
0.11323673,0,"0"
9.8207514e-05,0.97912806,"0"
0.051896963,0.8934329,"0"
0.0022825426,0.45202112,"0"
0.053185012,0,"0"
0.00016316213,0.9404696,"0"
0.9283858,0.9427147,"0"
0.978512,0.011160326,"0"
0.026680242,0.13848604,"0"
0.030066237,0.9857961,"0"
0.0039365827,0.0617991,"0"
0.021448167,0,"0"
0.011739228,0.97714764,"0"
0.012243381,0.89434785,"0"
0.08679455,0.76469755,"0"
0.0037797599,0,"0"
0.8605712,0,"0"
0.84782094,0.85861427,"0"
0.7726144,0,"0"
0.9856311,0.7549805,"0"
0.00017641396,0.5052227,"0"
2.962191e-05,0.9436218,"0"
0.089917794,0.74902207,"0"
0.8315185,0.97481585,"0"
0.010277776,0.049775016,"0"
0.0018236076,0,"0"
0.9700191,0.66202015,"0"
0.15496096,0.52021474,"0"
8.7826185e-05,0,"0"
0.018643783,0.30682817,"0"
0.03417429,0.97806746,"0"
0.80804294,0,"0"
0.009909164,0.89651704,"0"
0.000104207764,0,"0"
0.0014544956,0.9789028,"0"
0.0004396566,0.8352046,"0"
0.9970444,0.82790244,"0"
0.057069857,0,"0"
0.89335454,0,"0"
0.23861778,0.012222039,"0"
0.0006066649,0.0140377395,"0"
0.0019619677,0.94805247,"0"
0.022200432,0,"0"
0.004282001,0.58173776,"0"
0.00039293733,0.0942235,"0"
0.9144322,0,"0"
3.55293e-07,0,"0"
0.00830366,0,"0"
0.0006233239,0,"0"
0.76320326,0.9635141,"0"
0.02831149,0,"0"
0.008434278,0,"0"
0.00017117626,0.31158295,"0"
0.014766317,0.3002478,"0"
2.4628348e-06,0,"0"
0.6535885,0,"0"
5.371313e-06,0,"0"
0.101974756,0.9560201,"0"
0.001227854,0,"0"
0.022905523,0.019555228,"0"
0.28553241,0,"0"
0.0025330586,0,"0"
0.69395775,0,"0"
0.029611686,0.036652423,"0"
9.431203e-05,0,"0"
0.44749114,0,"0"
0.010913647,0,"0"
0.0012077666,0.96537817,"0"
0.0012383626,0.26867083,"0"
0.21663393,0.9855113,"0"
0.019500608,0,"0"
0.029439067,0.95907104,"0"
3.2529766e-05,0.6622702,"0"
0.083768725,0.25272888,"0"
0.6698046,0.00977753,"0"
0.0511784,0.13886826,"0"
0.00034529253,0.32779235,"0"
0.7390541,0,"0"
0.0026879366,0,"0"
0.00051283755,0,"0"
0.018538598,0,"0"
0.49355543,0.73726076,"0"
0.0021520723,0.996651,"0"
0.18213283,0,"0"
0.0005268586,0,"0"
0.026444256,0.79811376,"0"
0.00015929512,0.0026443792,"0"
2.880408e-05,0,"0"
0.0073807794,0.192725,"0"
0.056017254,0.58005786,"0"
0.0013559762,0,"0"
0.052279953,0.32548147,"0"
0.45242995,0,"0"
8.9980436e-05,0,"0"
0.3373464,0.99561346,"0"
0.0025820644,0,"0"
0.045095094,0.05531297,"0"
0.001708291,0.98512936,"0"
0.0514684,0.87963027,"0"
0.00018435092,0,"0"
0.79007167,0.97116077,"0"
0.41803408,0.98496115,"0"
0.006661266,0,"0"
0.16126135,0.5863643,"0"
0.02160139,0,"0"
0.00046356878,0,"0"
0.09669372,0.9934181,"0"
0.8736803,0,"0"
0.00038529388,0,"0"
0.30439422,0,"0"
0.009594171,0,"0"
0.69606596,0.0022896172,"0"
0.038974,0.9529348,"0"
0.008238381,0.9428114,"0"
0.028718328,0.783989,"0"
0.62240005,0,"0"
0.00034484843,0,"0"
0.053958423,0.6087923,"0"
0.015377668,0,"0"
0.005579997,0,"0"
0.009591611,0,"0"
0.6012928,0.6476233,"0"
0.014108863,0.8518321,"0"
0.018007876,0.97643334,"0"
0.0016128917,0.0021657147,"0"
0.019321563,0,"0"
9.7300515e-05,0,"0"
0.001569348,0,"0"
0.0053683477,0,"0"
0.0018838268,0,"0"
0.7410058,0.96020675,"0"
0.002279388,0,"0"
0.00011516902,0.9802752,"0"
0.00024061558,0.7562293,"0"
0.0008294884,0.055085327,"0"
0.00022781643,0,"0"
0.03468486,0,"0"
0.009423315,0,"0"
0.026014023,0.9337089,"0"
0.0044906884,0,"0"
1.8585268e-05,0.93989384,"0"
0.022709765,0.9524636,"0"
0.01876564,0.8352873,"0"
0.0024034933,0,"0"
0.04797535,0.9218792,"0"
0.10289156,0.86880034,"1"
0.10403391,0.9894503,"0"
0.00012647132,0.75922024,"0"
0.12865347,0,"0"
0.08110237,0.9643884,"0"
0.003689057,0,"0"
0.038857818,0.10001231,"0"
2.6744096e-05,0,"0"
0.00048930297,0,"0"
0.2616739,0,"0"
3.60249e-05,0.90530705,"0"
0.027422909,0,"0"
0.012587763,0,"0"
0.0121006435,0.84483105,"0"
0.00024199413,0.15385528,"0"
0.21407567,0,"0"
0.00052926503,0,"0"
0.02831557,0,"0"
0.0022043295,0.9979804,"0"
0.6329417,0,"0"
0.0010920756,0,"0"
0.0004218008,0,"0"
0.020313766,0,"0"
0.021393921,0,"0"
0.0009472174,0,"0"
0.0076850797,0.9156594,"0"
0.015534743,0.78430504,"0"
0.11910818,0,"0"
0.034102812,0.13352169,"0"
0.06165364,0.024002964,"0"
0.025011018,0,"0"
0.0016867691,0.98965913,"0"
0.0047478103,0.4667319,"0"
0.055997755,0.63820416,"0"
0.000998255,0,"0"
0.00022178296,0.86431664,"0"
0.5694734,0.79076487,"0"
0.01981756,0,"0"
0.00026476692,0,"0"
0.06306003,0,"0"
0.06845829,0,"0"
0.00038424577,0.9651823,"0"
8.256298e-06,0,"0"
9.409596e-07,0,"0"
0.00010237432,0.93058646,"1"
0.000256918,0.8042721,"0"
0.43038818,0.9544983,"0"
0.79204446,0.9692383,"0"
0.00021216959,0,"0"
0.001459546,0,"0"
0.003312188,0,"0"
0.97147334,0,"0"
0.00073727645,0,"0"
0.23841102,0,"0"
0.007244157,0.11062722,"0"
0.8717732,0.98553723,"0"
0.0037980892,0,"0"
0.003042042,0,"0"
0.16094337,0,"0"
0.00015536782,0.0038406663,"0"
0.048421018,0.8111199,"0"
0.0003070169,0,"0"
0.019444115,0.9823548,"0"
0.051038004,0.8467328,"0"
4.050204e-05,0,"0"
0.012749413,0.80887103,"0"
0.0064871297,0.015511388,"0"
0.00039751388,0.03479329,"0"
0.0002127597,0.8767766,"0"
0.07012852,0.6623046,"0"
0.00059967703,0,"0"
0.7642994,0,"0"
0.049059175,0,"0"
0.00019223538,0.5137213,"0"
3.1254651e-06,0,"0"
0.00030192552,0,"0"
0.45199648,0.27928504,"0"
0.02292675,0,"0"
0.008497894,0,"0"
0.45420122,0,"0"
0.1524872,0,"0"
0.032147482,0,"0"
0.95259297,0.9928477,"0"
0.06969985,0,"0"
0.0053639063,0.98728186,"0"
0.032946665,0.18630317,"0"
0.00036448945,0,"0"
0.25621805,0.964924,"0"
0.05137922,0.5748926,"0"
7.456547e-05,0.5547806,"0"
0.026290849,0,"0"
0.00822283,0.7078471,"0"
0.00024386073,0,"0"
0.0006061988,0.039239,"0"
8.255217e-05,0,"0"
0.00012685795,0.87468034,"0"
0.28697404,0.3969811,"0"
0.496624,0.835447,"0"
0.1917833,0.9263942,"0"
0.35665342,0,"0"
0.0005324721,0,"0"
3.4079956e-05,0,"0"
0.008379467,0.9967353,"0"
0.016962014,0.0022614195,"0"
0.42688483,0.9012308,"0"
0.0028221363,0,"0"
0.0029057553,0,"0"
0.0016192327,0.8950097,"0"
0.01824296,0.30554834,"0"
0.017528672,0,"0"
0.01288634,0,"0"
0.06301102,0.92619854,"0"
0.026921311,0,"1"
0.0016472711,0,"0"
0.0073557044,0,"0"
0.00061665,0.84980595,"0"
0.021863375,0,"0"
0.0036062766,0.0425006,"0"
0.18532176,0,"0"
0.0012546213,0,"0"
0.030492086,0.2551059,"0"
0.49651206,0,"0"
0.00050138857,0.31840146,"0"
0.002238807,0,"0"
0.32751375,0,"0"
0.14092696,0.029802343,"0"
0.003486387,0,"0"
0.049734358,0.8726178,"0"
0.1683989,0.429072,"0"
0.01300753,0.9520978,"0"
0.0070169163,0.9146079,"0"
8.2730585e-05,0,"0"
0.0001287704,0.8885478,"0"
0.02560198,0.9682313,"0"
0.0179053,0,"0"
0.008524403,0.779729,"0"
0.005062337,0,"0"
0.0076146745,0.92189395,"0"
0.055157788,0,"0"
0.3636199,0.21541779,"0"
4.544796e-06,0,"0"
0.0018663477,0,"0"
0.44146824,0,"0"
0.00040239203,0.9661195,"0"
0.11423282,0,"0"
0.01645644,0.029136267,"0"
0.007055102,0.1993607,"0"
0.020195259,0,"0"
2.174506e-06,0.040027555,"0"
0.0015692381,0,"0"
0.0017485579,0,"0"
0.9702278,0,"0"
1.299623e-05,0,"0"
0.05794477,0,"0"
0.4030588,0.9437931,"0"
0.0060898685,0.9711495,"0"
0.013779383,0,"0"
0.009656243,0.66309917,"0"
0.054219183,0.9577132,"0"
0.4089726,0.97100663,"0"
0.027339844,0.9348429,"0"
0.013060221,0,"0"
0.0038173252,0.85398173,"0"
0.0426838,0.7165232,"0"
0.027676973,0.97234464,"0"
0.020931067,0.6951003,"0"
0.0035008108,0,"0"
0.00030163408,0,"0"
0.0012292109,0,"0"
0.0003670902,0,"0"
0.0023435538,0,"0"
0.010981753,0,"0"
0.1723662,0,"0"
0.00047380893,0.9645501,"0"
0.024757843,0.05481013,"0"
0.025579281,0.98149455,"0"
0.1557117,0.12363738,"0"
0.00021016442,0.09248241,"0"
0.004966174,0,"0"
4.698252e-06,0.013056442,"0"
0.31835282,0.09532979,"0"
0.006563435,0,"0"
0.010992338,0.93256086,"0"
0.1105427,0.98928905,"0"
0.058426183,0,"0"
0.0020150142,0.28765213,"0"
0.014767927,0,"0"
0.0070199342,0,"0"
0.027319664,0,"0"
1.7686456e-05,0,"0"
0.0031070907,0.96357,"0"
0.22774193,0.9128394,"0"
0.12416698,0,"0"
0.27833995,0.008471086,"0"
0.011936789,0,"0"
0.60308015,0.9313203,"0"
0.14524016,0,"0"
0.00099436,0.9943574,"0"
0.006288892,0,"0"
0.99690443,0,"0"
0.00040480882,0.8517146,"0"
0.6702032,0,"0"
0.022845825,0.2261103,"0"
0.009847531,0,"0"
0.0075626434,0.9857859,"0"
0.009098669,0,"0"
0.17110355,0.025862819,"0"
0.0017745451,0.8371374,"0"
0.006843123,0,"0"
0.006112692,0,"0"
0.02360925,0.8217908,"0"
0.4700934,0,"0"
0.039125036,0.99450976,"0"
0.00040138882,0,"0"
0.02593362,0,"0"
0.003780611,0.021458887,"0"
0.21257243,0.022934858,"0"
0.008571254,0.020583387,"0"
0.0020867416,0.37048942,"0"
0.008563628,0.69175476,"0"
0.0027272045,0.48051268,"0"
0.015075411,0,"0"
0.00046109967,0.97640425,"0"
0.056054637,0.096176654,"0"
0.0110144485,0.026735483,"0"
0.038819984,0.12488605,"0"
0.0015756434,0,"0"
0.08017716,0,"0"
0.0058304174,0,"0"
0.00028229528,0,"0"
7.800713e-05,0.046726793,"0"
0.0003867976,0,"0"
0.08698152,0.9403588,"0"
0.0013486968,0.9723716,"0"
0.047641873,0.98486644,"0"
0.050222255,0,"0"
0.9358635,0,"0"
0.0005051175,0,"0"
0.01040177,0.9497409,"0"
0.001499642,0.023184258,"0"
0.9717686,0,"0"
0.0001085201,0.97126454,"0"
0.011641061,0,"0"
0.005611702,0.9968496,"0"
0.0014077948,0.99767154,"0"
0.0031156659,0,"0"
0.029530162,0.98592794,"0"
0.00012459929,0.45515358,"0"
1.5408073e-06,0,"1"
0.026416773,0.98621887,"0"
0.12989056,0.9941788,"0"
0.06399393,0,"0"
0.14367168,0.105639875,"0"
0.9556408,0,"0"
0.007206222,0.026019627,"0"
0.0017736051,0.9062537,"0"
0.02804641,0.94664943,"0"
0.30665857,0.9734822,"0"
0.06665516,0,"0"
0.0009198034,0.9679735,"0"
2.5924376e-07,0.9496588,"0"
0.00032863312,0.9864972,"0"
0.017826768,0,"0"
0.64693505,0,"0"
0.0036163328,0.9157469,"0"
0.012794409,0.1466527,"0"
0.019390142,0.9757352,"0"
0.0006597202,0,"0"
0.1594049,0.97908735,"0"
0.00064654177,0.08960354,"0"
5.6759898e-05,0.9361027,"0"
0.00010675657,0,"0"
0.00038897485,0,"0"
0.0006619195,0.98953897,"0"
0.00049031264,0,"0"
0.011265033,0.9950722,"0"
0.93642586,0,"0"
3.7711357e-05,0.991351,"0"
0.026445657,0,"0"
0.010684897,0.022993583,"0"
0.007738445,0,"0"
0.00031824823,0,"0"
0.6471505,0.6291054,"0"
0.09297093,0.73838496,"0"
0.009149573,0,"0"
0.013574045,0.96101713,"0"
0.00034304726,0.63087136,"0"
0.00023953538,0,"0"
0.030789295,0.80090135,"0"
5.2739008e-05,0,"0"
0.002609682,0.034001548,"0"
0.004639478,0.99390864,"0"
0.0002273527,0,"0"
0.0004196447,0.9917331,"0"
0.048361775,0.98669946,"0"
0.00055365846,0.98604506,"0"
0.32324722,0,"0"
0.12058195,0,"0"
0.055491637,0.99127114,"0"
0.035065506,0,"0"
0.02221123,0,"0"
0.1388942,0.6223561,"0"
0.00016853958,0.9887184,"0"
0.0016375835,0.95218027,"0"
0.0007620099,0.04874947,"0"
0.0069530313,0,"0"
7.995996e-05,0,"0"
0.06893704,0.9693015,"0"
0.0014542006,0.038937815,"0"
0.000108002896,0.021226658,"0"
0.00036367413,0.18631628,"0"
0.93514645,0.5249289,"0"
0.00033709017,0,"1"
0.00064694125,0.30372745,"0"
0.0077336133,0.8274506,"0"
0.0005448626,0.9452464,"0"
0.022183215,0,"0"
0.03387776,0,"0"
0.00043711084,0.9952727,"0"
0.0010897341,0.9776414,"0"
0.0139369825,0,"0"
0.06472862,0,"0"
0.059130378,0.88863313,"0"
0.0013697788,0,"0"
0.054669097,0.015700981,"0"
0.04114681,0.91931856,"0"
0.024566425,0.010337408,"0"
0.038185067,0,"0"
0.00023998665,0.988644,"0"
0.0104522845,0,"0"
0.005791163,0,"0"
7.4592215e-05,0,"0"
0.0024962313,0.41954455,"0"
1.2213134e-05,0,"0"
0.0004892689,0,"1"
0.0066503366,0.023639515,"0"
0.0010749379,0,"0"
0.8591589,0.8887225,"0"
0.0013830845,0,"0"
0.00125311,0.9788264,"0"
0.0068866336,0,"0"
4.380228e-05,0.9620658,"0"
0.0003348693,0.9949753,"0"
0.0022783147,0.70130163,"0"
0.24544267,0.048316136,"0"
0.14155099,0,"0"
2.6571412e-08,0.28568813,"0"
0.0004786806,0,"0"
0.013071147,0.012365678,"0"
0.0562146,0.7638943,"0"
0.9943942,0.9888332,"0"
0.00029087823,0.94594115,"0"
3.957472e-05,0,"0"
0.0026903485,0.89909714,"0"
0.00146461,0,"0"
0.9468162,0,"0"
0.0029076694,0.004513489,"0"
0.00078184874,0.046168998,"0"
0.8063883,0,"0"
1.9610216e-05,0.0050345706,"0"
0.47066596,0,"0"
0.0056572473,0,"0"
0.0013666612,0.016361587,"0"
0.015705073,0,"0"
0.9744435,0.8502769,"0"
0.017743528,0,"0"
0.02072424,0.96393406,"0"
9.809417e-05,0,"0"
0.031403746,0.97209924,"0"
0.04964824,0.00442755,"0"
0.0073505873,0.61186194,"0"
0.019719986,0,"0"
0.045046862,0,"0"
0.04544057,0.94519156,"0"
0.026704995,0,"0"
0.0034871753,0,"0"
0.05389631,0,"0"
0.25409558,0.98926955,"0"
0.021322805,0.984809,"0"
0.028855054,0,"0"
2.6455022e-05,0,"0"
0.37281176,0,"0"
0.0014792503,0.021416549,"0"
3.10383e-05,0,"0"
0.024669712,0.93973726,"0"
0.00060548214,0.90959924,"0"
0.005809625,0,"0"
0.0009265168,0.104293615,"0"
0.00021671651,0.9783956,"0"
4.8041213e-05,0.9530983,"0"
0.1904989,0.971247,"0"
0.00045468204,0.06499915,"0"
0.0002801303,0,"0"
6.666603e-05,0.853016,"0"
3.656683e-05,0.95147866,"0"
0.006647804,0.7899274,"0"
0.06455246,0.7043991,"0"
0.0019388434,0.9638317,"0"
1.2703485e-07,0.97255015,"0"
0.1314872,0.870363,"0"
0.046475273,0,"0"
9.5290426e-07,0,"0"
0.00047059916,0.50234795,"0"
0.0011897882,0.07752586,"0"
0.002324928,0.97870195,"0"
0.008288454,0.6202223,"0"
0.090090126,0,"1"
0.11208241,0.5642381,"0"
0.0005986748,0.9814875,"0"
0.008775487,0.0035341848,"0"
0.0025585166,0.9787835,"0"
0.0023071987,0.97012645,"0"
0.104888186,0.019389184,"0"
0.30380955,0,"0"
0.0030118178,0,"0"
0.012313138,0,"0"
0.03157552,0.12684537,"0"
0.0006872824,0.98753196,"0"
0.042973354,0,"0"
0.12488919,0,"0"
0.011945459,0.96717405,"0"
0.80072355,0.0011536727,"0"
0.7627806,0,"0"
0.0002035661,0.99294513,"0"
0.00016980227,0,"0"
0.48904452,0,"0"
0.0021501717,0,"0"
0.000759962,0.99897754,"0"
0.0013750847,0.018958623,"0"
0.0017064422,0.5263264,"0"
4.2410534e-07,0,"0"
0.0036599175,0,"0"
1.7346723e-07,0,"0"
0.0013149594,0.96392906,"0"
0.00068587,0.9817063,"0"
0.011493333,0.6631272,"0"
0.21054326,0,"0"
0.45419794,0.9619019,"0"
0.09589746,0.9672495,"0"
2.2529432e-05,0.003974136,"0"
1.8444984e-05,0.8051576,"0"
6.499699e-05,0.001376954,"0"
0.00058686774,0.009027324,"0"
3.6483863e-05,0,"0"
0.8727139,0.04430587,"0"
2.5725418e-08,0.9446154,"0"
0.0022069393,0.9197415,"0"
0.08334812,0,"0"
0.99693006,0,"0"
7.252348e-06,0.965453,"0"
0.14374794,0,"0"
5.3878415e-05,0.9247237,"0"
0.7500214,0.80551165,"0"
1.8828207e-05,0.9929437,"0"
0.0017201287,0.8777125,"0"
0.001821262,0.9980756,"0"
0.0015636926,0.07271477,"0"
0.0020763723,0,"0"
0.9663087,0.9284633,"0"
0.024788788,0.75949585,"0"
6.306588e-06,0,"0"
0.03737184,0.19991222,"0"
0.4237634,0.9984352,"0"
0.42872497,0,"0"
1.6594892e-06,0.88347226,"0"
1.4364232e-05,0,"0"
0.00064481504,0.9904283,"0"
3.6318856e-06,0.9870231,"0"
0.01452525,0.99337417,"0"
0.02649181,0,"0"
0.9994542,0,"0"
0.003695101,0.07584529,"0"
2.0251703e-06,0.010711206,"0"
5.4986504e-07,0.9940069,"0"
4.678277e-05,0,"0"
2.8621283e-05,0.0009109761,"0"
0.00020605043,0.24286017,"0"
0.7212569,0,"0"
6.1088444e-06,0,"0"
0.0023111613,0,"0"
2.0900177e-05,0,"0"
1.9621832e-06,0.0070921527,"0"
0.03632991,0,"0"
0.00055731065,0.37669355,"0"
0.52377367,0.69622284,"0"
3.0047999e-05,0,"0"
0.00036235593,0,"0"
0.0013845414,0,"0"
0.61644083,0.037239734,"0"
0.6499976,0,"0"
0.009000652,0,"0"
0.06410467,0,"0"
0.013398207,0,"0"
0.04070826,0,"0"
0.8235181,0.9948244,"0"
0.00020368726,0.015258678,"0"
0.73490727,0.9875567,"0"
0.05714321,0,"0"
0.04599752,0.97154367,"0"
0.00042662962,0.98507094,"0"
0.0003498379,0.9826682,"0"
0.49799415,0.02586659,"0"
0.0028360593,0.10014875,"0"
0.028319402,0.46765727,"0"
0.24709126,0,"0"
0.024322923,0,"0"
0.00030271124,0,"0"
0.3709602,0,"0"
0.11838759,0.14637014,"0"
0.19998276,0.9930916,"0"
0.033342864,0,"0"
0.0010828571,0,"0"
0.0028381797,0.117918275,"0"
0.024368739,0.010244235,"0"
0.013014902,0,"0"
1.345519e-05,0.6729215,"0"
0.42328423,0.90013003,"0"
0.9989429,0,"0"
0.9220135,0.5018939,"0"
0.09217024,0.998926,"0"
0.008672766,0,"0"
2.731331e-05,0.1256363,"0"
0.36378443,0.9948354,"0"
0.23570086,0.80332285,"0"
0.0013077778,0,"0"
0.1710912,0.99177575,"0"
0.016793085,0,"0"
0.6654636,0.07553861,"0"
0.0034366176,0,"0"
0.0034218503,0,"0"
0.033894118,0.9959151,"0"
0.20464827,0,"0"
0.00076851994,0,"0"
0.4317322,0,"0"
0.55665964,0,"0"
0.19284107,0.016892511,"0"
0.046592455,0.99344593,"0"
0.99117273,0.98838776,"0"
0.10768133,0.8941101,"0"
0.4913516,0,"0"
0.089512594,0,"0"
3.7827263e-05,0.9788578,"0"
0.11240359,0,"0"
0.06477963,0,"0"
0.013003558,0,"0"
0.045911413,0.8545547,"0"
0.00051912095,0.010212033,"0"
0.6144264,0,"0"
0.23873183,0.9894489,"0"
0.04605254,0,"0"
0.020994307,0,"0"
0.07156487,0,"0"
0.1746818,0,"0"
0.19175321,0.94404626,"0"
0.16002701,0,"0"
0.0010540988,0.3100286,"0"
0.00030023226,0,"0"
0.0011826832,0,"0"
4.2308935e-07,0.9094177,"0"
1.6419992e-06,0,"0"
6.7039546e-05,0,"0"
0.17783527,0.9167839,"0"
0.19912978,0.9936359,"0"
0.84569126,0,"0"
0.9810985,0.94399464,"0"
0.0034175748,0,"0"
0.0002564985,0.92906666,"0"
0.0022250228,0.958126,"0"
1.6797869e-05,0.71742314,"0"
0.40995952,0,"0"
0.0019119787,0.9541043,"0"
0.21190265,0,"0"
0.19345224,0.71892595,"0"
0.009769995,0,"0"
0.25665873,0,"0"
0.0056070634,0,"0"
0.14924887,0.95781744,"0"
0.03422499,0,"0"
0.001130982,0.27255872,"0"
0.005862403,0.12394102,"0"
0.0009959432,0,"0"
0.24327843,0,"0"
0.9485041,0.9978594,"0"
0.35811797,0,"0"
0.25245464,0,"0"
0.0021860078,0,"0"
0.5914575,0,"0"
0.6215512,0,"0"
0.13315216,0,"0"
5.4236443e-10,0,"0"
0.002837636,0.99287593,"0"
0.92453486,0.9458951,"0"
0.006849335,0,"0"
0.008787325,0.43443474,"0"
0.6747046,0.066943824,"0"
2.0495231e-06,0,"0"
0.00059089315,0.9947513,"0"
0.010294679,0.5859129,"0"
0.0040224856,0.6666427,"0"
0.067122556,0,"0"
0.016550554,0.9732501,"0"
0.30039158,0.96988726,"0"
6.612822e-05,0.85157526,"0"
0.041578252,0,"0"
0.3467503,0,"0"
0.004721301,0,"0"
0.5790779,0,"0"
2.2514312e-05,0.82793814,"0"
0.052105233,0,"0"
0.00010617848,0.37681252,"0"
1.6147905e-07,0.71503454,"0"
0.018811414,0,"0"
0.119232565,0,"0"
0.8693496,0,"0"
0.12584,0,"0"
0.0074802344,0,"0"
0.9592748,0.88519746,"0"
0.86950386,0,"0"
0.001643871,0.1560328,"0"
7.868474e-05,0,"0"
0.99999607,0,"0"
0.006311628,0.010817607,"0"
0.15119247,0.807191,"0"
0.048130915,0,"0"
0.9995765,0.95765823,"0"
0.06917275,0,"0"
0.064103484,0.70046514,"0"
0.0013112937,0.16136132,"0"
0.8875297,0.9617207,"0"
0.00021602129,0,"0"
0.3665393,0,"0"
0.06113485,0.7935731,"0"
0.017212091,0,"0"
0.00022799002,0,"0"
0.23637573,0.058445,"0"
0.06491515,0,"0"
0.00078605907,0,"0"
0.99900204,0,"0"
0.41262022,0,"0"
0.003413616,0,"0"
0.8715898,0.9920399,"0"
0.02019205,0,"0"
0.0003430947,0.99230206,"0"
0.001726382,0.61986995,"0"
0.9926999,0,"0"
0.27991095,0.99132687,"0"
0.006104745,0.86257035,"0"
0.025948413,0.8645636,"0"
0.65258,0.2923991,"0"
0.8020681,0.25811836,"0"
0.061001066,0,"0"
0.0006142333,0.8583947,"0"
0.009471445,0.14759715,"0"
0.002543522,0.8325821,"0"
0.6425021,0,"0"
0.97197556,0,"0"
9.530479e-05,0,"0"
0.83888984,0.99965096,"0"
0.01711489,0.007999694,"0"
0.000593062,0.9902148,"0"
0.03309733,0,"0"
0.9951805,0.9531867,"0"
0.8278852,0.3494408,"0"
0.7939077,0,"1"
0.99697256,0,"0"
0.0054884134,0.8205319,"0"
0.06257377,0,"0"
0.0018062803,0,"0"
3.2063774e-05,0,"0"
0.9952129,0.7236811,"0"
0.023245996,0.10749208,"0"
0.6359014,0,"0"
4.9581544e-05,0.9869157,"0"
0.0019272594,0,"0"
0.081087016,0.21007779,"0"
0.2912453,0,"0"
0.24116339,0.4096124,"0"
0.00021445278,0,"0"
0.86154044,0,"0"
0.0021152755,0.09919171,"0"
0.9986364,0,"0"
0.9983878,0.94307566,"0"
0.0026604165,0.8387719,"0"
0.9304448,0.9757229,"0"
0.003051175,0.9480679,"0"
0.037925277,0,"0"
0.004757265,0.95614904,"0"
0.0040563024,0.90899867,"0"
0.050941166,0,"0"
0.17838547,0,"0"
0.0062629543,0.8827172,"0"
0.45219734,0.494628,"0"
1,0,"0"
0.36121848,0,"0"
0.94349307,0,"0"
0.00028304933,0.97198135,"0"
0.10274634,0,"0"
1,0.11128345,"0"
0.46916372,0.1865381,"0"
0.03377136,0,"0"
0.778161,0.03862597,"0"
0.57216394,0,"0"
0.054691292,0,"0"
0.728699,0,"0"
3.8045534e-06,0,"0"
0.22313276,0,"0"
0.9050004,0.9832919,"0"
0.70336473,0.97559977,"0"
0.00042156182,0,"0"
0.3099881,0.98919684,"0"
0.0017176348,0,"0"
0.9999207,0.30258864,"0"
0.10560699,0.93593544,"0"
0.016068725,0.6810306,"0"
0.9947233,0.92571294,"0"
0.9999995,0,"0"
0.45858684,0,"0"
0.10057256,0,"0"
0.004320276,0,"0"
0.99294174,0,"0"
0.2745999,0,"0"
0.0011073448,0.14043146,"0"
0.9999882,0.015681487,"0"
0.014769315,0.0099441055,"0"
0.017330391,0.7158719,"0"
0.0021046626,0.042883098,"0"
0.7365849,0.62940526,"0"
9.2149814e-05,0,"0"
0.00101933,0.90075886,"0"
0.7549253,0,"0"
0.06644467,0.65049326,"0"
0.07438277,0,"0"
0.013011588,0,"0"
0.011893064,0,"0"
0.0002353572,0,"0"
0.03600106,0,"0"
0.0024975985,0.9961933,"0"
0.0030440006,0.28739262,"0"
0.9959033,0,"0"
0.122810476,0.028274659,"0"
0.0018510179,0,"0"
0.99999523,0.9479764,"0"
0.38269585,0,"0"
0.9999485,0.9965072,"0"
0.97793794,0,"0"
0.0204717,0,"0"
0.060674243,0.005528426,"0"
0.025170745,0,"0"
0.23188591,0.68783766,"0"
9.151022e-07,0,"0"
0.016589474,0.98742515,"1"
0.9999676,0,"0"
0.08466391,0.6320026,"0"
5.047208e-07,0,"0"
1,0,"0"
0.52605534,0.3205557,"0"
3.22963e-05,0,"0"
0.7518307,0.98788536,"0"
4.5583627e-05,0,"0"
0.0007603184,0,"0"
0.6423085,0.012583764,"0"
0.00038554813,0.082330905,"0"
0.98718065,0.54195243,"0"
9.3766284e-05,0.61779624,"0"
0.9845495,0.22239451,"0"
0.0001052307,0,"0"
0.0021057704,0.09392584,"0"
0.00021787488,0,"0"
0.56573105,0.07527968,"0"
0.0013604673,0,"0"
8.634035e-05,0,"0"
0.24656723,0,"0"
0.99899524,0,"0"
7.997643e-06,0.015723696,"0"
0.9923011,0,"0"
0.9998356,0.9767551,"0"
0.00010057667,0.99127215,"0"
0.9999982,0.9892124,"0"
0.7636948,0,"0"
0.18331906,0,"0"
0.017874552,0,"0"
0.029269403,0.95759654,"0"
0.0022688888,0.63942134,"0"
0.8325735,0.9688551,"0"
0.9999685,0,"0"
0.39663482,0.9936156,"1"
4.1102797e-07,0.99895346,"0"
0.00029315925,0.97251004,"0"
0.9860551,0.125264,"0"
0.028280051,0.96808976,"0"
0.0049068327,0,"0"
0.0029813913,0.1423974,"0"
0.99535596,0,"0"
0.12498212,0.08884354,"0"
0.9922146,0.9072343,"0"
0.04307685,0.9045854,"0"
0.00030931056,0.99203545,"0"
0.0074307504,0,"0"
0.42290235,0.9780864,"0"
0.9989801,0.98371947,"0"
0.04332718,0,"0"
0.04368682,0,"0"
2.5338552e-06,0.6195884,"0"
0.0008690771,0.6772755,"0"
0.9999994,0.98492646,"0"
0.010846207,0,"0"
0.8924879,0.9971095,"0"
0.96185505,0.2098671,"0"
0.034669887,0.96977174,"0"
0.3903981,0,"0"
0.04965073,0,"0"
0.019619506,0.9961611,"0"
6.8494944e-07,0,"0"
0.48266658,0.9912684,"0"
0.00029492308,0,"0"
0.9859659,0,"0"
0.010492408,0,"0"
0.7023441,0.42001763,"0"
0.99999845,0.92935497,"0"
0.0034602701,0.965939,"0"
3.5486664e-07,0,"0"
0.9999366,0.95911944,"0"
2.8935265e-06,0.9625437,"0"
0.99715036,0,"0"
0.18548931,0.9581137,"0"
0.9999999,0,"0"
0.9781436,0.06632308,"0"
0.00069831987,0.9947147,"0"
0.8622197,0,"0"
3.7180484e-07,0.9947803,"0"
0.5792761,0.9853286,"0"
0.04902064,0.99534035,"0"
0.9996191,0.99567944,"0"
0.00028446666,0,"0"
0.00037632097,0,"0"
0.97463506,0.09730865,"0"
0.9999975,0.2481846,"0"
0.13272052,0.88500655,"0"
2.6808344e-05,0,"0"
0.999941,0,"0"
0.17996176,0,"0"
0.00012909068,0.117805645,"0"
2.7228118e-06,0.20939349,"0"
0.999696,0.13446948,"0"
0.03701771,0,"1"
1,0.33616546,"0"
1,0.9395633,"0"
0.00018656913,0.22879189,"0"
0.0012572496,0,"0"
0.16064195,0,"0"
0.9997725,0.9797881,"0"
1,0,"0"
0.9982139,0,"0"
6.7040296e-06,0.92216825,"0"
0.00046023418,0,"0"
0.25064525,0.05370772,"0"
0.99999046,0.9970578,"0"
0.0004857097,0.68601185,"0"
0.1975999,0.0409447,"0"
7.472919e-06,0.99559855,"0"
9.545478e-07,0,"0"
0.00015611465,0,"0"
0.02533283,0,"0"
0.11945715,0.01771029,"0"
0.040171243,0.015464243,"0"
0.017916247,0,"0"
0.077218875,0,"0"
0.007001829,0.035960916,"0"
0.08811643,0,"0"
0.99133974,0.5112087,"0"
0.46327892,0,"0"
0.81009215,0.9987337,"0"
5.7935436e-06,0,"0"
0.8152589,0.95156956,"0"
0.99999785,0.97815484,"0"
0.0044168243,0.99830174,"0"
3.9784236e-06,0.7784341,"0"
0.29794613,0.006015647,"0"
0.9305012,0,"0"
3.6094177e-06,0.8666467,"0"
0.02389388,0,"0"
0.09249632,0.20930797,"0"
0.027611582,0.98724884,"0"
0.8863802,0.22511773,"0"
0.16011807,0.957423,"0"
0.9936487,0,"0"
0.9623018,0,"0"
0.9995192,0.44629386,"0"
0.17091155,0.121200524,"1"
1,0.041704584,"0"
2.7053638e-06,0,"0"
0.9999982,0.09449521,"0"
0.53947836,0,"0"
8.163052e-06,0,"0"
0.24479438,0.012768008,"0"
5.5427145e-06,0,"0"
0.012480358,0,"0"
0.9998995,0.99637467,"0"
0.99996257,0,"0"
0.9999969,0.9877422,"0"
0.025095223,0.009759915,"0"
0.883154,0.681107,"0"
5.9538625e-08,0,"0"
1.0272776e-05,0.9845563,"0"
0.0037529794,0,"0"
0.96930796,0,"0"
0.018281428,0.99343044,"0"
0.61436397,0.9732289,"0"
9.088848e-08,0,"0"
0.99508625,0,"0"
0.9999528,0,"0"
0.0031597177,0.05053978,"0"
0.9999405,0.08074122,"0"
0.9999993,0.98318094,"0"
5.4510776e-05,0,"0"
0.003101265,0.9821446,"0"
0.15473412,0,"0"
7.687138e-08,0.88670677,"0"
0.9999994,0.9711466,"1"
0.08827685,0.98035437,"0"
3.0489527e-06,0,"0"
0.11635374,0.7680062,"0"
1,0.60918725,"0"
1,0.8698001,"0"
0.005578513,0.045036722,"0"
0.023248529,0.93680906,"0"
0.0004773144,0.99504083,"0"
0.9998312,0.06600854,"0"
0.32439736,0.93637383,"0"
0.9968664,0,"0"
0.00017940578,0,"0"
0.17786328,0.039075177,"0"
0.0006409373,0.086270966,"0"
0.99997556,0.9893282,"0"
3.4160706e-11,0.8302335,"0"
9.590079e-07,0.8972835,"0"
1,0.9829607,"0"
0.77668965,0.02403316,"0"
0.9999999,0.9966107,"0"
0.058755353,0.19388881,"0"
4.061394e-05,0,"0"
6.339056e-10,0,"0"
0.02960704,0.99091995,"0"
1,0,"1"
0.018592738,0,"0"
0.00097136234,0,"0"
0.014862792,0.99859077,"0"
0.00012080874,0.027074201,"0"
0.13475397,0.9937511,"0"
0.0005804153,0,"0"
0.6266377,0,"0"
8.653355e-05,0,"0"
0.05856471,0.9996363,"0"
4.0974057e-05,0,"0"
0.4478452,0.022519337,"0"
1.3259607e-06,0.89081734,"0"
0.116085686,0,"0"
0.00011465304,0,"0"
0.001793896,0.9963315,"0"
0.99999785,0.9935741,"0"
2.1067548e-07,0.8643377,"0"
0.79573923,0,"0"
0.997417,0.98861015,"0"
0.9999999,0.98514855,"0"
1,0.009726083,"0"
5.2918226e-06,0.1946049,"0"
0.0015378909,0.08556072,"0"
0.0038479343,0.034826525,"0"
0.0017970855,0.98414814,"0"
0.99999917,0.9685507,"0"
1,0,"0"
0.041216135,0,"0"
0.003136168,0.9896724,"0"
0.0002915315,0,"0"
0.047147844,0.09760209,"0"
1,0.99596703,"0"
0.0035241884,0.92762935,"0"
0.031918842,0.2737187,"0"
1,0,"0"
1,0.900635,"0"
0.10194386,0.38914376,"0"
5.6324876e-05,0,"0"
1,0.9991035,"0"
0.027704053,0,"0"
7.6983537e-07,0.9856699,"0"
4.403141e-06,0,"0"
0.2023243,0.9983516,"0"
1,0.9740098,"0"
0.9736559,0,"0"
1,0,"0"
0.0007060677,0.02504493,"0"
0.44992515,0.9955635,"0"
1.7343424e-08,0.058867306,"0"
0.0069547966,0.64918804,"0"
1,0,"0"
0.99925584,0,"0"
1,0.009960681,"0"
0.007327501,0,"0"
1,0,"0"
8.0551717e-13,0.047065943,"0"
0.15684777,0.7234752,"0"
1,0,"0"
0.00015265214,0,"0"
1,0,"0"
0.00039274787,0,"1"
0.98838556,0.91380036,"1"
0.37221965,0,"1"
0.004221467,0.29980814,"1"
0.9341796,0,"0"
4.077946e-12,0,"0"
0.94706595,0,"0"
0.00049197854,0,"0"
2.3822768e-05,0,"0"
0.0037547164,0,"0"
0.20734808,0,"0"
0.06329809,0,"0"
0.124110885,0,"0"
0.0034774654,0,"0"
0.0011019465,0,"0"
2.4005212e-05,0,"0"
2.9174166e-06,0,"0"
0.0061222785,0,"0"
0.054006465,0,"0"
0.11595936,0,"0"
0.0037150509,0,"0"
6.0668295e-05,0,"0"
0.00061529677,0,"0"
0.03643598,0,"0"
3.481599e-05,0,"0"
0.00020268197,0,"0"
0.0002263873,0,"0"
6.602882e-08,0,"0"
8.961684e-06,0,"0"
0.00078004925,0,"0"
7.3823074e-05,0,"0"
0.0013261529,0,"0"
1.0738906e-05,0,"0"
0.0036143109,0,"0"
0.00047116875,0,"0"
1.0689044e-05,0,"0"
0.008707465,0,"0"
0.00054041424,0,"0"
0.00040222958,0,"0"
0.0021784003,0,"0"
0.0008331553,0,"0"
0.0031101347,0,"0"
0.0012562476,0,"0"
0.0850578,0,"0"
0.35506734,0,"0"
0.00042840134,0,"0"
1.6691425e-06,0,"0"
0.0005611604,0,"0"
0.00015014161,0,"0"
1.006476e-05,0,"0"
0.0024463153,0,"0"
0.03193632,0,"0"
0.005337481,0,"0"
6.0158036e-05,0,"0"
0.0021579096,0,"0"
0.0018402104,0,"0"
0.00074722397,0,"0"
0.00010932683,0,"0"
0.0010657392,0,"0"
0.0027603053,0,"0"
3.11766e-05,0,"0"
0.09343121,0,"0"
0.019327706,0,"0"
0.014999699,0,"0"
0.008652284,0,"0"
0.23075849,0,"0"
0.0018347498,0,"0"
0.44607025,0,"0"
0.000105928084,0,"0"
0.0070604817,0,"0"
6.518668e-05,0,"0"
0.0012842341,0,"0"
0.9912579,0,"0"
0.8719428,0,"0"
5.797865e-05,0,"0"
3.3556065e-05,0,"0"
3.0215464e-05,0,"0"
0.0035983112,0,"0"
0.33484614,0,"0"
0.0003086154,0,"0"
0.001389704,0,"0"
0.17890765,0,"0"
0.00088727265,0,"0"
0.00014922672,0,"0"
0.0002927771,0,"0"
5.045974e-05,0,"0"
0.0010729174,0,"0"
1.7026501e-05,0,"0"
0.004303948,0,"0"
0.007636799,0,"0"
0.0008552652,0,"0"
5.3496634e-09,0,"0"
0.0007901679,0,"0"
0.027845016,0,"0"
3.087424e-06,0,"0"
0.0029164946,0,"0"
0.9173221,0,"0"
7.4737673e-06,0,"0"
4.3439257e-05,0,"0"
8.9184534e-05,0,"0"
2.838407e-05,0,"0"
0.0031727839,0,"0"
0.0019629428,0,"0"
0.0041157417,0,"0"
3.5394232e-06,0,"0"
0.00041937098,0,"0"
0.0064753876,0,"0"
2.9437124e-06,0,"0"
0.059007272,0,"0"
0.022883443,0,"0"
0.0004322211,0,"0"
0.00027452767,0,"0"
0.026944388,0,"0"
0.00010593627,0,"0"
2.069909e-07,0,"0"
0.0024691583,0,"0"
0.00039484337,0,"0"
0.09900742,0,"0"
0.003255826,0,"0"
0.00024142493,0,"0"
7.944579e-05,0,"0"
0.013218883,0,"0"
0.0008084965,0,"0"
9.789801e-06,0,"0"
0.0001972384,0,"0"
1.1609102e-05,0,"0"
0.00025569688,0,"0"
0.020047305,0,"0"
0.52982235,0,"0"
0.003142301,0,"0"
0.004159294,0,"0"
0.01604906,0,"0"
0.00012482512,0,"0"
0.009628936,0,"0"
0.023011062,0,"0"
1.1704986e-05,0,"0"
1.8705898e-05,0,"0"
0.96363485,0,"0"
0.5520349,0,"0"
0.0011832973,0,"0"
0.011045934,0,"0"
0.00045059252,0,"0"
0.0009450543,0,"0"
0.0019775436,0,"0"
0.27791622,0,"0"
0.0020088751,0,"0"
0.002816293,0,"0"
0.004059835,0,"0"
0.05855052,0,"0"
1.6126272e-05,0,"0"
0.019582514,0,"0"
0.009711875,0,"0"
0.0097379945,0,"0"
0.9719464,0,"0"
7.338489e-05,0,"0"
4.6074463e-05,0,"0"
0.00074501446,0,"0"
0.0012693941,0,"0"
0.0009625854,0,"0"
0.049048275,0,"0"
0.05064664,0,"0"
0.0020989608,0,"0"
0.0040443055,0,"0"
0.0007362776,0,"0"
0.0004875215,0,"0"
0.011488404,0,"0"
0.7116651,0,"0"
0.00025658435,0,"0"
8.071075e-06,0,"0"
0.083648555,0,"0"
0.027581625,0,"0"
0.06884948,0,"0"
0.0053763734,0,"0"
0.017931866,0,"0"
0.00026422399,0,"0"
0.35382453,0,"0"
0.59092534,0,"0"
7.907498e-07,0,"0"
0.0043794704,0,"0"
0.09811613,0,"0"
0.27866605,0,"0"
0.0063039553,0,"0"
0.026499337,0,"0"
0.03833694,0,"0"
0.010166078,0,"0"
1.692615e-06,0,"0"
0.0017940446,0,"0"
0.080733664,0,"0"
0.0018857763,0,"0"
0.00017832231,0,"0"
0.0042483555,0,"0"
2.146481e-06,0,"0"
0.00012136122,0,"0"
0.00091052137,0,"0"
0.13500518,0,"0"
0.00011593548,0,"0"
0.058718357,0,"0"
1.0404479e-05,0,"0"
0.0010476441,0,"0"
0.0025577827,0,"1"
0.07159421,0,"0"
5.6318195e-06,0,"0"
0.0010749573,0,"0"
3.4081735e-09,0,"0"
0.0053072413,0,"0"
2.8718466e-06,0,"0"
0.00074978895,0,"0"
0.017876444,0,"0"
0.16395718,0,"0"
0.0017392118,0,"0"
0.00030285385,0,"0"
0.5886677,0,"0"
1.546609e-05,0,"0"
0.0021565435,0,"0"
0.08380718,0,"0"
5.034165e-06,0,"0"
0.016712693,0,"0"
0.025780935,0,"0"
0.0005032514,0,"0"
2.9493882e-05,0,"0"
0.009264135,0,"0"
2.4486599e-05,0,"0"
7.9366455e-06,0,"0"
0.008356995,0,"0"
0.00012739458,0,"0"
0.11872091,0,"0"
0.00016698283,0,"0"
0.0013465707,0,"0"
1.2083783e-05,0,"0"
0.40519187,0,"0"
0.0005643086,0,"0"
0.0013291604,0,"0"
0.0015352061,0,"0"
2.2421474e-07,0,"0"
0.002617986,0,"0"
0.10723704,0,"0"
0.0076565766,0,"0"
0.0033801366,0,"0"
0.30184445,0,"0"
3.7468524e-06,0,"0"
4.9667024e-06,0,"0"
0.00037689216,0,"0"
4.8502417e-05,0,"0"
0.0022216516,0,"0"
0.029842855,0,"0"
3.3239387e-05,0,"0"
0.9962534,0,"0"
0.0006523336,0,"0"
0.007834002,0,"0"
1.0047269e-05,0,"0"
0.0075536156,0,"0"
0.0002878472,0,"0"
0.00020119935,0,"0"
0.008366287,0,"0"
0.00017367906,0,"0"
0.06318535,0,"0"
0.00016663258,0,"0"
0.001637836,0,"0"
3.7183958e-07,0,"0"
0.025765311,0,"0"
0.0017149949,0,"0"
0.00030303176,0,"0"
0.0013112363,0,"0"
0.00085271336,0,"0"
0.00023333711,0,"0"
0.011064092,0,"0"
0.00067633926,0,"0"
4.8189144e-05,0,"0"
0.011042189,0,"0"
1.2437006e-05,0,"0"
0.09528622,0,"0"
0.00082116865,0,"0"
0.05362253,0,"0"
0.0053347754,0,"0"
0.00010430579,0,"0"
7.589166e-05,0,"0"
2.3468743e-05,0,"0"
0.00043336165,0,"0"
0.0024186785,0,"0"
0.00012434945,0,"0"
0.000112087364,0,"0"
0.013106627,0,"0"
0.037482347,0,"0"
0.0015076016,0,"0"
0.014780442,0,"0"
0.0071206,0,"0"
5.896986e-06,0,"0"
0.48504898,0,"0"
0.00039066887,0,"0"
0.00016875264,0,"0"
0.017282918,0,"0"
0.08642971,0,"0"
0.0006024067,0,"0"
1.1220424e-07,0,"0"
0.00050411676,0,"0"
0.25492382,0,"0"
0.021730978,0,"0"
0.00286869,0,"0"
0.7635104,0,"0"
0.00014657252,0,"0"
0.001962531,0,"0"
0.0014625208,0,"0"
3.8210852e-05,0,"0"
0.006243043,0,"0"
0.96632564,0,"0"
0.013782447,0,"0"
3.651985e-06,0,"0"
0.029700015,0,"0"
3.232135e-05,0,"0"
0.003581703,0,"0"
0.0019441536,0,"0"
0.0012083604,0,"0"
0.0013388795,0,"0"
2.229417e-06,0,"0"
0.00044730093,0,"0"
0.0012500052,0,"0"
0.0022534677,0,"0"
0.00018971815,0,"0"
0.0076783043,0,"0"
0.066026896,0,"0"
0.0018728871,0,"0"
0.0012997548,0,"0"
0.001582376,0,"0"
0.015194386,0,"0"
1.7355319e-14,0,"0"
9.458241e-05,0,"0"
0.16075476,0,"0"
0.00050696154,0,"0"
0.00018693043,0,"0"
0.019598568,0,"0"
0.0001967253,0,"0"
0.0002945404,0,"0"
2.1751368e-05,0,"0"
0.0001307915,0,"0"
0.005277059,0,"0"
0.0024802221,0,"0"
3.9825732e-10,0,"0"
0.031010458,0,"0"
0.06664623,0,"0"
0.018484564,0,"0"
0.0071989316,0,"0"
0.12717213,0,"0"
0.023277968,0,"0"
0.035089638,0,"0"
5.0709812e-05,0,"0"
0.5691403,0,"0"
0.0072997017,0,"0"
0.31658012,0,"0"
0.013838202,0,"0"
0.002168417,0,"0"
0.06996041,0,"0"
5.3184212e-05,0,"0"
0.1561742,0,"0"
0.00015071478,0,"0"
0.17292523,0,"0"
0.0031978942,0,"0"
1.0812661e-05,0,"0"
0.037753116,0,"0"
0.80321836,0,"0"
0.00025218984,0,"0"
0.012192024,0,"0"
2.768701e-07,0,"0"
0.010502051,0,"0"
0.0018695279,0,"0"
0.07729594,0,"0"
1.9345374e-05,0,"0"
0.0069767535,0,"0"
0.0007342688,0,"0"
0.0010687303,0,"0"
0.0035643613,0,"0"
7.706591e-06,0,"0"
0.03321598,0,"0"
0.0004386197,0,"0"
1.262975e-05,0,"0"
0.0019899947,0,"0"
0.0005059834,0,"0"
0.026066434,0,"0"
0.00013011853,0,"0"
0.0030700457,0,"0"
0.00038906626,0,"0"
0.09031562,0,"0"
0.09130327,0,"0"
0.00301741,0,"0"
0.00055908656,0,"0"
0.00090018375,0,"0"
0.6274639,0,"0"
0.006915837,0,"0"
0.09411156,0,"0"
0.0022349227,0,"0"
0.0035568785,0,"0"
5.747756e-06,0,"0"
0.00066360534,0,"0"
0.00016793192,0,"0"
3.0190924e-06,0,"0"
0.030437931,0,"0"
0.006907043,0,"0"
0.011612677,0,"0"
0.016927455,0,"1"
0.0005921168,0,"0"
0.037288886,0,"0"
0.0050144675,0,"0"
0.00078284775,0,"0"
0.16093582,0,"0"
0.0029773333,0,"0"
0.00088365434,0,"0"
0.00061183376,0,"0"
0.021741461,0,"0"
0.0021176464,0,"0"
0.00059204374,0,"0"
0.78547174,0,"0"
0.030593785,0,"0"
0.850224,0,"0"
5.9536585e-05,0,"0"
0.00024236798,0,"0"
0.0010238722,0,"0"
9.728413e-06,0,"0"
0.00020453149,0,"0"
2.7875326e-06,0,"0"
5.1332686e-06,0,"0"
0.0003040191,0,"0"
0.00523481,0,"0"
0.00010726975,0,"0"
7.742063e-05,0,"0"
0.00017097448,0,"0"
0.9858504,0,"0"
0.0023386388,0,"0"
0.0012892104,0,"0"
0.0006009214,0,"0"
0.002682308,0,"0"
0.44935077,0,"0"
0.2018451,0,"0"
0.0045799273,0,"0"
0.0036805803,0,"0"
0.45757878,0,"0"
0.027221268,0,"0"
5.6662986e-05,0,"0"
0.26072627,0,"0"
0.95811576,0,"0"
0.0117580015,0,"0"
0.0012986326,0,"0"
0.00062203937,0,"0"
0.19631907,0,"0"
0.13735993,0,"0"
0.9452939,0,"0"
2.8377283e-06,0,"0"
0.0006235345,0,"0"
0.00013956672,0,"0"
3.250889e-05,0,"0"
0.0037689516,0,"0"
0.0002827362,0,"0"
0.00027416696,0,"0"
0.0037377365,0,"0"
0.9985177,0,"0"
2.1874396e-08,0,"0"
0.0071346774,0,"0"
0.021368328,0,"0"
0.059944004,0,"0"
1.9024591e-06,0,"0"
0.0007224489,0,"0"
0.0008519479,0,"0"
8.094116e-07,0,"0"
0.00088828424,0,"0"
0.004219996,0,"0"
0.0007096343,0,"0"
0.00061263464,0,"0"
0.0019020305,0,"0"
0.00021147725,0,"0"
0.048899498,0,"0"
0.001077848,0,"0"
0.01401149,0,"0"
0.0028924854,0,"0"
0.5649711,0,"0"
0.0010182913,0,"0"
0.004344446,0,"0"
0.0005149659,0,"0"
0.33488205,0,"0"
1.3230527e-07,0,"0"
0.0014279635,0,"0"
0.0001041297,0,"0"
0.00054890726,0,"0"
0.03233174,0,"0"
0.0001517208,0,"0"
0.40620264,0,"0"
0.84963226,0,"0"
0.99995506,0,"0"
0.0010201664,0,"0"
0.3749281,0,"0"
0.087940425,0,"0"
0.0011050212,0,"0"
0.19051434,0,"0"
0.005259702,0,"0"
0.04199386,0,"0"
0.0012497951,0,"0"
0.0012962833,0,"0"
0.00043666773,0,"0"
2.1648455e-05,0,"0"
0.014577633,0,"0"
0.038906615,0,"0"
0.99866045,0,"0"
7.3149575e-05,0,"0"
0.00404791,0,"0"
0.022930808,0,"0"
0.05233231,0,"0"
0.0040634684,0,"0"
0.0007133299,0,"0"
4.9668297e-06,0,"0"
0.023078585,0,"0"
1.925467e-05,0,"0"
0.05418513,0,"0"
0.45179686,0,"0"
8.9153415e-05,0,"0"
0.0014456634,0,"0"
0.6353914,0,"0"
0.0040481235,0,"0"
0.0021849046,0,"0"
1.8251789e-05,0,"0"
0.00014381541,0,"0"
0.24330959,0,"0"
0.0067956424,0,"0"
0.054351088,0,"0"
2.723523e-05,0,"0"
6.545433e-07,0,"0"
0.00019459538,0,"0"
0.00016335034,0,"0"
0.0017596788,0,"0"
0.029821796,0,"0"
0.0061387643,0,"0"
4.8533275e-05,0,"0"
0.018673496,0,"0"
0.34703818,0,"0"
1.6713611e-05,0,"0"
0.00027032034,0,"0"
9.651629e-06,0,"0"
0.00014205289,0,"0"
0.0009805118,0,"0"
0.18535505,0,"0"
0.33987668,0,"0"
0.0011192109,0,"0"
0.005342731,0,"0"
0.010903618,0,"0"
0.00025733965,0,"0"
0.44444898,0,"0"
0.00017647671,0,"0"
1.731708e-08,0,"0"
0.00014995561,0,"0"
0.00023230577,0,"0"
0.019104334,0,"0"
0.31381667,0,"0"
0.9705613,0,"0"
0.0069892816,0,"0"
1.1644568e-06,0,"0"
0.99976474,0,"0"
0.0011219227,0,"0"
0.00065439125,0,"0"
3.5157245e-05,0,"0"
2.8007496e-06,0,"0"
0.047810838,0,"0"
0.00033822536,0,"0"
0.08921726,0,"0"
0.0728985,0,"0"
0.9999893,0,"0"
0.084446184,0,"0"
0.00088727934,0,"0"
0.0011035848,0,"0"
0.004855995,0,"0"
4.6837144e-05,0,"0"
0.009366994,0,"0"
0.4176029,0,"0"
0.95746964,0,"0"
0.009080634,0,"0"
0.00562615,0,"0"
0.9999777,0,"0"
0.0040973914,0,"0"
0.73818934,0,"0"
7.305881e-05,0,"0"
0.7171425,0,"0"
0.7488018,0,"0"
0.7177293,0,"0"
0.14235538,0,"0"
0.5790689,0,"0"
1.3332616e-11,0,"0"
0.0065726475,0.35009298,"0"
0.00015964516,0,"0"
0.0004736913,0,"0"
0.0046011196,0.2859754,"0"
0.22243723,0.08058344,"0"
0.051911585,0.31168953,"0"
0.00036992272,0,"0"
0.9645444,0,"0"
0.0464108,0.112551264,"0"
0.00014602371,0.096630864,"0"
0.004092745,0.009964402,"0"
0.011318854,0.885921,"0"
0.91314834,0,"0"
0.0020264979,0,"0"
0.010894772,0,"1"
0.012741224,0,"0"
0.16231285,0.016394565,"0"
0.0008749282,0.36958423,"0"
0.00074568175,0,"0"
0.0006592517,0,"0"
0.0047493246,0.3064903,"0"
0.0011482314,0.50085276,"0"
0.036185067,0,"0"
0.011164589,0.93675923,"0"
0.01616489,0.011531231,"0"
0.014313189,0,"0"
0.00023458204,0.98726314,"0"
0.34314796,0,"0"
0.034353625,0,"0"
0.41092533,0.6101124,"0"
0.012531265,0,"0"
0.099322714,0.67405516,"0"
0.0024519619,0.25390643,"0"
1.4030176e-06,0.012192329,"0"
0.047119174,0,"0"
0.02527994,0.37602276,"0"
0.03931602,0.42647257,"0"
0.63990253,0,"0"
0.007576309,0.674293,"0"
0.025387587,0,"0"
0.0064306133,0,"0"
0.6300058,0.3671674,"0"
0.1031252,0,"0"
0.00029385544,0,"0"
0.03713602,0,"0"
0.011844355,0,"0"
0.0010060881,0.6069651,"0"
0.031289365,0.1058349,"0"
0.022744047,0.014111768,"0"
0.0012633506,0,"0"
4.6343e-05,0,"0"
0.009639304,0.02494883,"0"
0.020323835,0,"0"
0.00065831497,0,"0"
0.57769185,0,"0"
0.00013587662,0,"0"
0.0053923796,0.5959149,"0"
0.009200854,0.08400846,"0"
0.02828823,0.03925752,"0"
0.017041475,0,"0"
0.81804484,0.13342606,"0"
0.00032618348,0,"0"
0.20623632,0,"0"
0.014333731,0,"0"
0.002963112,0,"0"
0.19504905,0.04590524,"0"
0.43995565,0.97923595,"0"
0.11580037,0,"0"
0.00011986528,0.37088978,"0"
9.4702256e-05,0.0027572555,"0"
0.017446008,0.4836609,"0"
0.0033663006,0,"0"
0.07033552,0,"0"
6.6122666e-05,0,"0"
0.07678407,0.9621219,"1"
0.00063760864,0,"0"
0.010635181,0,"0"
0.002148744,0.07573753,"0"
0.00085141585,0.1830471,"0"
0.023616398,0,"0"
0.0005299142,0.015823573,"0"
0.5012034,0,"0"
0.035441574,0.08156436,"0"
0.7997836,0.05941728,"0"
0.00045607585,0.96835,"0"
0.018708741,0.010877741,"0"
0.053649426,0,"0"
0.05142232,0.94691527,"0"
0.00020269473,0,"0"
0.476904,0.95397323,"0"
0.00061756815,0,"0"
0.21441579,0,"0"
0.0011268858,0,"0"
0.00317564,0.059997413,"0"
0.009591739,0,"0"
0.005467895,0,"0"
0.494675,0.03071838,"0"
0.033792697,0.21042775,"0"
0.011453604,0,"0"
0.023004865,0,"0"
0.0013797454,0,"0"
0.050154746,0.7505765,"0"
0.0002692539,0,"0"
0.13341086,0,"0"
0.0059548924,0,"0"
0.013064222,0,"0"
0.07307102,0,"0"
0.03157848,0,"0"
0.022224976,0,"0"
0.026049128,0.95919484,"0"
0.00082527834,0.007977335,"0"
0.20862451,0,"0"
0.0043896306,0.95616686,"0"
0.0030673472,0.82492536,"0"
0.008608508,0,"0"
0.038373668,0.4096066,"0"
0.06333322,0.0025823284,"1"
0.037530564,0.26289064,"0"
0.000677889,0,"0"
0.058221966,0.102194935,"0"
0.0033459682,0.01699603,"0"
0.01961668,0.81208515,"0"
0.003414771,0,"0"
0.003339207,0,"0"
0.014280363,0,"0"
0.0015031513,0,"0"
5.8328522e-05,0.024821758,"0"
0.0027444344,0,"0"
0.004365643,0.926019,"0"
9.3676645e-05,0.010714415,"0"
0.9999573,0.026367825,"0"
0.9933255,0.10413874,"0"
0.19077007,0,"0"
0.985794,0,"0"
0.2738955,0,"0"
0.9368503,0,"0"
0.0010183699,0,"0"
0.08972934,0.025021879,"0"
0.5250631,0,"0"
0.36500013,0.86184615,"0"
0.009349148,0,"0"
0.0008049515,0,"0"
0.51375794,0,"0"
0.017763017,0.038854897,"0"
0.04818403,0.011176313,"0"
0.0035908425,0,"0"
0.0059453007,0.96279263,"0"
0.012359483,0.029974531,"0"
0.018726144,0,"0"
0.00017879783,0.0070550274,"0"
0.00070754485,0.52349335,"0"
0.027303388,0.69280344,"0"
0.0017599846,0.0273401,"0"
0.07041218,0.03848924,"0"
0.0023944448,0,"0"
0.116556905,0,"0"
0.0009641819,0,"0"
0.0017243802,0.867373,"0"
0.0015196386,0.1441479,"0"
0.002016215,0,"0"
0.004637862,0,"0"
0.2593983,0.26539317,"0"
0.004682018,0,"0"
0.08398685,0,"0"
0.96283835,0,"0"
0.01334056,0,"0"
0.9144152,0.260985,"0"
0.0011002676,0,"0"
0.021353226,0.21092257,"0"
0.01562405,0.063562065,"0"
0.0005319869,0,"0"
0.8208469,0.93284386,"0"
0.011759531,0,"0"
0.007573975,0.497361,"0"
0.001693987,0,"0"
0.037174296,0.7726685,"0"
0.00013971877,0,"0"
0.0020480782,0.31305146,"0"
0.49416378,0.9693403,"0"
0.010520679,0.0107267955,"0"
0.09679028,0.998097,"0"
0.43456432,0,"0"
0.0016049837,0,"0"
9.097629e-07,0,"0"
0.060436644,0.8401534,"0"
0.00040781914,0.45317566,"0"
0.009109896,0,"0"
0.00053162896,0,"0"
0.00033245207,0.083098195,"0"
0.00049754797,0.9308589,"0"
0.00012127827,0,"0"
0.023721896,0,"0"
0.14933644,0.8282528,"0"
0.25565466,0,"0"
0.00028012338,0,"0"
0.0005569564,0.0039665783,"0"
0.0005931451,0,"0"
0.0001437459,0.12614547,"0"
0.00033786878,0.9840866,"0"
0.0015876332,0,"0"
0.020651368,0.32220814,"0"
0.045624755,0,"0"
0.0014735892,0.5030043,"0"
0.012871809,0,"0"
0.68315715,0,"0"
0.0006643862,0.90459424,"0"
0.0006124411,0,"0"
0.0023480454,0.024720632,"0"
0.0007914467,0.2851635,"0"
0.00083985546,0.050365776,"0"
0.058451794,0.048590153,"0"
0.003673277,0,"0"
0.010192343,0.024606729,"0"
0.07065647,0.040332433,"0"
0.0027091391,0,"0"
0.044516765,0.029820273,"0"
0.007256726,0,"0"
0.00041752888,0.9931865,"0"
0.017818512,0,"0"
0.032453876,0.9520079,"0"
0.00024332332,0.24622327,"0"
0.00053856126,0,"0"
0.0002437308,0,"0"
0.13667256,0,"0"
0.0020129536,0.09042202,"0"
0.021349343,0,"0"
0.3045608,0.0760375,"0"
0.0007046349,0.008526995,"0"
0.11029523,0,"0"
0.0004099036,0.61926943,"0"
0.00234141,0,"0"
0.0040753847,0,"0"
0.7308053,0,"0"
0.008023557,0,"0"
7.330865e-05,0,"0"
0.012119262,0.118616015,"0"
0.025816131,0.031990115,"0"
0.0018356213,0,"0"
0.008610051,0.0024376684,"0"
0.020717874,0.15408108,"0"
0.02567902,0.7550481,"0"
0.029859168,0.04124049,"0"
0.19128913,0,"0"
6.798126e-05,0.71694493,"0"
0.001215927,0.2038213,"0"
0.00012455486,0.9935622,"0"
0.023833964,0.01266068,"0"
0.09916533,0,"0"
0.0007349825,0,"0"
0.019936943,0,"0"
0.029282615,0,"0"
0.00044410423,0.48168135,"0"
0.00027876857,0,"0"
0.003462584,0,"0"
0.008688844,0,"0"
5.105403e-05,0.061431658,"0"
0.00048226284,0.85156256,"0"
0.0003905521,0.64372694,"0"
0.0045573944,0.11158577,"0"
0.07192632,0,"0"
0.0035010257,0.4481007,"0"
0.47256616,0.7926411,"0"
0.006984921,0.03792173,"0"
0.0013783771,0.119255885,"0"
0.0042134207,0,"0"
0.0022753142,0.7734022,"0"
0.0049824896,0,"0"
0.4760841,0,"0"
0.001984964,0,"0"
0.032142825,0,"0"
0.0007129163,0,"0"
0.16367221,0.12182652,"0"
0.0027493904,0.66764444,"0"
0.002653192,0,"0"
0.00023102069,0.36070088,"0"
0.0132049285,0,"0"
0.16193351,0.033142917,"0"
0.037337754,0,"0"
0.005178786,0.30879393,"0"
0.55051726,0,"0"
0.69699216,0,"0"
0.006100644,0.053205784,"0"
0.5794714,0,"0"
0.73525506,0.9596115,"0"
0.3299157,0,"0"
0.38335612,0.14586075,"0"
0.05293645,0,"0"
0.015364635,0.794332,"0"
0.00029193895,0.29588535,"0"
0.11860593,0,"0"
0.22243243,0,"0"
0.044296972,0.27783206,"0"
0.0014520107,0,"0"
0.27647054,0.2668399,"0"
0.004006393,0,"0"
0.047514703,0,"0"
0.027168943,0.037966568,"0"
0.009095147,0.55400026,"0"
0.0020768652,0.57109225,"0"
1.7413022e-06,0.09330142,"0"
0.9948137,0,"0"
0.002573644,0.052178785,"0"
0.0026190795,0.044518508,"0"
0.04073875,0,"0"
0.06553796,0.22137806,"0"
4.643183e-05,0.30069292,"0"
0.0010650484,0,"0"
0.018627886,0,"0"
0.0019289339,0,"0"
0.06380699,0,"0"
0.011087663,0.4681561,"0"
0.001148121,0,"0"
0.00032134063,0.065073766,"0"
0.01110681,0.08552563,"0"
0.19720331,0.26307604,"0"
0.038119882,0,"0"
0.0054285876,0,"0"
2.8723479e-08,0.07163301,"0"
0.0030658292,0.3309676,"0"
0.01093081,0,"0"
0.003526559,0.15789361,"0"
0.016803749,0,"0"
0.18088864,0.5691159,"0"
0.00016101003,0.26305702,"0"
0.005351656,0.0780754,"0"
0.0031684223,0.1082985,"0"
0.06229618,0,"0"
8.86032e-06,0.8517073,"0"
0.019113647,0.5975508,"0"
0.0032569,0.051466733,"0"
0.13163127,0.043378044,"0"
0.012313394,0.12893568,"0"
0.009833347,0,"0"
0.0022360394,0.19793724,"0"
0.0021441223,0.09053709,"0"
0.0012954817,0.2253837,"0"
0.058094352,0,"0"
0.1428911,0,"0"
0.0027696772,0.56193423,"0"
0.00724837,0.67865723,"0"
0.003018035,0.0791831,"0"
0.052865688,0,"0"
0.26483214,0.60460347,"0"
0.00064235274,0.9080674,"0"
0.0070064752,0.039974913,"0"
0.002943108,0,"0"
0.0027475187,0,"0"
0.5352977,0.2535517,"0"
0.25811502,0,"0"
0.02151202,0.36465192,"0"
0.12935428,0,"0"
0.013345298,0.28437033,"0"
0.015231575,0,"0"
0.0031930779,0.57750946,"0"
0.121195644,0,"0"
0.00014131954,0,"0"
0.029278686,0.025139961,"0"
0.018788246,0.023476193,"0"
0.004868942,0,"0"
0.024193376,0.11243917,"0"
0.0023360082,0.033776168,"0"
0.011398129,0,"0"
0.011827456,0.03247838,"0"
1.0006618e-05,0,"0"
9.6791446e-05,0.62572277,"0"
0.00029124785,0.59142447,"0"
0.0069540385,0.23037875,"0"
0.28219205,0.14694588,"0"
0.03601481,0.98022056,"0"
0.041909628,0,"0"
0.5272359,0,"0"
0.007061204,0.20787822,"0"
0.027858665,0,"0"
0.0017556344,0,"0"
0.20790267,0.3068137,"0"
0.3958562,0.96241903,"0"
0.014947438,0.9127247,"0"
0.00014164955,0.6432852,"0"
0.0038090332,0,"0"
0.0002892932,0,"0"
0.0002768734,0.09491951,"0"
0.0006849546,0,"0"
0.0001423899,0.76564926,"0"
0.0005589257,0.69505316,"0"
0.00014973144,0.93938124,"0"
0.06245195,0.64231586,"0"
0.051314324,0.959886,"0"
0.0014177441,0.022508828,"0"
0.001057356,0.30437535,"0"
0.008494434,0,"0"
0.13153778,0,"0"
0.0020623922,0.15046735,"0"
0.0075096292,0.08853357,"0"
0.039542597,0,"0"
0.105564244,0,"0"
0.09001569,0.043620545,"0"
0.20669653,0,"0"
0.47468862,0,"0"
0.3326966,0.50782156,"0"
0.87582374,0.4250375,"0"
0.020325763,0.5997903,"0"
0.0879575,0.26525036,"0"
0.0004887473,0,"0"
0.0032767057,0.095549285,"0"
0.10183536,0,"0"
0.001780893,0,"0"
5.464324e-06,0,"0"
0.00414181,0.24145201,"0"
0.009471132,0.0140279615,"0"
5.779813e-05,0,"0"
0.0010344357,0,"1"
0.03404443,0.113221936,"0"
0.000974055,0,"0"
0.43362287,0.83232635,"0"
0.0008384402,0,"0"
0.0035431886,0.6609629,"0"
0.0067168935,0,"0"
0.0015192739,0.08473837,"0"
0.05947115,0.14285198,"0"
0.5413312,0.22004795,"0"
0.03656852,0.010341769,"0"
0.030066637,0.14273551,"0"
0.059298523,0,"0"
0.0013543888,0.5271793,"0"
0.0022128178,0,"0"
0.0002225012,0.28257185,"0"
0.10020074,0.2688632,"0"
0.014903962,0.4316603,"0"
0.00011147022,0,"0"
6.865646e-05,0.040192656,"0"
0.14059202,0,"0"
0.07092597,0,"0"
0.31256545,0.9523416,"0"
0.010709125,0.27039713,"0"
0.044603,0.84652746,"0"
0.00018913654,0,"0"
0.0005433448,0.2012646,"0"
0.10635056,0,"0"
0.044618264,0,"0"
0.07537217,0.31904,"0"
0.0012818745,0,"0"
0.27658543,0.09989068,"0"
0.0008567472,0,"0"
0.003503958,0.4331902,"0"
0.009768099,0,"0"
0.009064224,0.40448382,"0"
0.04015799,0.11666776,"0"
0.043483336,0.20273076,"0"
0.31288254,0,"0"
0.008861725,0,"0"
1.3741052e-06,0.99611276,"0"
0.6413051,0,"0"
0.026834792,0,"0"
0.0010906148,0,"0"
0.0029012687,0.48094168,"0"
0.1985759,0.12244538,"0"
0.0059891324,0,"0"
0.0054726265,0,"0"
0.08068991,0,"0"
0.0038647985,0.4951049,"0"
0.00047346603,0.75904566,"0"
0.9780406,0.24777427,"0"
4.7367575e-05,0,"0"
0.0056806603,0.08651335,"0"
0.02168898,0.024811039,"0"
0.0053881155,0,"0"
0.00015734487,0.5830461,"0"
0.0024128594,0.57156456,"0"
0.0045638564,0.08793562,"0"
0.0028172266,0.14454824,"0"
0.104448795,0,"0"
0.94811493,0.01142375,"0"
0.04088717,0.22331078,"0"
0.0024106863,0.047590196,"0"
0.17644608,0.014752041,"0"
0.018944677,0.28707185,"0"
0.0008870845,0.25106907,"0"
0.0063974136,0.3630936,"0"
0.0026830467,0.18137574,"0"
0.002090588,0,"0"
0.0432867,0,"0"
0.010732247,0.5832912,"0"
0.0010784499,0.08237771,"0"
0.00017151609,0.1911708,"0"
0.033017658,0.8343327,"0"
0.06510743,0.89153284,"0"
0.9899109,0.078721575,"0"
0.7901633,0.5920169,"0"
0.08153865,0.26167154,"0"
0.027950486,0.49763763,"0"
0.02112464,0.64257574,"0"
0.038268447,0,"0"
0.026439114,0,"0"
0.0033735859,0.2557308,"0"
0.0003407961,0,"0"
0.032819048,0,"0"
0.03926616,0,"0"
0.016822012,0.1441513,"0"
0.0033475282,0.8874107,"0"
0.096357964,0,"0"
0.018058743,0.23070456,"0"
0.0035294606,0,"0"
0.010895959,0,"0"
0.01831719,0,"0"
0.013575897,0.831135,"0"
0.122265875,0,"0"
0.051751293,0.4149451,"0"
0.0033419204,0,"0"
0.001804412,0,"0"
0.0039119944,0,"0"
0.20893474,0.97728,"0"
0.0020721524,0.27742016,"0"
0.0014698426,0.06229008,"0"
0.021600705,0,"0"
0.04190245,0.15294698,"0"
0.039326288,0.16913147,"0"
0.036014944,0.20150043,"0"
0.018604485,0.38513872,"0"
1.4960808e-08,0.116974264,"0"
0.15813336,0.4269368,"0"
0.010311035,0,"0"
0.17931975,0.8240261,"0"
0.009486488,0.033241164,"0"
7.489414e-05,0.08355015,"0"
0.00025256016,0,"0"
0.08354731,0,"0"
0.012999812,0.25516605,"0"
2.3766534e-06,0.13893877,"0"
0.0067894817,0.027024906,"0"
0.002763021,0.26059765,"0"
0.005114321,0.98327404,"0"
0.040172365,0.7278512,"0"
0.025795262,0.8087467,"0"
3.2716365e-05,0,"0"
0.34521237,0.5158629,"0"
0.99982184,0,"1"
0.0021017692,0.9594858,"0"
0.022236938,0,"0"
0.23923387,0.9691181,"0"
6.175728e-05,0.7874279,"0"
0.41954988,0,"0"
0.003079179,0.038094953,"0"
3.8373462e-05,0,"0"
0.0034468377,0.6147344,"0"
4.1736686e-05,0.13925965,"0"
0.0027615447,0.4657691,"0"
0.0026806719,0,"0"
0.77469987,0,"0"
0.0050021373,0.7002875,"0"
2.1994501e-05,0.21289876,"0"
1.4390902e-06,0.7036429,"0"
0.000104143,0,"0"
0.039100174,0.012312424,"0"
7.788633e-05,0.0023535038,"0"
0.046483662,0,"0"
0.013299074,0,"0"
0.008687891,0,"0"
8.5356914e-05,0,"0"
3.2903238e-06,0.14897905,"0"
9.220761e-06,0,"0"
7.90973e-05,0,"0"
0.0015696543,0.6703853,"0"
0.0010754265,0.02482177,"0"
0.00018383558,0,"0"
0.17636704,0,"0"
0.50248194,0,"0"
0.2451506,0,"0"
0.3544051,0,"0"
0.93454796,0,"0"
0.9966311,0,"0"
0.039241258,0,"0"
0.6623932,0,"0"
0.98809695,0,"0"
0.31877187,0,"0"
0.6060338,0,"0"
0.786342,0,"0"
0.98535013,0,"0"
0.8872185,0,"0"
0.98382944,0,"0"
0.9331553,0,"0"
0.9053266,0,"0"
0.74455124,0,"0"
0.7605394,0,"0"
0.33029205,0,"0"
0.98564154,0,"0"
0.051453758,0,"0"
0.35699418,0,"0"
0.6595908,0,"0"
0.9509827,0,"0"
0.60836065,0,"0"
0.39394274,0,"0"
0.070884824,0,"0"
0.8784592,0,"0"
0.9895364,0,"0"
0.96488845,0,"0"
0.73688245,0,"0"
0.008389814,0,"0"
0.401256,0,"0"
0.59864587,0,"0"
0.98402196,0,"0"
0.9963799,0,"0"
0.4332726,0,"0"
0.9986312,0,"0"
0.06175547,0,"0"
0.9802399,0,"0"
0.7942741,0,"0"
0.98606586,0,"0"
0.86296934,0,"0"
0.9757391,0,"0"
0.9750656,0,"0"
0.8200909,0,"0"
0.47512987,0,"0"
0.9750718,0,"0"
0.9631114,0,"0"
0.20723988,0,"0"
0.9995167,0,"0"
0.12197009,0,"0"
0.3387577,0,"0"
0.79537904,0,"0"
0.67286634,0,"0"
0.16405971,0,"0"
0.7892841,0,"0"
0.04453135,0,"0"
0.31018326,0,"0"
0.08896615,0,"0"
0.9652205,0,"0"
0.17850927,0,"0"
0.3963924,0,"0"
0.61389315,0,"0"
0.9975623,0,"0"
0.99103594,0,"0"
0.32713166,0,"0"
0.6401974,0,"0"
0.9807314,0,"0"
0.48484278,0,"0"
0.7573285,0,"0"
0.9981103,0,"0"
0.38022777,0,"0"
0.074118316,0,"0"
0.95418364,0,"0"
0.70637035,0,"0"
0.97890604,0,"0"
0.34064797,0,"0"
0.9885103,0,"0"
0.78259605,0,"0"
0.0016687361,0,"0"
0.22461475,0,"0"
0.25178534,0,"0"
0.37315458,0,"0"
0.91463894,0,"0"
0.73662746,0,"0"
0.99996376,0,"0"
0.955827,0,"0"
0.1485949,0,"0"
0.9208926,0,"0"
0.6771199,0,"0"
0.11821813,0,"0"
0.708586,0,"0"
0.8578093,0,"0"
0.025285978,0,"0"
0.4435424,0,"0"
0.3950845,0,"0"
0.7897293,0,"0"
0.9029177,0,"0"
0.9946043,0,"0"
0.0008979885,0,"0"
0.05196218,0,"0"
0.7777405,0,"0"
0.60266757,0,"0"
0.024657324,0,"0"
0.7405351,0,"0"
0.34919846,0,"0"
0.16207285,0,"0"
0.9841464,0,"0"
0.93571484,0,"0"
0.48014897,0,"0"
0.9721931,0,"0"
0.98375237,0,"0"
0.99942005,0,"0"
0.21788791,0,"0"
0.42977068,0,"0"
0.5480484,0,"0"
0.70529693,0,"0"
0.7305164,0,"0"
0.7896234,0,"0"
0.99882203,0,"0"
0.014227307,0,"0"
0.99888164,0,"0"
0.8825889,0,"0"
0.6670996,0,"0"
0.53234214,0,"0"
0.24938668,0,"0"
0.0024153406,0,"0"
0.0032761295,0,"0"
0.999912,0,"0"
0.44468853,0,"0"
0.25715756,0,"0"
0.053179324,0,"0"
0.950291,0,"0"
0.27720538,0,"0"
0.9980551,0,"0"
0.96023643,0,"0"
0.032711573,0,"0"
0.9905302,0,"0"
0.67401356,0,"0"
0.18923926,0,"0"
0.94374335,0,"0"
0.47503674,0,"0"
0.9509924,0,"0"
0.81872386,0,"0"
0.79356956,0,"0"
0.9659855,0,"0"
0.9954692,0,"0"
0.99994874,0,"0"
0.9825783,0,"0"
0.01852258,0,"0"
0.24087183,0,"0"
0.9042231,0,"0"
0.9985362,0,"0"
0.988364,0,"0"
0.014446725,0,"0"
0.99993896,0,"0"
0.7880334,0,"0"
0.14818068,0,"0"
0.8661759,0,"0"
0.9284924,0,"0"
0.6212042,0,"0"
0.20495483,0,"0"
0.9515894,0,"0"
0.083236165,0,"0"
0.99660385,0,"0"
0.9999701,0,"0"
0.9898566,0,"0"
0.99974734,0,"0"
0.13597195,0,"0"
0.010946621,0,"0"
0.00012638596,0,"0"
0.027595043,0,"0"
0.9641892,0,"0"
0.8740227,0,"0"
0.024322335,0,"0"
0.66440976,0,"0"
0.9062666,0,"0"
0.9032765,0,"0"
0.99993193,0,"0"
0.275411,0,"0"
0.99987006,0,"0"
0.93248427,0,"0"
0.86132854,0,"0"
0.9313359,0,"0"
0.31332865,0,"0"
0.99953663,0,"0"
0.32086298,0,"0"
0.9901702,0,"0"
0.88277054,0,"0"
0.025997354,0,"0"
0.96025145,0,"0"
0.22913279,0,"0"
0.9775174,0,"0"
0.9999547,0,"0"
0.21784703,0,"0"
0.9894058,0,"0"
0.73855484,0,"0"
0.97390604,0,"0"
0.06945691,0,"0"
0.38797346,0,"0"
0.39227888,0,"0"
0.08824969,0,"0"
0.09454422,0,"0"
0.03625163,0,"0"
0.063120544,0,"0"
0.8990929,0,"0"
0.9692833,0,"0"
0.09774958,0,"0"
0.08715371,0,"0"
0.4793277,0,"0"
0.07656346,0,"0"
0.9848349,0,"0"
0.82230836,0,"0"
0.26733366,0,"0"
0.014258692,0,"0"
0.7805823,0,"0"
0.40943134,0,"0"
0.74291813,0,"0"
0.9998405,0,"0"
0.12918837,0,"0"
0.5571232,0,"0"
0.114060305,0,"0"
0.046858817,0,"0"
0.007948267,0,"0"
0.1824439,0,"0"
0.998623,0,"0"
0.00036122586,0,"0"
0.9952402,0,"0"
0.9393684,0,"0"
0.76796424,0,"0"
0.6983592,0,"0"
0.97369313,0,"0"
0.7570507,0,"0"
0.90712065,0,"0"
0.46400508,0,"0"
0.095647424,0,"0"
0.7870235,0,"0"
0.093384825,0,"0"
0.13332862,0,"0"
0.90396655,0,"0"
0.9999721,0,"0"
0.00063152355,0,"0"
0.07416229,0,"0"
0.10608106,0,"0"
0.644815,0,"0"
0.24072656,0,"0"
0.6600187,0,"0"
0.05041151,0,"0"
0.8104302,0,"0"
0.35132316,0,"0"
0.077654704,0,"0"
0.13930608,0,"0"
0.123519115,0,"0"
0.073308356,0,"0"
0.9949976,0,"0"
0.9731767,0,"0"
0.043776628,0,"0"
0.15902887,0,"0"
0.94327354,0,"0"
0.45920148,0,"0"
0.9941051,0,"0"
0.99947757,0,"0"
0.7011462,0,"0"
0.687594,0,"0"
0.9074417,0,"0"
0.6497718,0,"0"
0.038633578,0,"0"
0.9686875,0,"0"
0.65592706,0,"0"
0.9379574,0,"0"
0.14370078,0,"0"
0.76681453,0,"0"
0.002289687,0,"0"
0.021599729,0,"0"
0.009626031,0,"0"
0.1755988,0,"0"
0.186707,0,"0"
0.99060327,0,"0"
0.89198124,0,"0"
0.9871083,0,"0"
0.9333217,0,"0"
0.98390216,0,"0"
0.72433364,0,"0"
0.95916724,0,"0"
0.7816673,0,"0"
0.06652062,0,"0"
0.9069854,0,"0"
0.8729526,0,"0"
0.7271948,0,"0"
0.8639073,0,"0"
0.05274498,0,"0"
0.0005201111,0,"0"
0.22990535,0,"0"
0.7003782,0,"0"
0.95134485,0,"0"
0.4784321,0,"0"
0.8644136,0,"0"
0.85790026,0,"0"
3.3581447e-05,0,"0"
0.4122174,0,"0"
0.8947322,0,"0"
0.9633523,0,"0"
0.9931358,0,"0"
0.06100399,0,"0"
0.7207129,0,"0"
0.010812878,0,"0"
0.99982303,0,"0"
0.23176166,0,"0"
0.7941327,0,"0"
0.9195545,0,"0"
0.049544703,0,"0"
0.30587113,0,"0"
0.99989796,0,"0"
0.8025347,0,"0"
0.3581075,0,"0"
0.96958464,0,"0"
0.474895,0,"0"
0.3400661,0,"0"
0.10763623,0,"0"
0.11826566,0,"0"
0.89264375,0,"0"
0.8489227,0,"0"
0.41487446,0,"0"
0.9670333,0,"0"
0.98036677,0,"0"
0.88082284,0,"0"
0.18513529,0,"0"
0.99819475,0,"0"
0.9041238,0,"0"
0.37103117,0,"0"
0.017560586,0,"0"
0.0007661745,0,"0"
0.6945922,0,"0"
0.9999721,0,"0"
0.0023435438,0,"0"
0.16732402,0,"0"
0.030140245,0,"0"
0.27336434,0,"0"
0.98174185,0,"0"
0.060645305,0,"0"
0.12353486,0,"0"
0.046387658,0,"0"
0.09696343,0,"0"
0.42613026,0,"0"
0.8461935,0,"0"
0.12613226,0,"0"
0.60539836,0,"0"
0.99767226,0,"0"
0.48000973,0,"0"
0.6340054,0,"0"
0.018731639,0,"0"
0.992546,0,"0"
0.24518052,0,"0"
0.98091483,0,"0"
0.045846123,0,"0"
0.22444534,0,"0"
0.18194996,0,"0"
0.22462037,0,"0"
0.5175008,0,"0"
0.023173586,0,"0"
0.9345265,0,"0"
0.0037536,0,"0"
0.7154602,0,"0"
0.4145826,0,"0"
0.013900758,0,"0"
0.01659756,0,"0"
0.11630357,0,"0"
0.7759984,0,"0"
0.5326833,0,"0"
0.082853824,0,"0"
0.9947901,0,"0"
0.99995136,0,"0"
0.040678322,0,"0"
0.001814159,0,"0"
0.9704891,0,"0"
0.05433193,0,"0"
0.050793435,0,"0"
0.011626022,0,"0"
0.015329499,0,"0"
0.8402617,0,"0"
0.32333368,0,"0"
0.1317034,0,"0"
0.09725844,0,"0"
0.7662219,0,"0"
0.17698653,0,"0"
0.61963433,0,"0"
0.32152236,0,"0"
0.9097947,0,"0"
0.9999968,0,"0"
0.58008933,0,"0"
0.5624238,0,"0"
0.012187546,0,"0"
0.99999654,0,"0"
0.11436669,0,"0"
0.9696591,0,"0"
0.042761177,0,"0"
0.3762128,0,"0"
0.6638125,0,"0"
0.9998357,0,"0"
0.004341761,0,"0"
0.44414625,0,"0"
0.9774475,0,"0"
0.7379475,0,"0"
0.8160172,0,"0"
0.07606821,0,"0"
0.0070461514,0,"0"
0.9999769,0,"0"
0.18272929,0,"0"
0.17344604,0,"0"
0.9058646,0,"0"
0.8426427,0,"0"
0.15637787,0,"0"
0.049315054,0,"0"
0.036879484,0,"0"
0.0015313494,0,"0"
0.30830953,0,"0"
2.462732e-05,0,"0"
0.0023518866,0,"0"
0.9634283,0,"0"
4.0907296e-05,0,"0"
0.07394202,0,"0"
0.21168266,0,"0"
0.99998856,0,"0"
0.8950808,0,"0"
0.7647508,0,"0"
0.99998236,0,"0"
0.122715406,0,"0"
0.017699834,0,"0"
0.06303631,0,"0"
0.0077659464,0,"0"
0.1584236,0,"0"
0.07330521,0,"0"
0.457769,0,"0"
0.10297645,0,"0"
0.16450743,0,"0"
0.9982967,0,"0"
0.76455724,0,"0"
0.18357018,0,"0"
0.03619889,0,"0"
0.92478275,0,"0"
0.8710597,0,"0"
0.31887743,0,"0"
0.027209226,0,"0"
0.6584107,0,"0"
0.2578558,0,"0"
0.08120534,0,"0"
0.9999821,0,"0"
0.99585634,0,"0"
0.9017304,0,"0"
0.034294136,0,"0"
0.67926425,0,"0"
0.0018196503,0,"0"
0.027977213,0,"0"
0.029343277,0,"0"
0.9666417,0,"0"
7.168772e-06,0,"0"
0.5481163,0,"0"
0.99976236,0,"0"
0.17628694,0,"0"
0.07345789,0,"0"
0.996789,0,"0"
0.9764256,0,"0"
0.113508396,0,"0"
0.3790301,0,"0"
1.2300627e-06,0,"0"
0.7929198,0,"0"
0.02444761,0,"0"
0.7096843,0,"0"
0.94865125,0,"0"
9.270376e-05,0,"0"
0.047310717,0,"0"
0.04302107,0,"0"
0.016902952,0,"0"
0.4152165,0,"0"
0.9726978,0,"0"
0.99916923,0,"1"
0.034536052,0,"0"
0.0019445107,0,"0"
0.21541797,0,"0"
0.57542247,0,"0"
0.055522192,0,"0"
0.001102628,0,"0"
1,0,"0"
0.99386436,0,"0"
0.00017967269,0,"0"
0.12619917,0,"0"
0.002509091,0,"0"
4.975808e-11,0,"0"
0.0015331586,0,"0"
0.08290136,0,"0"
0.19577745,0,"0"
0.3022077,0,"0"
0.07729025,0,"0"
0.24361826,0,"0"
0.98446804,0,"0"
1.1087994e-06,0,"0"
0.17275064,0,"0"
0.79360783,0,"0"
0.96864474,0,"0"
0.9991843,0,"0"
0.4826784,0,"0"
0.03722572,0,"0"
0.007793929,0,"0"
5.8791574e-07,0,"0"
0.021806767,0,"0"
0.9980843,0,"0"
0.03283888,0,"0"
0.0003058565,0,"0"
0.0016280366,0,"0"
0.0042986083,0,"0"
0.99490756,0,"0"
0.9967914,0,"0"
0.9900782,0,"0"
0.99999523,0,"0"
0.11480572,0,"0"
3.588077e-06,0,"0"
0.0049419347,0,"0"
0.100813895,0,"0"
5.368217e-12,0,"0"
0.0627604,0,"0"
2.5532172e-06,0,"0"
0.01568692,0,"0"
1.1034906e-07,0,"0"
0.003758996,0,"0"
1.1821639e-12,0,"0"
1.36985205e-08,0,"0"
0.040727273,0,"0"
1.7448895e-07,0,"0"
1.7644991e-12,0,"0"
0.10258518,0,"0"
8.5715546e-11,0,"0"
1.8367425e-16,0,"0"
1.7795964e-09,0,"0"
0.06854165,0,"0"
3.2437476e-11,0,"0"
5.423184e-08,0,"0"
2.049592e-05,0,"0"
2.0339713e-10,0,"0"
1.532189e-10,0,"0"
0.03308505,0,"0"
8.4810716e-07,0,"0"
1.0346928e-09,0,"0"
1.8582812e-11,0,"0"
9.838129e-07,0,"0"
0.0043243985,0,"0"
6.179959e-08,0,"0"
0.06779365,0,"0"
7.817259e-05,0,"0"
1.0337049e-08,0,"0"
6.885349e-05,0,"0"
1.1347386e-05,0,"0"
1.0806163e-08,0,"0"
0.0025568327,0,"0"
0.0049188472,0,"0"
2.9224005e-14,0,"0"
0.0006532687,0,"0"
3.315075e-08,0,"0"
5.723007e-13,0,"0"
0.0005088307,0,"0"
1.2679455e-08,0,"0"
1.10435654e-10,0,"0"
0.036591105,0,"0"
0.0071776737,0,"0"
2.8332317e-07,0,"0"
1.1636861e-14,0,"0"
6.098461e-08,0,"0"
0.12279868,0,"0"
1.0317385e-13,0,"0"
3.0747538e-10,0,"0"
0.00038464944,0,"0"
2.694185e-09,0,"0"
4.7287685e-05,0,"0"
1.6960724e-10,0,"0"
0.110704266,0,"0"
0.05667473,0,"0"
6.812746e-06,0,"0"
0.002578536,0,"0"
1.9976663e-09,0,"0"
1.609055e-11,0,"0"
0.10514403,0,"0"
3.2910512e-13,0,"0"
9.285722e-14,0,"0"
0.011040012,0,"0"
0.21980637,0,"0"
1.4968362e-13,0,"0"
0.005350019,0,"0"
5.8971832e-08,0,"0"
9.018616e-12,0,"0"
0.018423326,0,"0"
7.791374e-10,0,"0"
1.717216e-08,0,"0"
1.4584383e-07,0,"0"
1.4669063e-08,0,"0"
1.7178508e-09,0,"0"
2.1616728e-10,0,"0"
0.57613313,0,"0"
1.6567044e-07,0,"0"
7.917755e-10,0,"0"
1.4459838e-06,0,"0"
3.503269e-11,0,"0"
7.7080895e-06,0,"0"
2.17525e-11,0,"0"
0.032056868,0,"0"
1.2105965e-10,0,"0"
3.5034717e-10,0,"0"
0.055175513,0,"0"
0.0029076638,0,"0"
0.00080715586,0,"0"
0.013011485,0,"0"
1.0191842e-12,0,"0"
3.3848062e-09,0,"0"
1.043283e-06,0,"0"
0.02245763,0,"0"
0.0013088793,0,"0"
2.2908772e-13,0,"0"
0.0012244048,0,"0"
5.0492704e-11,0,"0"
4.6502782e-07,0,"0"
0.18186854,0,"0"
0.09184289,0,"0"
0.00037990318,0,"0"
1.2973642e-10,0,"0"
7.314951e-10,0,"0"
4.4902634e-11,0,"0"
6.764133e-08,0,"0"
5.6564275e-10,0,"0"
1.6886919e-08,0,"0"
2.8047056e-05,0,"0"
4.0961723e-08,0,"0"
8.3853524e-14,0,"0"
1.6508029e-17,0,"0"
5.7200076e-09,0,"0"
1.80658e-09,0,"0"
5.793239e-10,0,"0"
1.7990119e-09,0,"0"
1.8216189e-06,0,"0"
6.240284e-07,0,"0"
0.03430797,0,"0"
2.1394823e-13,0,"0"
1.3820774e-06,0,"0"
1.2621273e-13,0,"0"
3.993431e-06,0,"0"
1.4808326e-12,0,"0"
9.042866e-07,0,"0"
0.00070566306,0,"0"
7.86864e-15,0,"0"
1.8597802e-08,0,"0"
0.0019633241,0,"0"
0.72581744,0,"0"
5.454851e-07,0,"0"
9.168247e-07,0,"0"
4.6739865e-09,0,"0"
2.8898361e-10,0,"0"
0.012034018,0,"0"
0.026744248,0,"0"
0.29396033,0,"0"
8.055621e-08,0,"0"
0.013324143,0,"0"
4.4103206e-12,0,"0"
1.7367547e-07,0,"0"
1.920713e-06,0,"0"
2.9057185e-08,0,"0"
7.129719e-06,0,"0"
0.00036549364,0,"0"
0.73368347,0,"0"
0.1575656,0,"0"
0.0066598775,0,"0"
5.5868556e-12,0,"0"
3.0050245e-09,0,"0"
9.8595294e-08,0,"0"
1.6617413e-07,0,"0"
0.00599106,0,"0"
0.009153788,0,"0"
0.052365355,0,"0"
8.560473e-08,0,"0"
0.020973679,0,"0"
0.06267148,0,"0"
0.08121402,0,"0"
0.00097398675,0,"0"
5.091188e-09,0,"0"
3.020662e-08,0,"0"
3.2669425e-06,0,"0"
2.4116964e-06,0,"0"
0.052465275,0,"0"
1.8770961e-12,0,"0"
0.12769774,0,"0"
0.13213862,0,"0"
0.01546128,0,"0"
1.1514542e-11,0,"0"
7.0101105e-11,0,"0"
0.076560125,0,"0"
2.0857302e-11,0,"0"
1.3739798e-10,0,"0"
1.7015792e-12,0,"0"
2.6481557e-08,0,"0"
3.4937556e-10,0,"0"
7.056093e-08,0,"0"
1.4605762e-07,0,"0"
0.0002964601,0,"0"
4.4178913e-05,0,"0"
1.8486493e-13,0,"0"
4.6081745e-08,0,"0"
0.02462298,0,"0"
3.0639877e-10,0,"0"
3.57079e-08,0,"0"
6.4763457e-15,0,"0"
2.0059091e-13,0,"0"
2.1308524e-05,0,"0"
1.5877821e-10,0,"0"
3.8210945e-07,0,"0"
4.076746e-07,0,"0"
1.3812737e-06,0,"0"
1.5282224e-10,0,"0"
0.00036119643,0,"0"
3.4590734e-08,0,"0"
2.7270223e-11,0,"0"
0.0010107543,0,"0"
7.2656015e-10,0,"0"
7.4640386e-13,0,"0"
4.969159e-11,0,"0"
7.4454115e-13,0,"0"
2.1992169e-11,0,"0"
6.5078355e-05,0,"0"
0.0027418337,0,"0"
6.92307e-13,0,"0"
1.6162574e-09,0,"0"
8.364766e-09,0,"0"
5.0622763e-08,0,"0"
9.994344e-07,0,"0"
1.5180763e-08,0,"0"
9.1822167e-10,0,"0"
5.8851396e-11,0,"0"
2.0722282e-11,0,"0"
2.7733604e-11,0,"0"
1.5491673e-07,0,"0"
1.4838812e-11,0,"0"
4.2255618e-08,0,"0"
2.0316653e-09,0,"0"
6.839949e-09,0,"0"
5.193928e-07,0,"0"
5.630959e-10,0,"0"
0.111316234,0,"0"
3.4496337e-05,0,"0"
3.4889038e-12,0,"0"
7.036798e-06,0,"0"
1.4382778e-09,0,"0"
0.13364981,0,"0"
2.1726483e-09,0,"0"
5.434312e-13,0,"0"
3.9178914e-07,0,"0"
1.6933692e-06,0,"0"
7.763812e-10,0,"0"
2.9802027e-07,0,"0"
1.1583389e-07,0,"0"
0.44139147,0,"0"
1.1300546e-09,0,"0"
6.513912e-10,0,"0"
5.1374596e-11,0,"0"
1.1638912e-05,0,"0"
2.5417696e-06,0,"0"
2.1680611e-07,0,"0"
5.395538e-10,0,"0"
7.147183e-12,0,"0"
3.3424985e-11,0,"0"
2.940878e-05,0,"0"
2.7723926e-11,0,"0"
1.3348743e-08,0,"0"
4.0777035e-09,0,"0"
2.5856395e-10,0,"0"
2.9213207e-13,0,"0"
7.953421e-06,0,"0"
7.9692236e-10,0,"0"
1.5547569e-10,0,"0"
6.943776e-14,0,"0"
7.542842e-12,0,"0"
1.8681947e-09,0,"0"
3.3119733e-11,0,"0"
1.6613989e-06,0,"0"
5.239509e-10,0,"0"
9.089113e-07,0,"0"
3.3154007e-10,0,"0"
0.005352123,0,"0"
3.3836378e-09,0,"0"
7.490326e-12,0,"0"
2.825496e-07,0,"0"
3.4396234e-07,0,"0"
0.015476039,0,"0"
1.6575423e-09,0,"0"
1.9891913e-09,0,"0"
0.002878634,0,"0"
1.1211844e-07,0,"0"
5.205729e-14,0,"0"
2.0049656e-08,0,"0"
1.1810614e-09,0,"0"
4.674401e-11,0,"0"
6.1661654e-10,0,"0"
3.313014e-05,0,"0"
4.1216785e-07,0,"0"
1.3675143e-10,0,"0"
6.8608536e-13,0,"0"
2.5197415e-11,0,"0"
0.95432943,0,"0"
7.4958145e-08,0,"0"
1.5292976e-07,0,"0"
3.050951e-08,0,"0"
0.0008071293,0,"0"
2.8551026e-09,0,"0"
0.01225111,0,"0"
6.5688646e-08,0,"0"
2.2967264e-13,0,"0"
9.260569e-07,0,"0"
1.1295019e-11,0,"0"
3.1338473e-07,0,"0"
0.04098926,0,"0"
0.0003904922,0,"0"
0.001345986,0,"0"
5.2056035e-09,0,"0"
0.0009075609,0,"0"
1.2456995e-05,0,"0"
9.94552e-09,0,"0"
0.13393955,0,"0"
8.772682e-07,0,"0"
2.735529e-11,0,"0"
4.371628e-12,0,"0"
2.757413e-09,0,"0"
1.9939518e-08,0,"0"
0.0044734036,0,"0"
3.931811e-08,0,"0"
1.8262576e-10,0,"0"
6.43055e-05,0,"0"
2.3400453e-11,0,"0"
2.1704416e-08,0,"0"
4.9561886e-06,0,"0"
4.8612687e-06,0,"0"
7.3919095e-05,0,"0"
0.0003253933,0,"0"
3.4971556e-10,0,"0"
6.0576633e-09,0,"0"
1.230392e-11,0,"0"
2.806937e-05,0,"0"
1.1152723e-07,0,"0"
0.00013519423,0,"0"
1.5991786e-06,0,"0"
1.0899151e-07,0,"0"
4.4400963e-09,0,"0"
2.326618e-11,0,"0"
0.0029040952,0,"1"
1.8186765e-06,0,"0"
1.4337429e-08,0,"0"
2.5048368e-09,0,"0"
2.7181431e-14,0,"0"
1.1764505e-12,0,"0"
3.686439e-11,0,"0"
0.00019872976,0,"0"
0.012063375,0,"0"
3.294424e-09,0,"0"
0.00025545977,0,"0"
6.337339e-07,0,"0"
2.8586487e-06,0,"0"
4.108283e-05,0,"0"
1.2307948e-05,0,"0"
1.6375673e-11,0,"0"
1.1674038e-07,0,"0"
1.0496101e-06,0,"0"
8.4855026e-11,0,"0"
0.251577,0,"0"
1.2742507e-07,0,"0"
5.0508167e-09,0,"0"
0.0005808057,0,"0"
2.7163892e-08,0,"0"
0.11689803,0,"0"
8.292036e-11,0,"0"
0.0031904595,0,"0"
2.4278306e-05,0,"0"
2.7492125e-11,0,"0"
4.586034e-12,0,"0"
0.00032564686,0,"0"
3.6012915e-10,0,"0"
1.6466141e-05,0,"0"
6.942486e-08,0,"0"
1.03898606e-13,0,"0"
1.8745453e-05,0,"0"
1.7065048e-10,0,"0"
8.231053e-15,0,"0"
0.0030190342,0,"0"
1.8540516e-06,0,"0"
1.9900272e-08,0,"0"
2.1658873e-07,0,"0"
2.873541e-09,0,"0"
4.1602807e-08,0,"0"
7.427693e-10,0,"0"
2.6577025e-09,0,"0"
3.2652598e-09,0,"0"
2.5780826e-08,0,"0"
5.890157e-08,0,"0"
1.05524874e-10,0,"0"
4.672467e-11,0,"0"
7.0831523e-09,0,"0"
1.0718663e-06,0,"0"
1.9946365e-08,0,"0"
3.9509753e-11,0,"0"
3.9007894e-08,0,"0"
1.3992892e-11,0,"0"
0.00039076927,0,"0"
1.1138314e-06,0,"0"
9.685737e-05,0,"0"
7.115152e-08,0,"0"
1.1517035e-07,0,"0"
4.5900068e-12,0,"0"
5.3784655e-12,0,"0"
7.228445e-07,0,"0"
1.4629251e-11,0,"0"
1.4383984e-05,0,"0"
5.7043653e-06,0,"0"
1.3510066e-11,0,"0"
1.787677e-05,0,"0"
0.023476068,0,"0"
5.7403986e-07,0,"0"
0.003979428,0,"0"
1.11081825e-07,0,"0"
0.06451688,0,"0"
6.448702e-05,0,"0"
2.0030876e-07,0,"0"
3.646416e-08,0,"0"
0.00010871378,0,"0"
1.1656707e-05,0,"0"
5.162919e-08,0,"0"
8.012451e-09,0,"0"
0.047097858,0,"0"
1.5616417e-08,0,"0"
0.1388245,0,"0"
0.00043550806,0,"0"
0.0036545258,0,"0"
9.157363e-10,0,"0"
3.631681e-07,0,"0"
2.3440319e-07,0,"0"
1.5270012e-05,0,"0"
0.00015215384,0,"0"
3.839135e-06,0,"0"
0.031518325,0,"0"
7.0911087e-06,0,"0"
9.773118e-09,0,"0"
1.2537083e-05,0,"0"
6.604607e-08,0,"0"
0.00015048747,0,"0"
0.009659961,0,"0"
7.3246578e-09,0,"0"
1.2898155e-08,0,"0"
0.00020957155,0,"0"
7.366508e-09,0,"0"
6.1865045e-08,0,"0"
2.0540943e-08,0,"0"
0.0055150404,0,"0"
1.4429552e-08,0,"0"
8.1522376e-13,0,"0"
0.51506996,0,"0"
9.42796e-10,0,"0"
1.0056049e-06,0,"0"
7.336115e-06,0,"0"
2.8418307e-12,0,"1"
9.2976625e-06,0,"0"
4.137333e-07,0,"0"
7.56926e-06,0,"0"
0.018010398,0,"0"
4.9337177e-06,0,"0"
1.0783211e-11,0,"0"
1.4517608e-06,0,"0"
1.3694228e-07,0,"0"
6.2037535e-09,0,"0"
1.3413528e-06,0,"0"
1.6576274e-05,0,"0"
1.1961068e-06,0,"0"
0.37983572,0,"0"
1.2349451e-05,0,"0"
3.9399265e-06,0,"0"
5.8819387e-06,0,"0"
4.5921134e-10,0,"0"
6.009274e-06,0,"0"
2.6312869e-06,0,"0"
0.0001295431,0,"0"
0.052345723,0,"0"
3.6380516e-08,0,"0"
8.988838e-08,0,"0"
9.626548e-07,0,"0"
0.00033394826,0,"0"
1.337106e-09,0,"0"
1.31230555e-08,0,"0"
4.918527e-13,0,"0"
2.2611264e-06,0,"0"
6.4859915e-07,0,"0"
9.955086e-06,0,"0"
4.030752e-06,0,"0"
1.2769707e-05,0,"0"
1.2871532e-09,0,"0"
2.9110633e-06,0,"0"
3.3523662e-09,0,"0"
5.3547546e-07,0,"0"
0.0001549902,0,"0"
1.0360657e-08,0,"0"
1.8201741e-06,0,"0"
1.5580826e-09,0,"0"
1.3596421e-07,0,"0"
5.21805e-06,0,"0"
0.0001923551,0,"0"
2.5512081e-08,0,"0"
1.6922657e-05,0,"0"
0.0037032166,0,"0"
1.4530668e-11,0,"0"
0.0030956448,0,"0"
4.1362528e-05,0,"0"
0.00019945223,0,"0"
4.312318e-06,0,"0"
6.4781536e-10,0,"0"
1.1528238e-06,0,"0"
7.435669e-06,0,"0"
1.3792584e-06,0,"0"
1,0,"0"
1.968141e-06,0,"0"
2.0493164e-05,0,"0"
1.3594374e-07,0,"0"
5.4296784e-10,0,"0"
5.6678064e-06,0,"0"
3.605609e-06,0,"0"
9.0917565e-06,0,"0"
1.0169271e-06,0,"0"
1.3109576e-11,0,"0"
7.589099e-07,0,"0"
5.636436e-11,0,"0"
2.3182395e-13,0,"0"
1.1697086e-07,0,"0"
3.5741054e-05,0,"0"
7.09396e-05,0,"0"
1.1830954e-06,0,"0"
4.1000963e-08,0,"0"
9.912671e-07,0,"0"
0.00011106236,0,"0"
5.3587215e-09,0,"0"
2.2576909e-07,0,"0"
1.1667189e-08,0,"0"
1.0220249e-07,0,"0"
2.6509583e-06,0,"0"
5.9729964e-11,0,"0"
0.00019516156,0,"0"
7.5416034e-07,0,"0"
2.457711e-05,0,"0"
5.390014e-10,0,"0"
2.404798e-12,0,"0"
7.358789e-11,0,"0"
7.2369694e-06,0,"0"
8.8089826e-07,0,"0"
0.90030926,0,"0"
0.00019305186,0,"0"
3.865231e-09,0,"0"
6.040376e-07,0,"0"
0.000704115,0,"0"
4.2034362e-10,0,"0"
5.837168e-08,0,"0"
1.4988264e-06,0,"0"
5.7070633e-07,0,"0"
0.16866076,0,"0"
1.0713043e-06,0,"0"
0.0003541533,0,"0"
0.005378937,0,"0"
8.9345164e-08,0,"0"
2.946067e-15,0,"0"
0.9999999,0,"0"
1.3178525e-10,0,"0"
2.1475856e-07,0,"0"
0.016938321,0,"0"
0.0021287703,0,"0"
0.00021156197,0,"0"
8.506608e-06,0,"0"
0.0034515907,0,"0"
1.5107501e-07,0,"0"
5.445539e-09,0,"0"
6.373384e-08,0,"0"
5.106235e-07,0,"0"
1.6472027e-08,0,"0"
0.00017605032,0,"0"
3.7327904e-05,0,"0"
0.00057440915,0,"0"
0.00024822654,0,"0"
2.0189917e-08,0,"0"
3.496225e-08,0,"0"
4.3474066e-07,0,"0"
9.250689e-13,0,"0"
0.00042717613,0,"0"
0.0027091673,0,"0"
8.275707e-09,0,"0"
0.15481192,0,"0"
9.0081e-06,0,"0"
3.1446184e-08,0,"0"
2.3348326e-08,0,"0"
5.8053836e-05,0,"0"
5.515994e-07,0,"0"
0.023662722,0,"0"
5.2321826e-05,0,"0"
0.0003709097,0,"0"
4.144883e-06,0,"0"
0.0010614824,0.970708,"1"
0.19689755,0.9633169,"1"
0.99999297,0,"1"
0.100248374,0,"0"
0.20717442,0,"0"
0.6817931,0,"1"
0.9591756,0,"0"
0.41422173,0,"0"
0.08353856,0,"0"
0.927922,0,"0"
0.8796126,0,"0"
0.3652203,0,"0"
0.045671538,0,"0"
0.17086793,0,"0"
0.16450138,0,"0"
0.002993286,0,"0"
0.75736505,0,"0"
0.094629385,0,"0"
0.040656835,0,"0"
0.5587675,0,"0"
0.1359915,0,"1"
0.37853009,0,"0"
0.9991861,0,"0"
0.33515033,0,"0"
0.9989048,0,"0"
0.0135772135,0,"0"
0.029156335,0,"0"
0.47111967,0,"0"
0.9981305,0,"0"
0.92173225,0,"0"
0.33158424,0,"0"
0.34982473,0,"0"
0.60191894,0,"0"
0.89613074,0,"0"
0.74116343,0,"0"
0.7288685,0,"1"
0.27520812,0,"0"
0.95129836,0,"0"
0.16106966,0,"0"
0.16977637,0,"0"
0.9998141,0,"0"
0.030082636,0,"0"
0.013850075,0,"0"
0.8788553,0,"0"
0.22814955,0,"0"
0.07288039,0,"0"
0.10595122,0,"0"
0.95067966,0,"0"
0.04865163,0,"0"
0.9552623,0,"0"
0.4225925,0,"0"
0.003313372,0,"0"
0.07967317,0,"0"
0.667862,0,"0"
0.33131826,0,"0"
0.4733729,0,"0"
0.046527665,0,"0"
0.45836994,0,"0"
0.284091,0,"0"
0.24311385,0,"0"
0.17983882,0,"0"
0.96997255,0,"0"
0.12906772,0,"0"
0.7184376,0,"0"
0.09014605,0,"0"
0.066291355,0,"0"
0.37381536,0,"0"
0.00462688,0,"0"
0.9533457,0,"0"
0.7581798,0,"0"
0.086565234,0,"0"
0.3337991,0,"0"
0.018613558,0,"0"
0.05289545,0,"0"
0.04115528,0,"0"
0.25510982,0,"0"
0.024413595,0,"0"
0.18112434,0,"0"
0.32541743,0,"0"
0.30171075,0,"0"
0.7061527,0,"0"
1.8953162e-05,0,"0"
0.059355788,0,"0"
0.06335624,0,"0"
0.4388936,0,"0"
0.99830294,0,"0"
0.23016047,0,"0"
0.0032588574,0,"0"
0.1545832,0,"0"
0.85037816,0,"0"
0.058462296,0,"0"
0.044547904,0,"0"
0.20810182,0,"0"
0.42852986,0,"0"
0.9678885,0,"0"
0.13019972,0,"0"
0.040388383,0,"0"
0.0015758324,0,"0"
0.0016480028,0,"0"
0.10208423,0,"0"
0.013297978,0,"0"
0.0004145478,0,"0"
0.19944507,0,"0"
0.7932904,0,"0"
0.5647291,0,"0"
0.27731052,0,"0"
0.99821377,0,"0"
0.0052943733,0,"0"
0.0026725854,0,"0"
0.0022223091,0,"0"
0.8914266,0,"0"
0.10008919,0,"0"
0.12344336,0,"0"
0.2075859,0,"0"
0.18056677,0,"0"
0.08073398,0,"0"
0.22173683,0,"0"
0.8939873,0,"0"
0.9917253,0,"0"
0.99994016,0,"0"
0.729066,0,"0"
0.078235336,0,"0"
0.009685082,0,"0"
0.14777423,0,"0"
0.08436135,0,"1"
0.7769089,0,"0"
0.90457237,0,"0"
0.6592791,0,"0"
0.3225914,0,"0"
0.5371528,0,"0"
0.6693082,0,"0"
0.03401727,0,"0"
0.48956093,0,"0"
0.010086843,0,"0"
0.25721845,0,"0"
0.97452956,0,"1"
0.22919159,0,"1"
0.21075974,0,"0"
0.019125942,0,"0"
0.084247634,0,"0"
0.87757885,0,"0"
0.43567616,0,"0"
0.49833733,0,"0"
0.14890641,0,"0"
0.016167065,0,"0"
0.236709,0,"0"
0.0112020895,0,"0"
0.0026920277,0,"0"
0.33539137,0,"0"
0.326428,0,"0"
0.999814,0,"0"
0.14240776,0,"0"
0.23006995,0,"0"
0.050236404,0,"0"
0.101461135,0,"0"
4.0316715e-07,0,"0"
0.005327953,0,"0"
0.3976598,0,"0"
0.5804792,0,"0"
0.24092756,0,"0"
0.17096408,0,"0"
0.56503195,0,"0"
0.34856182,0,"0"
0.953749,0,"0"
0.90378094,0,"0"
0.022265457,0,"0"
0.37875617,0,"0"
0.0064441506,0,"0"
0.66468966,0,"0"
0.031299006,0,"0"
0.066482455,0,"0"
0.74117875,0,"0"
0.21453689,0,"0"
0.010279274,0,"0"
0.11169008,0,"0"
0.9472842,0,"0"
0.9752192,0,"0"
0.9939956,0,"0"
0.00036145546,0,"0"
0.26917693,0,"0"
0.80806965,0,"0"
0.9186099,0,"0"
0.000106864536,0,"0"
0.40632862,0,"0"
0.19758046,0,"0"
0.00025488,0,"0"
0.1833953,0,"0"
0.83717364,0,"0"
0.4806453,0,"0"
0.010039835,0,"0"
0.4749577,0,"0"
0.00044133412,0,"0"
0.21897262,0,"0"
0.9618115,0,"0"
0.9757568,0,"0"
0.65599513,0,"0"
0.9638771,0,"0"
0.7941721,0,"0"
9.0359536e-05,0,"0"
0.5709299,0,"0"
0.768392,0,"0"
0.017658833,0,"0"
0.47689348,0,"0"
0.5244928,0,"0"
0.30583462,0,"0"
0.4765663,0,"0"
0.24057454,0,"0"
0.7546964,0,"0"
0.6796251,0,"0"
0.019473922,0,"0"
3.0121683e-07,0,"0"
0.5849547,0,"0"
0.7771286,0,"0"
0.561217,0,"0"
0.06280537,0,"0"
0.79873604,0,"0"
0.120027,0,"0"
0.010602084,0,"0"
0.65870994,0,"0"
0.9989579,0,"1"
0.14374612,0,"1"
0.0031206969,0,"0"
0.085309066,0,"0"
0.03132984,0,"0"
0.002350455,0,"0"
0.18522818,0,"0"
0.9027188,0,"0"
0.27982545,0,"0"
0.1178531,0,"0"
0.00076472876,0,"0"
0.9635031,0,"0"
0.24366336,0,"0"
0.8445269,0,"0"
0.8398339,0,"0"
0.95942855,0,"0"
0.3194257,0,"0"
0.65358233,0,"0"
0.1815415,0,"0"
0.033233255,0,"0"
0.0003138988,0,"0"
0.16103458,0,"0"
0.076640986,0,"0"
0.94349474,0,"0"
0.30121797,0,"0"
0.03680341,0,"0"
0.00041798485,0,"0"
0.31398427,0,"0"
0.0007303798,0,"0"
0.09773503,0,"0"
0.5322701,0,"0"
0.07551835,0,"0"
0.7105985,0,"0"
0.0010222406,0,"0"
0.1042127,0,"0"
0.085493065,0,"0"
0.81609,0,"0"
0.0016862577,0,"0"
0.0026459314,0,"0"
0.9434056,0,"0"
0.99993837,0,"0"
0.0072969343,0,"0"
0.0032970526,0,"0"
0.9497413,0,"1"
0.20640098,0,"0"
0.681472,0,"0"
0.9324777,0,"0"
0.014660706,0,"0"
0.87362844,0,"0"
0.93194187,0,"0"
0.20667863,0,"0"
0.87872124,0,"0"
0.15660988,0,"0"
0.0030017218,0,"0"
5.7217272e-05,0,"0"
0.00068085274,0,"0"
0.012169282,0,"1"
0.01884263,0,"0"
0.0020994304,0,"0"
0.99996674,0,"1"
0.19825128,0,"0"
0.13203987,0,"0"
0.24930483,0,"0"
0.70158076,0,"0"
0.013274331,0,"0"
0.96768993,0,"0"
0.0030314273,0,"0"
0.31672025,0,"0"
0.042722624,0,"0"
0.22689486,0,"0"
0.026482057,0,"1"
0.035921145,0,"0"
0.04044442,0,"0"
0.5097383,0,"0"
0.9990878,0,"1"
0.03837427,0,"0"
0.2831723,0,"0"
0.021788519,0,"0"
0.1122537,0,"0"
0.79223734,0,"0"
0.0752502,0,"0"
0.9726017,0,"0"
0.56800497,0,"0"
0.14776994,0,"0"
0.0005189671,0,"0"
0.0051004523,0,"0"
0.11255565,0,"0"
0.009262761,0,"0"
0.9349942,0,"0"
0.9308661,0,"0"
4.103264e-06,0,"0"
0.7517755,0,"0"
0.11705172,0,"0"
0.2886626,0,"0"
0.020785896,0,"0"
0.021351883,0,"0"
0.29732892,0,"0"
0.009906998,0,"0"
0.382807,0,"0"
0.80467004,0,"0"
0.014745958,0,"0"
0.05274053,0,"1"
0.0045069526,0,"0"
0.02772538,0,"0"
0.92037725,0,"0"
0.7776158,0,"0"
0.2846106,0,"1"
0.9358793,0,"1"
0.8616692,0,"1"
0.39290038,0,"0"
0.4761705,0,"0"
0.015995797,0,"0"
0.0008470922,0,"0"
0.8657788,0,"0"
0.022747524,0,"0"
0.2867689,0,"0"
0.0006482154,0,"0"
0.002520857,0,"0"
0.16156591,0,"0"
0.0122799715,0,"0"
0.6085897,0,"0"
0.9760532,0,"0"
0.59619176,0,"0"
0.0536454,0,"0"
0.020716172,0,"0"
0.0002357536,0,"0"
0.99852544,0,"0"
0.0048283674,0,"0"
0.013173959,0,"0"
0.026688812,0,"1"
0.04305723,0,"0"
0.0017122435,0,"0"
0.058247622,0,"0"
0.046414386,0,"0"
0.5737824,0,"0"
0.116770335,0,"0"
0.13646506,0,"0"
0.16004221,0,"0"
0.018425759,0,"0"
0.98838776,0,"0"
0.5114615,0,"0"
0.01946308,0,"0"
0.0763151,0,"0"
0.00014937962,0,"0"
0.14221439,0,"0"
0.18772367,0,"0"
0.8644255,0,"0"
0.24906012,0,"0"
0.03096793,0,"0"
0.005621068,0,"0"
0.9786405,0,"0"
0.009006471,0,"0"
0.033989232,0,"0"
0.023164898,0,"1"
0.75317067,0,"0"
0.9974806,0,"0"
0.009163858,0,"0"
0.121599324,0,"0"
0.07753955,0,"0"
0.5681509,0,"0"
0.018410524,0,"0"
0.038800173,0,"0"
0.00075793226,0,"0"
0.24212515,0,"0"
0.7373018,0,"0"
3.5567988e-05,0,"0"
0.018703822,0,"0"
0.54792416,0,"0"
0.16964903,0,"0"
0.008746132,0,"0"
0.0026515245,0,"0"
0.0047902497,0,"0"
0.98064286,0,"0"
0.00037016015,0,"0"
8.493443e-06,0,"0"
0.84912896,0,"0"
0.02487607,0,"0"
0.10385723,0,"0"
0.0043738834,0,"0"
0.08125271,0,"0"
0.01018004,0,"0"
2.5445988e-05,0,"0"
0.6450921,0,"0"
0.056250244,0,"0"
0.008954899,0,"0"
0.0060002906,0,"0"
0.00051619357,0,"0"
0.9998983,0,"0"
0.74625784,0,"0"
0.6439824,0,"0"
0.10390039,0,"0"
0.09133888,0,"0"
0.9991978,0,"0"
0.0050632088,0,"0"
0.38380703,0,"0"
0.0142395105,0,"0"
0.0040494674,0,"0"
0.0057065776,0,"0"
0.47732016,0,"0"
0.052682586,0,"0"
0.0017001815,0,"1"
0.009169349,0,"0"
0.0014129954,0,"0"
0.005516421,0,"0"
0.012145551,0,"0"
0.00094658625,0,"0"
0.3179646,0,"0"
0.80728227,0,"0"
0.00080888334,0,"0"
0.0035279968,0,"0"
0.9998423,0,"0"
0.3455222,0,"0"
0.02969486,0,"0"
0.90014625,0,"0"
0.0065977615,0,"0"
3.8624916e-05,0,"0"
0.36498553,0,"0"
8.359913e-05,0,"0"
0.024384117,0,"0"
0.014790188,0,"1"
0.09623713,0,"0"
0.96217483,0,"0"
0.09039099,0,"0"
0.0013675875,0,"0"
0.0036706843,0,"0"
0.36929214,0,"0"
0.007945192,0,"0"
0.056349177,0,"0"
0.112181515,0,"0"
0.0007763037,0,"0"
0.36191833,0,"0"
1.6772354e-05,0,"0"
0.2355093,0,"0"
0.90820754,0,"0"
7.3929357e-07,0,"0"
0.2312072,0,"0"
5.549875e-08,0,"0"
0.013765444,0,"0"
0.005952703,0,"0"
0.80347806,0,"0"
2.0832957e-05,0,"0"
0.0004151701,0,"0"
0.055276774,0,"0"
0.012606808,0,"0"
6.178615e-05,0,"0"
9.3684146e-05,0,"0"
9.757546e-05,0,"0"
0.9999901,0,"1"
5.2962427e-05,0,"0"
0.2381867,0,"0"
0.03360945,0,"1"
0.08589701,0,"0"
1.2652825e-07,0,"0"
0.0039231493,0,"0"
0.1026009,0,"0"
0.11067432,0,"0"
0.016476944,0,"0"
0.006363058,0,"0"
0.0028928884,0,"0"
0.011160777,0,"0"
1.960139e-06,0,"0"
0.27225107,0,"0"
1.21122475e-05,0,"0"
1.8614899e-09,0,"0"
0.11802431,0,"0"
0.009518047,0,"0"
6.6540775e-07,0,"0"
0.007126201,0,"0"
0.0086008,0,"0"
0.0034006434,0,"0"
0.01768949,0,"0"
0.026724162,0,"0"
7.0615247e-10,0,"0"
6.0903567e-09,0,"0"
3.7255744e-05,0,"0"
0.18970826,0,"0"
0.00079233944,0,"0"
7.332977e-05,0,"0"
0.7073043,0,"0"
6.2808813e-06,0,"0"
5.3016624e-06,0,"0"
0.005532239,0,"0"
0.8966725,0,"1"
9.073764e-11,0,"0"
0.008933853,0,"0"
0.00024900783,0,"0"
0.0064731855,0,"0"
1.5258964e-05,0,"0"
0.00081439223,0,"0"
0.27611,0,"0"
3.6016564e-07,0,"0"
0.86112255,0,"0"
0.00041580063,0,"0"
1.5196356e-06,0,"0"
4.5444736e-08,0,"0"
7.217632e-05,0,"1"
0.006681499,0,"0"
0.0006423603,0,"0"
0.00267901,0,"0"
0.00018019545,0,"0"
0.01094908,0,"0"
3.5236045e-09,0,"0"
2.6809353e-08,0,"0"
1.416542e-08,0,"0"
0.031878803,0,"0"
1.4165907e-08,0,"0"
0.049801055,0,"0"
0.87190384,0,"0"
0.0017469898,0,"0"
0.303628,0.9083186,"0"
0.10723704,0.11998191,"0"
0.0021932328,0.562256,"0"
0.021280695,0,"0"
0.13998182,0.41096896,"0"
0.01681058,0.54323876,"0"
0.07303513,0.1778794,"0"
0.7029613,0.24118619,"0"
0.106855854,0.96238756,"0"
0.74321973,0,"0"
0.13883476,0,"0"
0.0027331624,0,"0"
0.0124267405,0,"0"
0.0023857178,0.19223164,"0"
0.063224085,0.725618,"0"
0.030654158,0,"0"
0.11354694,0,"0"
0.0031636925,0.15910922,"0"
0.0013117039,0.80995315,"0"
0.028084876,0,"0"
0.12432523,0.8894208,"0"
0.5799228,0.07985362,"0"
0.02709238,0,"0"
0.0492017,0.9447556,"0"
0.07596252,0,"0"
0.83638835,0.77637273,"0"
0.0011738726,0,"0"
0.03448005,0.63954717,"0"
0.0028512473,0.7988836,"0"
4.538787e-05,0.088501066,"0"
0.0017459076,0,"0"
0.021910802,0.24310392,"0"
0.05196573,0.496921,"0"
0.07176723,0,"0"
0.006610234,0.37911376,"0"
0.00048928015,0,"0"
0.21278192,0,"0"
0.028227525,0.7299124,"0"
0.9999788,0,"0"
0.09160128,0,"0"
0.049903926,0,"0"
0.037671387,0.26460776,"0"
0.5484002,0.4105695,"0"
0.01220043,0,"0"
0.009616462,0,"0"
0.0012957698,0.2853905,"0"
0.20718972,0,"0"
0.024507955,0,"0"
0.418501,0,"0"
0.026962236,0,"0"
0.99188,0.041073915,"0"
0.0008037423,0.9967278,"0"
0.08724955,0.5161478,"0"
0.1792416,0.04140074,"0"
0.00017470602,0,"0"
0.031102087,0,"0"
0.005679764,0,"0"
0.00463648,0,"0"
0.19877866,0.31371656,"0"
0.96445966,0.9967213,"0"
0.014728032,0,"0"
0.41161805,0.66917616,"0"
0.0031149525,0.1048655,"0"
0.0017184509,0.9576416,"0"
0.0029229424,0,"0"
0.008655987,0,"0"
0.027703652,0,"0"
0.00095340546,0.9471503,"0"
0.06746238,0,"0"
0.0013258763,0,"0"
0.22642535,0.09310046,"0"
0.009899382,0.8365188,"0"
0.12059469,0,"0"
0.08381009,0.073946096,"0"
0.0296296,0,"0"
0.010453562,0.081417166,"0"
0.39184666,0.1539057,"0"
2.0855041e-05,0.9743793,"0"
0.0018649617,0.046001695,"0"
0.1411972,0,"0"
0.048161082,0.9259604,"0"
0.00016688876,0,"0"
0.003800667,0.10284512,"0"
0.007752943,0,"0"
7.846e-06,0,"1"
2.203109e-05,0,"0"
0.013451579,0.16019945,"0"
0.0084758485,0,"0"
0.048703495,0,"0"
0.016615111,0.041480545,"0"
0.00053480983,0.05354203,"0"
0.011166332,0,"0"
0.00017485084,0,"0"
2.2342814e-05,0,"0"
0.1118179,0.85489035,"0"
0.97532743,0,"0"
0.0045917947,0,"0"
0.03794745,0,"0"
0.0086618075,0,"0"
0.01978514,0,"0"
0.0040081628,0,"0"
0.003384473,0,"0"
0.44890496,0.89152163,"0"
0.03939232,0.03114381,"0"
0.022508718,0,"0"
0.019234017,0.21519907,"0"
0.06027585,0.4211305,"0"
0.053483605,0,"0"
0.02333117,0.5450473,"0"
0.081937626,0.98494107,"0"
0.010082845,0,"0"
0.0037897953,0.20031774,"0"
0.0036226972,0.19607294,"0"
0.005128758,0.92040986,"0"
0.05888734,0,"0"
0.011072322,0,"0"
0.0006630989,0,"0"
0.00021976116,0,"0"
1.4185315e-05,0.10782147,"0"
0.06784488,0,"0"
0.14881603,0.64208865,"1"
0.32246846,0.17227201,"0"
2.9744351e-06,0.032660898,"0"
0.72238314,0.45172903,"0"
0.65319824,0,"0"
0.31101835,0,"0"
0.30092928,0,"0"
0.0029761344,0,"0"
0.33771285,0,"0"
0.0028088293,0.096450694,"0"
0.90043515,0,"0"
0.07228143,0.60643774,"0"
0.01775609,0,"0"
0.03113526,0,"0"
0.03944534,0,"0"
0.03319124,0.18829422,"0"
0.014961653,0.10831273,"0"
0.7455075,0,"0"
0.5462504,0.8438078,"0"
0.25043878,0.2098375,"0"
0.006904053,0,"0"
0.010684646,0.046776235,"0"
0.060663003,0.6367176,"0"
0.018407475,0.6369604,"0"
0.7248538,0.061462265,"0"
0.048522282,0.19552977,"0"
0.033112533,0,"0"
0.14293076,0,"0"
0.27285156,0,"0"
0.09554695,0.89816177,"0"
0.789681,0.6390103,"0"
0.0012031621,0,"0"
0.0746896,0,"0"
0.007686469,0.91850996,"0"
0.30120176,0,"0"
0.00084949285,0,"0"
0.009082098,0,"0"
0.03657339,0,"0"
0.27502418,0,"0"
0.9924981,0.9380687,"0"
0.01955227,0,"0"
0.003673261,0.92391586,"0"
0.023985187,0.23215269,"0"
0.021507023,0,"0"
0.040035337,0.020379988,"0"
0.03990385,0,"0"
0.74400663,0.9657097,"0"
0.2317268,0,"0"
5.4438467e-05,0.08110235,"0"
0.0034250976,0,"0"
0.14021571,0.9380985,"0"
0.12342521,0.36889106,"0"
0.00021306849,0.05998921,"0"
0.058791302,0.976626,"0"
0.36952618,0,"0"
0.05967942,0,"0"
2.6060789e-06,0,"0"
0.00056531554,0.9468104,"0"
0.045440342,0.19242167,"0"
0.000651425,0.36424318,"0"
0.0038209392,0,"0"
0.14518388,0,"0"
0.004700558,0.14585061,"0"
0.14750893,0.93458325,"0"
0.0003094778,0,"0"
0.040902074,0,"0"
0.09511402,0.98942333,"0"
0.0002909867,0,"0"
0.12173872,0,"0"
0.032716416,0,"0"
0.011322969,0.030368576,"0"
0.002944628,0,"0"
0.0030754209,0.62034905,"0"
0.0029701598,0.9914963,"0"
0.00035429615,0,"0"
0.031087724,0.9054207,"0"
0.015869204,0,"0"
0.34375575,0.74907994,"0"
0.010632709,0,"0"
0.0044247275,0,"0"
0.0024447087,0.8137018,"0"
0.023256771,0,"0"
0.22581077,0.11867398,"0"
0.02680318,0.12694766,"0"
0.022424992,0.12580161,"0"
0.9951644,0.053404067,"0"
0.044738505,0,"0"
0.05328808,0.13708328,"0"
0.00028616164,0.3450157,"0"
0.006984868,0,"0"
0.074956104,0.115055874,"0"
0.016888198,0,"0"
0.013118932,0.9739562,"0"
0.028515907,0,"1"
0.3036735,0.93723065,"0"
0.99873096,0,"0"
0.033193186,0,"0"
0.030826697,0,"0"
0.2689208,0.27822837,"0"
0.030244235,0,"0"
0.42191762,0.13164978,"0"
0.0009068867,0.03975787,"0"
0.42798796,0,"0"
0.008163885,0.29127088,"0"
0.12944664,0,"0"
0.2682359,0,"0"
0.08095978,0,"0"
0.032416806,0,"0"
0.012894622,0,"0"
0.0028832091,0.363969,"0"
0.050949235,0.27851516,"0"
0.017944636,0,"0"
0.019675642,0.043077797,"0"
0.0033532765,0.22066945,"0"
0.5274639,0.4289901,"0"
0.016573418,0.2823616,"0"
0.00031896235,0,"0"
0.017534709,0.62907326,"0"
0.080759995,0.027779397,"0"
0.045739025,0.9805243,"0"
0.95701873,0.030065361,"0"
0.044492897,0,"0"
0.009121219,0,"0"
0.18107751,0,"0"
0.00024534445,0,"0"
0.11130671,0.8302318,"0"
0.0051227203,0,"0"
0.017499052,0,"0"
0.03170621,0,"0"
0.13803828,0.24414092,"0"
0.030214963,0.95588326,"0"
0.13644113,0.9510916,"0"
0.021045586,0.2371111,"0"
0.0038401918,0.95955443,"0"
0.008217019,0,"0"
0.005126924,0.6206852,"0"
0.58551544,0.6344703,"0"
0.006998982,0,"0"
0.064907305,0.13550715,"0"
2.2589325e-05,0.5054017,"0"
0.024997488,0.61928487,"0"
0.9773632,0,"0"
0.015108403,0,"0"
0.2204228,0,"0"
0.0062221857,0,"0"
0.0009204701,0,"0"
0.03421016,0.37098685,"0"
0.0009153656,0.8679636,"0"
0.065783225,0,"0"
0.010857453,0.6696475,"0"
0.0429318,0,"0"
0.01504716,0.17192058,"0"
0.4135412,0,"0"
0.4554096,0.58434623,"0"
0.01744546,0,"0"
0.98579806,0,"0"
0.035076916,0.14500031,"0"
0.62235457,0,"0"
0.06262372,0.92012393,"0"
0.288102,0,"0"
0.13857411,0.4386778,"0"
0.45477468,0,"0"
0.005646455,0.6863995,"0"
0.0019071972,0.96133465,"0"
0.0005084087,0,"0"
0.0040868195,0,"0"
0.9865709,0.21292803,"0"
0.0007233742,0,"0"
0.99519676,0.5452058,"0"
0.26483583,0,"0"
0.010379622,0,"0"
0.37521055,0.6560191,"0"
0.9690364,0.7584296,"0"
0.0008929601,0.69118285,"0"
0.0008404319,0.1134199,"0"
0.14221574,0.28525323,"0"
0.0039798496,0.6918531,"0"
0.11483567,0,"0"
0.012038412,0.5817004,"0"
0.0039474573,0.21828394,"0"
0.0021825593,0,"0"
0.00078297046,0,"0"
0.14392744,0,"0"
0.0074969837,0.8711989,"0"
0.13734442,0,"0"
0.3425709,0.17004326,"0"
0.009288254,0.26173422,"0"
0.6143949,0.46661425,"0"
0.0005120758,0,"0"
0.0069516413,0,"0"
0.05208649,0,"0"
1.0572356e-05,0.22460525,"0"
0.020533655,0.5354267,"0"
0.00055887294,0.22093226,"0"
0.35212097,0,"0"
0.018085565,0.84790874,"0"
0.00049844256,0.793635,"0"
0.01640441,0.46842566,"0"
0.00791881,0.555674,"0"
0.13448054,0.22360668,"0"
0.007168702,0,"0"
1.6221312e-06,0.78846526,"0"
0.19812413,0,"0"
0.12272118,0.46626204,"0"
0.4781645,0.17437159,"0"
0.14228682,0.15791759,"0"
0.0628859,0.34237158,"0"
0.0022881518,0,"0"
0.00087223074,0.33464363,"0"
0.09552878,0.23502158,"0"
0.1539859,0.49530903,"0"
0.9374666,0,"0"
0.23943888,0,"0"
0.0026002787,0.37033066,"0"
0.17978689,0.10050084,"0"
0.2421823,0.21071352,"0"
0.27379724,0,"0"
0.020484976,0.63743,"0"
0.28235656,0.90589815,"0"
0.066525996,0.1890018,"0"
0.81590533,0,"0"
0.0024201055,0,"0"
0.14321111,0,"0"
0.020850731,0,"0"
0.07318238,0.6479635,"0"
0.003096042,0,"0"
0.0007342177,0.54234284,"0"
0.009996742,0,"0"
0.012719008,0,"0"
0.00052221835,0.060102977,"0"
0.32159254,0.11700807,"0"
0.125736,0.3998631,"0"
0.00074607483,0.10371773,"0"
0.27038577,0,"0"
0.3603302,0.11734267,"0"
0.25547877,0,"0"
0.00012438289,0.7130626,"0"
0.015922597,0.43171725,"0"
9.15324e-05,0,"0"
0.22054832,0.58338755,"0"
0.16685686,0.40627852,"0"
0.41240945,0.99894434,"0"
0.6708838,0,"0"
0.94800556,0,"1"
0.015517431,0.63790745,"0"
0.57250386,0,"0"
0.00085746346,0,"0"
0.92504245,0.21349865,"0"
0.208629,0.9118155,"0"
0.11111568,0.8219992,"0"
0.06671096,0.5826437,"0"
0.008549381,0,"0"
0.002694087,0,"0"
0.0011240799,0.5594331,"0"
0.010629414,0,"0"
0.16960555,0.8537235,"0"
0.036250796,0.57161295,"0"
0.09038165,0.94278175,"0"
0.2780238,0.88241386,"0"
0.0047083925,0,"0"
0.9993709,0.9910608,"0"
0.5491601,0.06255172,"0"
0.0100223,0.21282107,"0"
0.066538766,0,"0"
0.26561752,0,"0"
0.00029599774,0.75483954,"0"
0.016217906,0.5753719,"0"
0.12414543,0,"0"
0.0895646,0,"0"
0.045000326,0.26194292,"0"
0.111035965,0,"0"
0.8956151,0.37414682,"0"
0.9546598,0.85674363,"0"
4.2064257e-05,0.43007502,"0"
0.82998043,0.3084443,"0"
0.28744093,0,"0"
0.9642825,0.6149486,"0"
0.007223385,0,"0"
0.0021191782,0,"0"
0.0022672014,0,"0"
0.9905606,0.8968507,"0"
0.0075445557,0.008406679,"0"
0.0007452385,0,"0"
0.09255297,0,"0"
0.1138515,0.6674625,"0"
0.009061299,0,"0"
0.10257855,0,"0"
0.020279033,0,"0"
0.021104248,0.21286708,"0"
0.9515298,0.43558407,"0"
0.036012247,0.7495283,"0"
0.007710561,0.068292856,"0"
0.003213077,0.21184379,"0"
0.5694844,0,"0"
0.015718501,0.6063508,"0"
0.044084497,0,"0"
0.022464193,0.31615448,"0"
0.82195807,0.11608056,"0"
0.028554557,0.6999341,"0"
0.016010206,0.4251166,"0"
0.10333962,0,"0"
0.0013146744,0.023407849,"0"
0.1584862,0,"0"
0.03046075,0,"0"
0.9882234,0.17351493,"0"
0.36204106,0,"0"
0.00446915,0.17508827,"0"
0.0020682102,0,"0"
0.0073537924,0,"1"
0.04209603,0.6142504,"0"
0.00081235665,0,"0"
0.9787813,0.4271475,"0"
0.058804292,0,"0"
0.027329663,0.4846766,"0"
0.0035941931,0,"0"
0.19375083,0.45989695,"0"
0.00074840337,0.2540206,"0"
0.038504466,0.14192624,"0"
0.04673896,0,"0"
0.046865888,0,"0"
2.7117127e-07,0.99529994,"0"
0.44832376,0,"0"
0.00174619,0,"0"
0.06434129,0.96208656,"0"
0.004668427,0.70807725,"0"
0.00055859063,0,"0"
0.8675359,0,"0"
0.0010641508,0.43005773,"0"
0.23923443,0.5351903,"0"
0.8787523,0.35555106,"0"
0.02323711,0,"0"
4.893071e-05,0.11577789,"0"
0.0018823482,0.24751535,"0"
0.008078615,0,"0"
0.0026731293,0.5954525,"0"
0.0055807987,0.57858074,"0"
0.060561802,0.22474025,"0"
0.015127886,0.7221383,"0"
0.0017236484,0,"0"
0.9428256,0.056321096,"0"
0.06821719,0.20564641,"0"
0.0007770764,0.16953136,"0"
0.009796416,0.20408389,"0"
0.99955565,0.2490212,"0"
0.0006193972,0.45636204,"0"
0.11941936,0.57535774,"0"
0.00073269254,0.4313994,"0"
0.0075325617,0,"0"
0.043931566,0,"0"
0.031003468,0.67378473,"0"
0.046064004,0.35595384,"0"
0.87983763,0.63800156,"0"
0.3869046,0.34087905,"0"
0.31411615,0.49324456,"0"
0.022591265,0.9228819,"0"
0.016390689,0.7540362,"0"
0.009761197,0.8849213,"0"
0.0005283298,0.667201,"0"
0.041237682,0,"0"
1.8112605e-05,0,"0"
9.496585e-08,0,"0"
0.31990874,0.5956575,"0"
1.0994061e-06,0.5787884,"0"
0.00028736403,0,"0"
0.09613994,0,"0"
0.99940753,0,"0"
0.00056310266,0.6771936,"0"
0.013872313,0.26789764,"0"
0.29234406,0.72758967,"0"
0.84979665,0,"0"
0.0004094623,0.4519502,"0"
1.6159598e-06,0,"0"
0.35458627,0,"0"
0.03475735,0,"0"
0.011585043,0.9599318,"0"
0.8539277,0,"0"
0.0010860602,0.66246516,"0"
0.0006998502,0.98654175,"0"
0.06420414,0,"0"
3.8518392e-05,0,"0"
3.9495063e-11,0,"0"
0.60994554,0.61335146,"0"
0.0023895623,0.58459556,"0"
0.19966468,0,"0"
0.000117211035,0.44851825,"0"
0.01652352,0.33709517,"0"
0.36420873,0.12677518,"0"
8.008067e-06,0.7751871,"0"
1.6538078e-06,0.10013097,"0"
0.062709816,0.43001997,"0"
3.7194104e-06,0,"0"
0.95527476,0.88793594,"0"
0.00022476606,0.19452599,"0"
1.019024e-06,0.28937852,"0"
7.2317755e-07,0,"0"
0.009452125,0,"0"
0.0011369999,0.51444393,"0"
0.008200109,0,"0"
1.3578138e-07,0.26119396,"0"
0.0052428464,0.041293915,"0"
0.21607044,0.9008219,"0"
0.012490841,0.9617484,"0"
0.043567225,0.8943184,"0"
0.03847014,0.8750727,"0"
1.3211176e-05,0,"0"
0.047989897,0.93595386,"0"
0.0021601534,0.83660734,"0"
0.008004288,0,"0"
9.2312344e-05,0.9911423,"0"
0.00010661149,0.8537801,"0"
0.91744745,0,"0"
1.6534887e-08,0.20411128,"0"
0.00028515203,0,"0"
0.09628218,0.55317456,"0"
0.08153411,0.46773034,"0"
0.15707035,0,"0"
0.9919819,0,"0"
0.04136397,0.6553174,"0"
0.9998727,0.3393497,"0"
0.5850786,0.9322855,"0"
0.12144952,0,"0"
1.4401047e-06,0.30964002,"0"
1.1144732e-06,0.014763286,"0"
0.37006927,0,"0"
0.0014416683,0,"0"
0.00014308035,0,"0"
7.220165e-05,0.21522209,"0"
0.039258912,0,"0"
0.16384074,0,"0"
0.00017417924,0.32417533,"0"
0.6392288,0.040653966,"0"
0.008674079,0,"0"
0.9208255,0,"0"
0.40690997,0,"0"
0.36511222,0,"0"
0.009978204,0,"0"
0.05620507,0,"0"
0.019605542,0,"0"
0.24079533,0,"0"
0.033849053,0,"0"
0.063572235,0,"0"
0.063259706,0,"0"
0.0021152315,0,"0"
0.022695452,0,"0"
0.20145205,0,"0"
0.40050745,0,"0"
0.0013874903,0,"0"
0.019395093,0,"0"
0.0933887,0,"0"
0.0025078943,0,"0"
0.006923422,0,"0"
0.0028623517,0,"0"
0.0038810256,0,"0"
0.013054999,0,"0"
0.0140971085,0,"0"
0.01658144,0,"0"
0.09239658,0,"0"
0.01198015,0,"0"
0.00012628801,0,"0"
0.06640971,0,"0"
0.0021014682,0,"0"
0.14922857,0,"0"
0.018293208,0,"0"
0.027434547,0,"0"
0.066807896,0,"0"
0.00022757391,0,"0"
0.46028882,0,"0"
0.00505559,0,"0"
0.0005432011,0,"0"
4.546021e-05,0,"0"
5.199385e-05,0,"0"
0.21990766,0,"0"
0.37454557,0,"0"
0.9820055,0,"0"
0.00053533004,0,"0"
0.0053825276,0,"0"
0.029669918,0,"0"
0.0011121379,0,"0"
0.0063883695,0,"0"
0.05251503,0,"0"
0.000903214,0,"0"
0.004100206,0,"0"
0.027898377,0,"0"
0.19865315,0,"0"
0.030886699,0,"0"
0.0032495449,0,"0"
0.00067933154,0,"0"
0.0014237582,0,"0"
0.03953089,0,"0"
0.10611346,0,"0"
0.0015222961,0,"0"
0.007427125,0,"0"
0.39102167,0,"0"
0.0028824853,0,"0"
0.00018252926,0,"0"
0.14038816,0,"0"
0.011131415,0,"0"
6.165219e-05,0,"0"
0.008979973,0,"0"
0.0015433017,0,"0"
0.014784698,0,"0"
0.009740357,0,"0"
1.8252416e-05,0,"0"
0.0012413877,0,"0"
0.007760205,0,"0"
9.394816e-06,0,"0"
0.008085301,0,"0"
0.06967286,0,"0"
1.7339445e-07,0,"0"
0.86814487,0,"0"
0.0068527577,0,"0"
0.06874245,0,"0"
0.07930856,0,"0"
0.004890232,0,"0"
0.008650354,0,"0"
0.0004575708,0,"0"
7.508066e-06,0,"0"
0.09449958,0,"0"
0.0005223717,0,"0"
0.95423746,0,"0"
0.05546121,0,"0"
0.08082758,0,"0"
0.062025644,0,"0"
0.003210277,0,"0"
0.062369812,0,"0"
0.0005312273,0,"0"
8.310386e-05,0,"0"
4.872053e-05,0,"0"
0.05793718,0,"0"
0.20022544,0,"0"
0.0040859734,0,"0"
0.025434706,0,"0"
0.36079177,0,"0"
0.024253586,0,"0"
0.036188442,0,"0"
0.031791903,0,"0"
0.013912482,0,"0"
0.00581585,0,"0"
0.00025765266,0,"0"
0.00028851398,0,"0"
0.0032951103,0,"0"
0.005509859,0,"0"
0.110761344,0,"0"
0.003732268,0,"0"
0.011130695,0,"0"
0.59703094,0,"0"
0.07819504,0,"0"
0.17525151,0,"0"
0.016983375,0,"0"
0.0038827814,0,"0"
0.16033633,0,"0"
0.00063556124,0,"0"
0.005777997,0,"0"
0.00179635,0,"0"
0.0006189189,0,"0"
0.00064538256,0,"0"
0.649822,0,"0"
0.0003227979,0,"0"
0.015295699,0,"0"
0.83696306,0,"0"
0.05557377,0,"0"
0.03279656,0,"0"
0.046742897,0,"0"
0.44749582,0,"0"
0.010514918,0,"0"
0.0013621702,0,"0"
0.20483293,0,"0"
0.03563779,0,"0"
0.002061772,0,"0"
0.030743534,0,"0"
0.3269022,0,"0"
0.025175273,0,"0"
0.029576987,0,"0"
0.044247117,0,"0"
0.06799639,0,"0"
0.0747747,0,"0"
0.0010101728,0,"0"
0.081663184,0,"0"
0.015137189,0,"0"
0.0028505507,0,"0"
0.14356217,0,"0"
0.13248664,0,"0"
0.24796112,0,"0"
0.039655235,0,"0"
2.9725932e-05,0,"0"
0.00046414422,0,"0"
0.08429802,0,"0"
0.076226,0,"0"
9.13235e-05,0,"0"
0.096999936,0,"0"
5.70103e-05,0,"0"
0.19837907,0,"0"
0.004434312,0,"0"
0.014625934,0,"0"
0.10396094,0,"0"
0.0006370986,0,"0"
0.43408862,0,"0"
0.00023583567,0,"0"
0.23004133,0,"0"
0.015781576,0,"0"
0.004480953,0,"0"
0.0031085473,0,"0"
0.0071655056,0,"0"
1.3667403e-05,0,"0"
1.9912417e-05,0,"0"
0.110237546,0,"0"
0.0064653456,0,"0"
0.008952356,0,"0"
4.575142e-05,0,"0"
0.001639013,0,"0"
0.0033269485,0,"0"
0.015558057,0,"0"
0.15360926,0,"0"
7.330928e-05,0,"0"
0.0014829506,0,"0"
0.0020466968,0,"0"
0.0061548264,0,"0"
0.003063928,0,"0"
0.035433456,0,"0"
0.16325364,0,"0"
2.205171e-05,0,"0"
0.0024485667,0,"0"
0.008997016,0,"0"
0.06425286,0,"0"
4.3727005e-07,0,"0"
0.0041828197,0,"0"
0.009963042,0,"0"
0.009073398,0,"0"
0.001040494,0,"0"
0.0013658082,0,"0"
0.0035766913,0,"0"
0.01341324,0,"0"
0.2042305,0,"0"
0.00029047282,0,"0"
0.5591256,0,"0"
0.00020646479,0,"0"
5.2842006e-05,0,"0"
0.036347408,0,"0"
0.0066293487,0,"0"
0.052162968,0,"0"
0.02023292,0,"0"
0.0024461765,0,"0"
0.0074415444,0,"0"
0.10923038,0,"0"
0.041307133,0,"0"
0.071347795,0,"0"
0.00031464608,0,"0"
0.012647085,0,"0"
0.016747177,0,"0"
0.012842102,0,"0"
0.043878883,0,"0"
0.0035118172,0,"0"
0.027140498,0,"0"
0.0016315954,0,"0"
0.00073103886,0,"0"
0.0016925555,0,"0"
0.019404164,0,"0"
0.0059976717,0,"0"
0.0064930576,0,"0"
0.0019162658,0,"0"
0.075301915,0,"0"
0.034592997,0,"0"
0.2850596,0,"0"
0.37330976,0,"0"
0.531096,0,"0"
0.0010903105,0,"0"
0.060036287,0,"0"
0.047579575,0,"0"
0.9293453,0,"0"
0.00069952745,0,"0"
0.032905173,0,"0"
0.0025941,0,"0"
4.007737e-05,0,"0"
0.0050875186,0,"0"
0.004538873,0,"0"
0.0059823315,0,"0"
2.9514676e-05,0,"0"
0.039287873,0,"0"
0.000365953,0,"0"
0.67781556,0,"0"
0.000104619976,0,"0"
0.23843436,0,"0"
0.13558221,0,"0"
0.018239653,0,"0"
0.00023189018,0,"0"
0.15141262,0,"0"
0.076549366,0,"0"
0.6508977,0,"0"
0.03821711,0,"0"
0.117743365,0,"0"
0.0009235198,0,"0"
0.10130749,0,"0"
0.007534384,0,"0"
0.014664393,0,"0"
0.14281055,0,"0"
0.001036458,0,"0"
0.21378882,0,"0"
6.108949e-06,0,"0"
0.230568,0,"0"
0.008672603,0,"0"
0.95927966,0,"0"
0.0008662933,0,"0"
0.0076503726,0,"0"
0.2580754,0,"0"
0.009742764,0,"0"
0.0422124,0,"0"
0.0018463456,0,"0"
0.07656998,0,"0"
0.0008467318,0,"0"
0.28018624,0,"0"
0.014622341,0,"0"
0.026380263,0,"0"
0.055231974,0,"0"
0.73353404,0,"0"
0.13086566,0,"0"
0.025929825,0,"0"
1.0586566e-06,0,"0"
0.00051843515,0,"0"
0.50683725,0,"0"
9.592763e-05,0,"0"
0.22813232,0,"0"
0.0026869425,0,"0"
0.0034306082,0,"0"
0.003587933,0,"0"
0.0043118354,0,"0"
0.97063553,0,"0"
0.005228973,0,"0"
4.8250854e-06,0,"0"
0.3116851,0,"0"
0.070168115,0,"0"
0.0019759971,0,"0"
0.00086122024,0,"0"
0.45207608,0,"0"
0.0013956485,0,"0"
0.0076609612,0,"0"
0.006285582,0,"0"
0.077041805,0,"0"
0.022077722,0,"0"
0.0052487263,0,"0"
0.23520012,0,"0"
0.066003434,0,"0"
0.09526567,0,"0"
0.00046917904,0,"0"
0.18932232,0,"0"
4.437348e-05,0,"0"
2.7311879e-05,0,"0"
0.31531245,0,"0"
0.2659835,0,"0"
0.66981363,0,"0"
0.012834939,0,"0"
0.18671522,0,"0"
0.011949703,0,"0"
0.0006518874,0,"0"
0.00021953328,0,"0"
0.0031027247,0,"0"
0.00025734655,0,"0"
0.016098976,0,"0"
3.2070595e-05,0,"0"
0.07156198,0,"0"
0.40341514,0,"0"
0.0047136443,0,"0"
0.14067498,0,"0"
0.030250402,0,"0"
0.087451026,0,"0"
0.0011605291,0,"0"
0.006254623,0,"0"
0.035041206,0,"1"
0.1360879,0,"0"
0.066519514,0,"0"
0.050527733,0,"0"
0.29121426,0,"0"
0.14017332,0,"0"
0.22687626,0,"0"
0.00016859053,0,"0"
0.057064418,0,"0"
0.009719334,0,"0"
0.0028652113,0,"0"
0.0023470158,0,"0"
0.05114194,0,"0"
8.3359055e-06,0,"0"
0.08485771,0,"0"
0.15546474,0,"0"
3.8087426e-06,0,"0"
0.011833238,0,"0"
0.026584813,0,"0"
0.05827604,0,"0"
0.0045927297,0,"0"
0.090432316,0,"0"
0.5334906,0,"0"
0.0019467628,0,"0"
0.0036386205,0,"0"
0.000494516,0,"0"
0.0045723314,0,"0"
0.0001479225,0,"0"
0.28121662,0,"0"
0.00064063625,0,"0"
0.0076925163,0,"0"
0.12169471,0,"0"
0.0017798801,0,"0"
0.010015363,0,"0"
0.59270525,0,"1"
0.018707305,0,"0"
0.04656415,0,"0"
0.120259054,0,"0"
0.5951995,0,"0"
0.03958163,0,"0"
0.47062278,0,"0"
0.08557825,0,"0"
0.0139371725,0,"0"
0.005082276,0,"0"
0.025009273,0,"0"
0.067247815,0,"0"
0.000117974305,0,"0"
0.0003404681,0,"0"
0.14838079,0,"0"
0.66134214,0,"0"
0.0037549196,0,"0"
0.96091366,0,"0"
0.00014016393,0,"0"
0.0072173765,0,"0"
0.22373725,0,"0"
0.17987747,0,"0"
0.002494539,0,"0"
0.06621976,0,"0"
0.9997094,0,"0"
0.008378995,0,"0"
0.0014884335,0,"0"
0.0109268,0,"0"
0.11036873,0,"0"
0.24928436,0,"0"
0.99441344,0,"0"
0.0036354584,0,"0"
0.0033214379,0,"0"
0.0018365487,0,"0"
0.004226714,0,"0"
0.00037738474,0,"0"
0.0035713725,0,"0"
0.0020204862,0,"0"
0.017169312,0,"0"
7.251685e-05,0,"0"
0.0006160006,0,"0"
0.020209331,0,"0"
0.14468747,0,"0"
0.08203949,0,"0"
0.029174147,0,"0"
0.0030046857,0,"0"
0.00040776355,0,"0"
0.0068144696,0,"0"
0.0003375455,0,"0"
0.009190368,0,"0"
0.061888274,0,"0"
0.27007622,0,"0"
0.0021288646,0,"0"
0.0012086913,0,"0"
0.4183544,0,"0"
0.604497,0,"0"
0.0053592096,0,"0"
3.0055276e-06,0,"0"
7.6396376e-05,0,"0"
0.012422855,0,"0"
0.16209944,0,"0"
0.0768439,0,"0"
8.274218e-05,0,"0"
0.00988141,0,"0"
0.083492495,0,"0"
0.0012457572,0,"0"
0.014033707,0,"0"
0.008700899,0,"0"
0.0027497695,0,"0"
0.75633025,0,"0"
0.006440204,0,"0"
0.14540777,0,"0"
0.0007957694,0,"0"
0.0024124219,0,"0"
0.0069927773,0,"0"
0.16301075,0,"0"
0.006692277,0,"0"
4.2481875e-06,0,"0"
0.0013369119,0,"0"
0.006821767,0,"0"
0.022372032,0,"0"
0.0010765023,0,"0"
0.021503368,0,"0"
0.044525504,0,"0"
8.784321e-06,0,"0"
0.007084924,0,"0"
0.0032742238,0,"0"
0.96464115,0,"0"
0.1242699,0,"0"
0.0109293405,0,"0"
0.00018234609,0,"0"
0.00016338633,0,"0"
0.064928174,0,"0"
0.13675287,0,"0"
0.00044216873,0,"0"
0.0033711272,0,"0"
0.0007854063,0,"0"
0.0027629856,0,"0"
0.8681005,0,"0"
0.13884942,0,"0"
0.00075159065,0,"0"
0.0017463464,0,"0"
0.022974385,0,"0"
0.5742042,0,"0"
0.43766242,0,"0"
0.014713218,0,"0"
0.025845999,0,"0"
0.00059913256,0,"0"
0.2031223,0,"0"
0.9995459,0,"0"
0.001227719,0,"0"
0.027900457,0,"0"
0.0037314966,0,"0"
0.00020810879,0,"0"
0.99607664,0,"0"
0.004178042,0,"0"
0.0003253468,0,"0"
0.97695315,0,"0"
0.004069401,0,"0"
1.8424256e-05,0,"0"
0.29311827,0,"0"
0.7836381,0,"0"
0.020760976,0,"0"
0.023444377,0,"0"
0.039877936,0,"0"
0.0007659843,0,"0"
0.00065220025,0,"0"
0.00066744233,0,"0"
0.075069055,0,"0"
0.01741181,0,"0"
0.00039679982,0,"0"
6.6120892e-06,0,"0"
0.18917644,0,"0"
0.016442198,0,"0"
0.006640537,0,"0"
0.00021939496,0,"0"
0.018872997,0,"0"
0.00035831414,0,"0"
0.4316768,0,"0"
0.0027498992,0,"0"
0.001068002,0,"0"
0.980352,0,"0"
0.1224266,0,"0"
0.000977934,0,"0"
0.31579092,0,"0"
0.006224035,0,"0"
0.625725,0,"0"
0.00015119181,0,"0"
0.054105822,0,"0"
0.0047750836,0,"0"
0.003634624,0,"0"
0.024670804,0,"0"
0.003384909,0,"0"
3.7871844e-06,0,"0"
0.029769016,0,"0"
0.0021604071,0,"0"
0.08129059,0,"0"
0.0062481035,0,"0"
0.01920759,0,"0"
0.07580899,0,"0"
0.0025551745,0,"0"
0.008914938,0,"0"
0.74915475,0,"0"
0.8866203,0,"0"
7.030373e-07,0,"0"
5.887164e-05,0,"0"
0.16576953,0,"0"
0.017110264,0,"0"
0.032507267,0,"0"
0.3561989,0,"0"
1,0,"0"
0.0015504004,0,"0"
0.4146877,0,"0"
0.024553183,0,"0"
0.0040914454,0,"0"
1.6731157e-07,0,"0"
0.00077046896,0,"0"
0.66533434,0,"0"
0.32121772,0,"0"
0.027647465,0,"0"
0.99999726,0,"0"
3.6176195e-06,0,"0"
8.180582e-05,0,"0"
0.85541576,0,"0"
6.919113e-06,0,"0"
0.32586172,0,"0"
0.9953661,0,"0"
0.060779057,0,"0"
0.011467007,0,"0"
0.0001490656,0.6240263,"1"
0.9709345,0,"1"
3.7022983e-05,0,"1"
0.030707935,0,"1"
0.003602562,0.78407836,"1"
0.048383385,0.90901583,"1"
0.00052507437,0.7311396,"1"
0.00166465,0,"1"
0.0012452733,0,"1"
0.0020082511,0.4677478,"1"
0.9396324,0,"1"
0.23159273,0,"0"
0.7877936,0,"0"
0.60252786,0,"0"
0.25223243,0,"0"
0.11813666,0,"0"
0.14693242,0,"0"
0.26077142,0,"0"
0.6288572,0,"0"
0.688397,0,"0"
0.45191363,0,"0"
0.6023428,0,"0"
0.4106712,0,"0"
0.9634374,0,"1"
0.9518632,0,"0"
0.21451217,0,"0"
0.30717954,0,"0"
0.21098827,0,"0"
0.09888406,0,"0"
0.2501413,0,"0"
0.74112403,0,"0"
0.2769715,0,"0"
0.82423705,0,"0"
0.80062145,0,"0"
0.4224918,0,"0"
0.011600035,0,"0"
0.50203806,0,"0"
0.72578156,0,"0"
0.58768785,0,"0"
0.83141476,0,"0"
0.72240454,0,"0"
0.15624952,0,"0"
0.38087544,0,"0"
0.66358954,0,"0"
0.6149637,0,"0"
0.6733896,0,"1"
0.6468442,0,"0"
0.7664089,0,"0"
0.29879305,0,"0"
0.8184502,0,"0"
0.022943953,0,"0"
0.7474632,0,"0"
0.9780035,0,"0"
0.33205125,0,"0"
0.6762416,0,"0"
0.25993863,0,"0"
0.082438864,0,"0"
0.3703966,0,"0"
0.80039173,0,"0"
0.95969945,0,"0"
0.3132795,0,"0"
0.3458287,0,"0"
0.2381192,0,"0"
0.20683344,0,"0"
0.27998295,0,"0"
0.42045483,0,"0"
0.72471267,0,"0"
0.8232652,0,"0"
0.55330956,0,"0"
0.059882823,0,"0"
0.61797076,0,"0"
0.37223005,0,"0"
0.79165995,0,"0"
0.5761997,0,"0"
0.6632235,0,"0"
0.0011077315,0,"0"
0.37852597,0,"0"
0.43376547,0,"0"
0.7194044,0,"0"
0.41470745,0,"0"
0.8911345,0,"0"
0.5326975,0,"0"
0.5497304,0,"0"
0.23696692,0,"0"
0.89712185,0,"0"
0.9734268,0,"0"
0.049454987,0,"0"
0.16738033,0,"0"
0.28391725,0,"0"
0.52912223,0,"0"
0.6410664,0,"0"
0.76292336,0,"0"
0.6484441,0,"0"
0.1877815,0,"0"
0.5884678,0,"0"
0.55976295,0,"0"
0.004550315,0,"0"
0.6505895,0,"0"
0.70437306,0,"0"
0.966061,0,"0"
0.4165397,0,"0"
0.13804378,0,"0"
0.36276138,0,"0"
0.25936538,0,"0"
0.46668926,0,"0"
0.9025593,0,"0"
0.16187939,0,"0"
0.95866114,0,"0"
0.7267378,0,"0"
0.43480295,0,"0"
0.52607715,0,"0"
0.9999877,0,"0"
0.35403815,0,"0"
0.2728792,0,"0"
0.41161758,0,"0"
0.81678426,0,"0"
0.059837736,0,"0"
0.68816346,0,"0"
0.776801,0,"0"
0.7076357,0,"0"
0.7945252,0,"0"
0.8591489,0,"0"
0.96431136,0,"0"
0.13172418,0,"0"
0.7801755,0,"0"
0.024536485,0,"0"
0.52176267,0,"0"
0.41346288,0,"0"
0.33086318,0,"0"
0.8276013,0,"0"
0.18851873,0,"0"
0.7825044,0,"0"
0.50775236,0,"0"
0.38398856,0,"0"
0.80505836,0,"0"
0.8236311,0,"0"
0.71536356,0,"0"
0.65489995,0,"0"
0.5540851,0,"0"
0.35671425,0,"0"
0.2620972,0,"0"
0.6462493,0,"0"
0.15236786,0,"0"
0.6229409,0,"0"
0.71328783,0,"0"
0.9019266,0,"0"
0.17089309,0,"0"
0.47885463,0,"0"
0.28067464,0,"0"
0.57037896,0,"0"
0.52004373,0,"0"
0.72261727,0,"0"
0.8501558,0,"1"
0.29372868,0,"0"
0.4536734,0,"0"
0.21103178,0,"0"
9.31393e-06,0,"0"
0.8397237,0,"0"
0.70923203,0,"0"
0.9113004,0,"0"
0.20781879,0,"0"
0.4992533,0,"0"
0.29317296,0,"0"
0.70896804,0,"0"
0.19997792,0,"0"
0.43276292,0,"0"
0.14784068,0,"0"
0.3273929,0,"0"
0.67272747,0,"0"
0.6808113,0,"0"
0.28037804,0,"0"
0.44427067,0,"0"
0.653349,0,"0"
0.03011706,0,"0"
0.94718057,0,"0"
0.820902,0,"0"
0.46567747,0,"0"
0.7681707,0,"0"
0.25481153,0,"0"
0.82707995,0,"0"
0.29652593,0,"0"
0.30679756,0,"0"
0.37083197,0,"0"
0.42456755,0,"0"
0.22224385,0,"0"
0.56735605,0,"0"
0.865789,0,"0"
0.34521067,0,"0"
0.9999999,0,"1"
0.37738958,0,"0"
0.7594307,0,"0"
0.6466442,0,"0"
0.38126922,0,"0"
0.30521926,0,"0"
0.90885127,0,"0"
0.89177394,0,"0"
0.6859427,0,"0"
0.6968514,0,"0"
0.15180755,0,"0"
0.26637554,0,"0"
0.3609588,0,"0"
0.52384084,0,"0"
0.39364004,0,"0"
0.99908304,0,"0"
0.98117584,0,"0"
0.9517774,0,"0"
0.5719192,0,"0"
0.99887866,0,"0"
0.99995446,0,"0"
0.80688304,0,"0"
0.2352257,0,"0"
0.4420242,0,"0"
0.6207862,0,"0"
0.7704584,0,"0"
0.62805676,0,"0"
0.56305283,0,"0"
0.33806303,0,"0"
0.6536897,0,"0"
0.4367197,0,"0"
0.49921006,0,"0"
0.88526094,0,"0"
0.69098127,0,"0"
0.5440824,0,"0"
0.42654774,0,"0"
0.9993363,0,"0"
0.047055207,0,"0"
0.26362753,0,"0"
0.04529755,0,"0"
0.19690533,0,"0"
0.4677897,0,"0"
0.78191495,0,"0"
0.57098424,0,"0"
0.080701716,0,"0"
0.7766144,0,"0"
0.41282353,0,"0"
0.94665533,0,"0"
0.13897587,0,"0"
0.2719081,0,"0"
0.5307345,0,"0"
0.7034882,0,"0"
0.20602237,0,"0"
0.3880908,0,"0"
0.43093756,0,"0"
0.5463425,0,"0"
0.3640508,0,"0"
1.7431581e-06,0,"0"
0.12687838,0,"0"
0.5489836,0,"0"
0.94933856,0,"1"
0.40757224,0,"0"
0.9120944,0,"0"
0.5081559,0,"0"
0.9901377,0,"0"
0.93504477,0,"0"
0.35311273,0,"0"
0.6568614,0,"0"
0.23403955,0,"0"
0.7170329,0,"0"
0.4971021,0,"1"
0.52486837,0,"0"
0.53833985,0,"0"
0.54343617,0,"0"
0.4824828,0,"0"
0.16954035,0,"0"
0.76763064,0,"0"
0.9984865,0,"0"
0.34756318,0,"0"
0.2531805,0,"0"
0.74733144,0,"0"
0.38923654,0,"0"
0.28614664,0,"0"
0.48389834,0,"0"
0.89166105,0,"0"
0.44742855,0,"0"
3.241627e-05,0,"0"
0.13121471,0,"0"
0.9491299,0,"0"
0.78866404,0,"0"
0.42807874,0,"0"
0.3795249,0,"0"
0.97552526,0,"0"
0.55057096,0,"0"
0.028885258,0,"0"
0.39758065,0,"0"
0.84590185,0,"0"
0.8411296,0,"0"
0.99879587,0,"0"
0.8226131,0,"0"
0.85095906,0,"0"
0.9999956,0,"0"
0.42152402,0,"0"
0.46971992,0,"0"
0.3477228,0,"1"
0.92729414,0,"0"
0.35054073,0,"0"
0.9817109,0,"0"
0.9707563,0,"0"
0.9755034,0,"0"
0.17387626,0,"0"
0.9600541,0,"0"
0.067372225,0,"0"
0.38648477,0,"0"
0.9999291,0,"0"
0.5006249,0,"0"
0.9030427,0,"0"
0.80330336,0,"0"
0.30733767,0,"0"
0.16741398,0,"0"
0.97666764,0,"0"
0.9086349,0,"0"
0.3386352,0,"0"
0.99982136,0,"0"
0.97568935,0,"0"
0.41175577,0,"0"
0.11383077,0,"0"
0.98500985,0,"0"
0.8813806,0,"0"
0.3786314,0,"0"
0.5931472,0,"0"
0.77024055,0,"0"
0.9568742,0,"0"
0.99744093,0,"0"
0.9822113,0,"0"
0.27397838,0,"1"
0.80194527,0,"0"
0.83737564,0,"0"
0.9480819,0,"0"
0.6631596,0,"0"
0.9996904,0,"0"
0.23941918,0,"0"
0.99069035,0,"0"
0.720677,0,"0"
0.53076094,0,"0"
0.6210718,0,"0"
0.88916487,0,"0"
0.9956151,0,"0"
0.9993457,0,"0"
0.3971687,0,"0"
0.14458174,0,"0"
0.7955152,0,"0"
0.95144147,0,"0"
0.9021049,0,"0"
0.9995994,0,"0"
0.93829554,0,"0"
0.62124,0,"0"
0.9253149,0,"0"
0.20299591,0,"0"
0.0073239882,0,"0"
0.0024396065,0,"0"
0.21887127,0,"0"
0.9742508,0,"0"
0.9257473,0,"0"
0.95929325,0,"0"
0.3654965,0,"0"
0.88894457,0,"0"
0.1982885,0,"0"
0.53842056,0,"0"
0.016486922,0,"0"
1,0,"0"
0.5131039,0,"0"
0.5672759,0,"0"
0.99994016,0,"0"
0.41591877,0,"0"
0.23289391,0,"0"
0.99999976,0,"0"
0.99365634,0,"0"
0.99942434,0,"0"
0.01469253,0,"0"
0.99975497,0,"0"
1,0,"0"
0.9941187,0,"0"
0.56599915,0,"0"
0.5291751,0,"0"
0.98895115,0,"0"
0.8664743,0,"0"
0.3923006,0,"0"
0.0014278615,0,"0"
0.86747164,0,"0"
0.92116255,0,"0"
0.9999796,0,"0"
0.13038468,0,"0"
0.3207083,0,"0"
0.9685542,0,"0"
0.34096128,0,"0"
0.9879894,0,"0"
0.6291168,0,"0"
0.072843894,0,"0"
0.06841163,0,"0"
0.56992203,0,"0"
0.80623776,0,"0"
0.66575736,0,"0"
0.18061838,0,"0"
0.060666006,0,"0"
0.0002443446,0,"0"
0.79503274,0,"0"
0.11800918,0,"0"
0.99363226,0,"1"
0.46127495,0,"0"
0.19023323,0,"0"
0.99999976,0,"0"
0.71578234,0,"0"
0.9931686,0,"0"
1,0,"0"
0.14437726,0,"0"
0.99271,0,"0"
0.8699172,0,"0"
0.20776416,0,"0"
0.53395265,0,"0"
0.64066464,0,"0"
0.9983063,0,"0"
0.99999905,0,"0"
0.99998045,0,"0"
0.30627775,0,"0"
0.98698205,0,"0"
0.8738301,0,"0"
0.9999763,0,"0"
0.8792809,0,"0"
0.9996182,0,"0"
0.9843365,0,"0"
0.27759206,0,"0"
0.7936098,0,"0"
0.99065137,0,"0"
0.034551125,0,"0"
0.9999875,0,"0"
0.9985669,0,"0"
0.056908842,0,"0"
0.0004754494,0,"0"
0.44462267,0,"0"
0.85543406,0,"0"
0.9981704,0,"0"
0.9998654,0,"0"
0.3284235,0,"0"
0.0010962005,0,"0"
1,0,"0"
0.41217574,0,"0"
0.999509,0,"1"
0.9998393,0,"0"
0.98541856,0,"0"
0.43849024,0,"0"
0.00016506812,0,"0"
1,0,"0"
1,0,"0"
0.06174133,0,"0"
0.1155983,0,"0"
0.020712959,0,"0"
0.020917812,0,"0"
0.9997297,0,"1"
0.79094774,0,"0"
1.7896309e-07,0,"0"
0.01599651,0,"0"
0.1647683,0,"0"
1,0,"0"
0.9918031,0,"0"
0.006360107,0,"0"
0.637967,0,"0"
0.99999106,0,"0"
0.99998903,0,"0"
1,0,"0"
0.27574998,0,"0"
1,0,"0"
0.271611,0,"0"
1,0,"0"
0.0025567585,0,"1"
8.596113e-05,0,"0"
8.455658e-05,0,"0"
0.0013835239,0,"0"
0.0002756526,0,"0"
0.84251523,0,"0"
0.0012419211,0,"0"
8.720994e-05,0,"0"
0.000115269555,0,"0"
0.026414996,0,"0"
0.009145216,0,"0"
0.0015299174,0,"0"
0.021657787,0,"0"
9.852483e-05,0,"0"
0.0011084145,0,"0"
0.0020927896,0,"0"
0.0037704469,0,"0"
0.0068776063,0,"0"
0.009465149,0,"0"
0.00057067187,0,"0"
0.00081630744,0,"0"
0.0014236605,0,"0"
0.01001715,0,"0"
1.1276188e-05,0,"0"
0.00022008113,0,"0"
0.010059009,0,"0"
0.005451347,0,"0"
0.00011235723,0,"0"
0.14929771,0,"0"
0.006017247,0,"0"
0.0034091156,0,"0"
7.582974e-05,0,"0"
0.012277056,0,"0"
0.00043724288,0,"0"
0.0003853486,0,"1"
0.012632102,0,"0"
0.008893869,0,"0"
0.00020062065,0,"0"
0.0019055652,0,"0"
0.00018241095,0,"0"
0.000224337,0,"0"
0.0058163437,0,"0"
0.00019033038,0,"0"
0.020621793,0,"0"
0.0006911225,0,"0"
0.00068149023,0,"0"
0.0008992382,0,"0"
0.0041036163,0,"0"
0.0026769077,0,"0"
0.0015419987,0,"0"
8.87263e-05,0,"0"
9.908459e-05,0,"0"
0.06118434,0,"0"
0.0008477915,0,"0"
0.029216325,0,"0"
0.0023359437,0,"0"
0.015388018,0,"0"
9.000816e-05,0,"0"
0.0012300495,0,"0"
0.00768329,0,"0"
1.3190267e-05,0,"0"
0.5983495,0,"0"
0.0007356892,0,"0"
0.57468635,0,"0"
0.0288779,0,"0"
0.000757834,0,"0"
0.32921645,0,"0"
0.31936377,0,"0"
0.000845369,0,"0"
0.06492455,0,"0"
6.170542e-05,0,"0"
0.12816823,0,"0"
0.00016563603,0,"0"
4.4705623e-05,0,"0"
0.0004053703,0,"0"
0.010677445,0,"0"
8.7219174e-05,0,"0"
0.00020771686,0,"0"
0.0016909055,0,"0"
1.4186993e-05,0,"0"
0.015061426,0,"0"
0.0022998094,0,"0"
0.0006088817,0,"0"
0.0007358589,0,"0"
3.8873757e-05,0,"0"
1.6351448e-08,0,"0"
0.011115339,0,"0"
0.740835,0,"0"
0.00068960927,0,"0"
0.0015181112,0,"0"
0.99042624,0,"0"
0.003927298,0,"0"
5.7559737e-06,0,"0"
6.141782e-05,0,"0"
0.00606619,0,"0"
0.0055614403,0,"0"
0.000364164,0,"0"
0.074233405,0,"0"
0.0028609093,0,"0"
8.199373e-05,0,"0"
0.0078122765,0,"0"
4.315918e-06,0,"0"
0.0037574284,0,"0"
0.05271164,0,"0"
0.00160569,0,"1"
0.00028019067,0,"0"
0.030678581,0,"0"
0.00057915336,0,"0"
0.00037849628,0,"0"
0.0006538745,0,"0"
0.0015105997,0,"0"
0.006928349,0,"0"
0.00016500564,0,"0"
0.00029406731,0,"0"
0.0010906975,0,"0"
0.00073283084,0,"0"
0.01003477,0,"0"
0.00090186903,0,"0"
0.0025277908,0,"0"
0.001473451,0,"0"
0.000569043,0,"0"
0.0039931256,0,"0"
0.0086817825,0,"0"
0.0014650689,0,"0"
0.0002450964,0,"0"
0.0006028848,0,"0"
1.003548e-05,0,"0"
9.091902e-05,0,"0"
2.1908547e-06,0,"0"
0.00017856526,0,"0"
0.16188015,0,"0"
0.78284425,0,"0"
0.003296913,0,"0"
0.024474246,0,"0"
0.00012381641,0,"0"
0.005673342,0,"0"
0.015492225,0,"0"
0.025455695,0,"0"
0.7202243,0,"0"
0.25414488,0,"0"
0.011454214,0,"0"
0.00092635304,0,"0"
0.0003173493,0,"0"
0.007043743,0,"0"
0.0014851601,0,"0"
1.4308506e-06,0,"0"
0.02419028,0,"0"
0.00026865542,0,"0"
4.035173e-05,0,"0"
2.6791263e-06,0,"0"
0.00071669836,0,"0"
3.0640073e-05,0,"0"
0.008700167,0,"0"
0.1017427,0,"0"
0.0021532143,0,"0"
0.0054959035,0,"0"
0.50554115,0,"0"
0.002989365,0,"0"
0.013751534,0,"0"
0.14250481,0,"0"
0.005368844,0,"0"
0.10579248,0,"0"
0.09011002,0,"0"
0.00036114993,0,"0"
0.05548367,0,"0"
0.00090273994,0,"0"
0.26867822,0,"0"
9.3804556e-05,0,"0"
0.008085917,0,"0"
0.0012280834,0,"0"
3.9500366e-05,0,"0"
0.06732319,0,"0"
0.029975912,0,"0"
0.010926609,0,"0"
0.00033027612,0,"0"
0.0029458588,0,"0"
0.000102198646,0,"0"
0.00014190126,0,"0"
0.019108523,0,"0"
0.00034723058,0,"0"
0.0031498983,0,"0"
0.0035611128,0,"0"
0.00022715617,0,"0"
6.044756e-07,0,"0"
0.0001235044,0,"0"
0.003310084,0,"0"
0.0007663903,0,"0"
0.013156481,0,"0"
1.2427156e-06,0,"0"
2.760555e-05,0,"0"
0.0015315536,0,"0"
0.0006510917,0,"0"
0.011231659,0,"0"
0.0001327811,0,"0"
0.00017824325,0,"0"
0.0070267874,0,"0"
0.004078043,0,"0"
0.35672513,0,"0"
1.8446513e-06,0,"0"
4.2197404e-05,0,"0"
0.00031934786,0,"0"
0.0014047843,0,"0"
0.0007977289,0,"0"
0.00010357195,0,"0"
0.003164204,0,"0"
0.00038543125,0,"0"
0.004209937,0,"0"
0.0018827737,0,"0"
5.3485102e-05,0,"0"
0.0024093678,0,"0"
0.0038206072,0,"0"
0.0031179506,0,"0"
7.743805e-05,0,"0"
0.00023272855,0,"0"
0.00032177413,0,"0"
0.008646503,0,"0"
0.0019907118,0,"0"
0.0860844,0,"0"
0.006511555,0,"0"
0.0073019653,0,"0"
0.0069829836,0,"0"
0.014108997,0,"0"
0.005693385,0,"0"
0.0053626397,0,"0"
0.16097695,0,"0"
0.0014643617,0,"0"
0.2710098,0,"0"
0.00039406156,0,"0"
4.2240852e-05,0,"0"
0.00386112,0,"0"
0.00022454179,0,"0"
0.004571483,0,"0"
1.6753458e-05,0,"0"
0.00061904255,0,"0"
0.0019082542,0,"0"
0.010265123,0,"0"
0.0064689615,0,"0"
0.00096346386,0,"0"
0.0020282296,0,"0"
0.00062249746,0,"0"
0.0003567619,0,"0"
0.00015989316,0,"0"
0.020688841,0,"0"
0.000763699,0,"0"
0.0848165,0,"0"
0.00046617235,0,"0"
0.00042034395,0,"0"
0.00019991166,0,"0"
0.00078585726,0,"0"
9.843112e-05,0,"0"
0.0011683645,0,"0"
0.00079405744,0,"0"
0.0070996513,0,"0"
0.0036789265,0,"0"
9.416918e-06,0,"0"
0.0031133506,0,"0"
0.0002434224,0,"0"
1.4753058e-05,0,"0"
0.0022509594,0,"0"
4.3830473e-06,0,"0"
0.0141282305,0,"0"
0.0011357139,0,"0"
4.0757575e-05,0,"0"
0.15455258,0,"0"
0.0002632767,0,"0"
0.0047136755,0,"0"
0.058225,0,"1"
0.0006556323,0,"0"
0.0005498239,0,"0"
0.12555233,0,"0"
0.97741085,0,"0"
0.022694731,0,"0"
0.03137201,0,"0"
0.0005301714,0,"0"
0.0013883058,0,"0"
0.01545026,0,"0"
0.0019253662,0,"0"
0.0006333402,0,"0"
0.0012548144,0,"0"
0.01688887,0,"0"
0.0008573082,0,"0"
0.0028306607,0,"0"
0.0069898707,0,"0"
0.65784746,0,"0"
0.9953792,0,"1"
0.0038773816,0,"0"
0.034656387,0,"0"
0.0008693682,0,"0"
0.068966426,0,"0"
0.28505707,0,"0"
0.00047422666,0,"0"
0.00037163333,0,"0"
5.0579083e-06,0,"0"
0.006425076,0,"0"
0.004406865,0,"0"
0.0039515616,0,"1"
0.0146304425,0,"0"
1.801275e-05,0,"0"
0.1250046,0,"0"
0.3020369,0,"0"
0.05472356,0,"1"
0.0052651884,0,"0"
0.017957656,0,"0"
0.0004882565,0,"0"
0.00504943,0,"0"
0.008101758,0,"0"
0.0009564821,0,"0"
3.4160644e-06,0,"0"
0.28250673,0,"0"
0.0056033395,0,"0"
0.040645674,0,"0"
0.0001373587,0,"0"
0.0009109835,0,"0"
0.13405013,0,"1"
0.000587232,0,"0"
0.00068063155,0,"0"
0.00025063442,0,"0"
0.0038447932,0,"0"
0.00176853,0,"0"
0.0015718909,0,"0"
0.00039046875,0,"0"
0.00261968,0,"0"
0.0033407023,0,"0"
0.001438158,0,"0"
0.005541888,0,"0"
0.00015765168,0,"0"
9.150366e-06,0,"0"
7.381076e-05,0,"0"
0.00072029175,0,"0"
1.0727847e-06,0,"0"
0.00060672127,0,"0"
0.0035052637,0,"0"
0.016122824,0,"0"
0.0005575582,0,"0"
0.0006186038,0,"0"
0.00031041156,0,"0"
0.013683709,0,"0"
1.3565439e-05,0,"0"
0.009300466,0,"0"
1.0709708e-07,0,"0"
0.0062081427,0,"0"
0.0023392753,0,"0"
0.009697274,0,"0"
0.011269813,0,"0"
0.00086030323,0,"0"
0.009293556,0,"0"
0.0024244897,0,"0"
0.0007178981,0,"0"
0.006899625,0,"0"
0.00035162512,0,"0"
0.16915892,0,"0"
0.0005115114,0,"0"
0.04688594,0,"0"
0.009532997,0,"0"
0.00060450076,0,"0"
0.00037529136,0,"0"
0.00037489156,0,"0"
0.072175965,0,"0"
0.0060294457,0,"0"
0.0030101144,0,"0"
0.11873192,0,"0"
8.901563e-05,0,"0"
0.99944824,0,"0"
0.00027282775,0,"0"
1.6897306e-05,0,"0"
0.0042888676,0,"0"
9.477597e-06,0,"0"
1.1713618e-05,0,"0"
0.21007165,0,"0"
0.2769794,0,"0"
0.0052841376,0,"0"
0.00070584303,0,"0"
0.0016447023,0,"0"
0.005280041,0,"0"
0.00030762397,0,"0"
0.00030544386,0,"0"
0.00022854263,0,"0"
5.4958462e-05,0,"0"
0.0005183141,0,"0"
3.692455e-06,0,"0"
0.00025692413,0,"0"
0.0015858406,0,"0"
0.0050775837,0,"0"
0.0017962202,0,"0"
0.05853249,0,"0"
0.00016314206,0,"0"
0.0002300454,0,"0"
4.0870877e-05,0,"0"
0.023842083,0,"0"
0.009162381,0,"0"
0.010490131,0,"0"
0.016020006,0,"0"
0.00075412146,0,"0"
0.0003412199,0,"0"
0.002773039,0,"0"
0.00012425284,0,"0"
0.0057314257,0,"0"
0.010519449,0,"0"
0.0007148672,0,"0"
0.0048825503,0,"0"
0.01846693,0,"0"
0.005542025,0,"0"
0.014634649,0,"0"
0.00028622383,0,"0"
0.00043218117,0,"0"
0.05659119,0,"0"
0.00030958757,0,"0"
0.00086375343,0,"0"
0.003113543,0,"0"
0.00026035417,0,"0"
0.1443597,0,"0"
0.0005221387,0,"0"
0.014241151,0,"0"
0.06415955,0,"0"
0.09236516,0,"0"
0.0033360177,0,"0"
0.00089529617,0,"0"
0.0006608602,0,"0"
0.00054869073,0,"0"
0.017317135,0,"0"
9.4714815e-05,0,"0"
0.0001166306,0,"0"
0.011926333,0,"0"
0.0013116297,0,"0"
0.004176233,0,"0"
0.0027807385,0,"0"
0.0037801312,0,"0"
0.0039481474,0,"0"
0.18589465,0,"0"
0.0045428523,0,"0"
0.004388355,0,"0"
0.00016977977,0,"0"
1.9824802e-05,0,"0"
0.0065907734,0,"0"
0.0004662859,0,"0"
0.0029254074,0,"0"
0.04161852,0,"0"
0.05225511,0,"0"
0.00010103981,0,"0"
0.00058900024,0,"0"
0.01229826,0,"0"
0.00037957597,0,"0"
2.7353923e-05,0,"0"
0.0072444454,0,"0"
0.001132992,0,"0"
4.8892976e-05,0,"0"
0.018103085,0,"0"
0.0007286699,0,"0"
0.029472437,0,"0"
0.008831572,0,"0"
8.6866494e-05,0,"0"
0.0009102456,0,"0"
0.072840735,0,"0"
0.00025865738,0,"0"
0.00057674974,0,"0"
0.0044674277,0,"0"
0.0006578825,0,"0"
0.0948423,0,"0"
0.005106432,0,"0"
0.047440987,0,"0"
0.0020464123,0,"0"
0.011346555,0,"0"
0.023652453,0,"0"
0.0058299005,0,"0"
0.010414224,0,"0"
0.00014863057,0,"0"
4.1247117e-11,0,"0"
0.00027214814,0,"0"
0.0030621109,0,"0"
0.00018314256,0,"0"
0.0006486334,0,"0"
0.009721294,0,"0"
0.0029886714,0,"0"
0.0013892779,0,"0"
0.0016337321,0,"0"
0.037990533,0,"0"
0.0014886815,0,"1"
0.00039715765,0,"0"
0.042066626,0,"0"
0.00012989524,0,"0"
0.0010972447,0,"0"
0.0006317523,0,"0"
0.0034559448,0,"0"
0.01578674,0,"0"
0.00082358933,0,"0"
0.0076391767,0,"0"
0.020873366,0,"0"
0.00076400145,0,"0"
0.027381606,0,"0"
0.0028408288,0,"0"
0.00092124846,0,"0"
4.4755277e-05,0,"0"
0.073950805,0,"0"
0.1752562,0,"0"
0.0077951117,0,"0"
0.0006614871,0,"0"
0.0003087119,0,"0"
0.028246589,0,"0"
0.0015911895,0,"0"
0.002028667,0,"0"
0.44918513,0,"0"
1.1861461e-05,0,"0"
0.00033623385,0,"0"
0.037278973,0,"0"
0.0029319546,0,"0"
0.9991304,0,"0"
0.008456903,0,"0"
0.0060037435,0,"0"
0.0020316695,0,"0"
0.0032077606,0,"0"
0.016651059,0,"0"
0.0011047876,0,"0"
0.00038343397,0,"0"
0.00066934025,0,"0"
0.012417842,0,"0"
0.08858461,0,"0"
0.013437589,0,"0"
0.03036307,0,"0"
0.0057087485,0,"0"
0.006153351,0,"0"
0.02797401,0,"0"
0.033559863,0,"0"
0.0019265357,0,"0"
0.0022543834,0,"0"
0.053399425,0,"0"
0.07145237,0,"0"
0.0014513293,0,"0"
0.0651586,0,"0"
2.6974267e-05,0,"0"
9.695727e-05,0,"0"
0.0055593913,0,"0"
0.004517523,0,"0"
0.00052257936,0,"0"
0.014485277,0,"0"
0.0003252702,0,"0"
0.0005616027,0,"0"
0.0011452449,0,"0"
0.0002309273,0,"0"
0.24816969,0,"0"
0.030919427,0,"0"
0.0007846073,0,"0"
0.031350702,0,"0"
0.63243663,0,"0"
0.0023247867,0,"0"
0.020911982,0,"0"
0.27589282,0,"0"
0.23436105,0,"0"
0.8135823,0,"0"
0.682716,0,"0"
0.018994112,0,"0"
0.0035291421,0,"0"
6.605296e-05,0,"0"
0.0025239703,0,"0"
0.015285797,0,"0"
5.3831885e-05,0,"0"
0.0010953445,0,"0"
0.001735668,0,"0"
0.0020143143,0,"0"
6.4986434e-06,0,"0"
0.011260886,0,"0"
0.17367902,0,"0"
4.0628696e-05,0,"0"
1.9871993e-06,0,"0"
0.0016176199,0,"0"
0.0014886808,0,"0"
0.08729821,0,"0"
0.001026216,0,"0"
0.05656803,0,"0"
0.0070830625,0,"0"
0.00026978328,0,"0"
5.1354294e-07,0,"0"
0.008816486,0,"0"
0.0042301714,0,"0"
0.0009519342,0,"0"
5.629575e-06,0,"0"
9.908193e-05,0,"0"
0.001328183,0,"0"
1.1225255e-05,0,"0"
0.00024606317,0,"0"
4.6221144e-06,0,"0"
2.101111e-05,0,"0"
4.938355e-07,0,"0"
0.0073780175,0,"0"
0.00014489483,0,"0"
0.0001495679,0.78144383,"1"
0.045387853,0,"1"
0.99330515,0,"1"
0.0400655,0,"1"
0.006333833,0.9372467,"1"
0.0009680123,0.2169409,"1"
0.0051151947,0,"1"
1,0,"1"
0.00028233617,0.07191424,"1"
0.010142745,0,"1"
0.0009008255,0,"1"
0.053195015,0.93438035,"1"
0.01036661,0.8425566,"1"
0.007127814,0,"1"
0.75306314,0,"1"
1,0,"1"
0.013349901,0,"1"
0.8925743,0,"1"
0.2238873,0,"1"
0.99854255,0,"1"
0.9999893,0,"1"
0.9990927,0,"1"
0.1216819,0,"1"
3.5535304e-05,0,"1"
0.00064597424,0,"1"
0.999967,0,"1"
0.25857785,0,"1"
0.0014150915,0,"1"
0.052827287,0,"1"
0.18470994,0,"1"
0.0026370639,0,"1"
0.002382659,0,"1"
0.0038846594,0.31409696,"0"
0.0222276,0.2159321,"0"
6.355055e-05,0,"0"
0.029814856,0.5018682,"0"
1.1167096e-05,0.38647512,"0"
0.0015259912,0.75339156,"0"
0.90512246,0.44392508,"0"
0.01054499,0.29084608,"0"
0.025251273,0.9432675,"0"
0.003132003,0,"0"
2.3914135e-06,0,"0"
0.0021708503,0,"0"
0.14789912,0.8685536,"0"
0.00013184495,0.121586986,"0"
0.0014058863,0,"0"
0.028500047,0,"0"
0.00010865626,0.3711079,"0"
0.06955754,0.16606295,"1"
0.00038496347,0,"0"
0.0010377483,0.22367321,"0"
0.0057228026,0.6458507,"0"
0.0002396373,0,"0"
0.38210154,0.9785096,"0"
0.39930686,0,"0"
0.00023771777,0,"0"
0.12887318,0.38139987,"0"
0.017917974,0,"0"
3.982979e-05,0.81308264,"0"
0.046074796,0.95530295,"0"
0.96995664,0.8858954,"0"
0.0005975233,0,"0"
0.051213138,0.09319315,"0"
0.04717672,0.63401496,"0"
0.21556029,0,"0"
0.000103668,0.079654574,"0"
0.014696431,0,"0"
0.0019350741,0,"0"
4.346565e-07,0.90114737,"0"
0.6129525,0,"0"
1.4508693e-05,0,"0"
0.076324515,0,"0"
0.013831051,0,"0"
0.1305756,0.32095903,"0"
0.00027905684,0.6240166,"0"
0.018057078,0.42655024,"0"
0.033801056,0.806406,"0"
0.54951,0,"0"
2.848259e-06,0,"0"
0.0034726767,0.85190797,"0"
0.0010470165,0,"0"
8.541644e-05,0,"0"
0.0028807507,0,"0"
0.16770153,0.030810265,"0"
0.00023991482,0.9491054,"0"
0.0031825698,0.4721107,"0"
0.0014544332,0.56470144,"0"
0.03015264,0,"0"
0.97417665,0.89051497,"0"
0.0028644279,0,"0"
0.36770323,0,"0"
5.6689256e-05,0,"0"
0.01095522,0,"0"
0.4922507,0.95799255,"0"
0.009847434,0,"0"
9.7179145e-05,0.9218692,"0"
4.5186185e-05,0.62003666,"0"
0.028272046,0,"0"
3.639025e-05,0,"0"
0.0020045245,0,"0"
0.04347479,0.76259315,"0"
0.019631248,0,"0"
4.979097e-05,0,"0"
0.001718626,0.19282407,"0"
0.025120845,0.64808077,"0"
0.00015218373,0,"0"
0.00027264465,0.8813647,"0"
0.028493091,0,"0"
0.0002408063,0.7927713,"0"
0.007134738,0.04519985,"0"
0.0039566774,0.9861583,"0"
0.002895598,0.95345426,"0"
0.08223302,0,"0"
0.0017165722,0.14599073,"0"
5.7338853e-05,0,"0"
0.12206434,0,"0"
6.1784616e-05,0,"0"
0.04216995,0,"0"
0.009871477,0.9502732,"0"
0.13214184,0,"0"
0.00035384533,0,"0"
0.00022059878,0.91227645,"0"
0.0012018501,0.029026987,"0"
0.03298391,0,"0"
0.14185865,0,"0"
0.105040655,0,"0"
8.920739e-06,0.16688596,"0"
0.8730148,0,"0"
0.0059664026,0,"0"
0.00023975156,0,"0"
1.0932387e-05,0,"0"
0.0009742745,0,"0"
0.0003534443,0,"0"
0.0006761943,0,"0"
0.0007374324,0.61832625,"0"
2.315621e-05,0.65370584,"0"
0.40531585,0,"0"
0.00041000755,0.55277485,"0"
0.010098992,0.70086515,"0"
0.027152348,0,"0"
0.09799074,0.89957744,"0"
0.00019463878,0.0034976583,"0"
0.00035142087,0.8256345,"0"
0.08039892,0,"0"
0.008653499,0.9339893,"0"
0.2671909,0.8571322,"0"
0.016309867,0.20904624,"0"
0.0012384687,0,"0"
0.002085869,0,"0"
4.301175e-05,0,"0"
0.084457755,0,"0"
0.0008688933,0.90819526,"0"
0.08645324,0,"0"
0.009846062,0,"0"
0.0153003475,0.5391321,"0"
0.00016435869,0.4400173,"0"
0.86041534,0.7256386,"0"
0.028572353,0,"0"
0.0046825665,0,"0"
0.009972351,0,"0"
0.040156975,0,"0"
0.00013315375,0,"0"
0.12357522,0.9484005,"1"
0.59455276,0,"0"
0.002704078,0.9336876,"0"
0.06598295,0.975635,"0"
0.0031295712,0,"0"
6.992443e-05,0,"0"
0.050092608,0,"0"
0.00019605289,0.8581132,"0"
0.0050307787,0.027641546,"0"
0.00050584937,0,"0"
0.00033275364,0.8900491,"0"
0.040350847,0,"0"
7.370378e-06,0.49636516,"0"
0.006641736,0.5657146,"0"
0.0111504635,0.5886655,"0"
0.05188242,0.9247261,"0"
0.66524893,0.9551512,"0"
0.014523944,0,"0"
0.556564,0,"0"
0.06025818,0,"0"
0.229482,0.82213485,"0"
1.4726255e-07,0,"0"
0.00069996493,0,"0"
0.025253808,0.941925,"0"
0.0003355882,0,"0"
5.5563905e-05,0,"0"
0.14340484,0,"0"
0.0064852764,0,"0"
6.2224244e-06,0,"0"
1.648176e-05,0,"0"
0.03186736,0.8068141,"0"
0.0010454501,0.7537628,"0"
8.21975e-05,0.10128132,"0"
0.0025228362,0.9614941,"0"
0.0033142194,0.88642216,"0"
0.4758401,0,"0"
0.004576674,0.34257686,"0"
0.0004291722,0,"0"
0.0061920597,0.6703591,"0"
0.00040594806,0.93395656,"0"
0.0028077797,0,"0"
0.080267586,0,"0"
0.0008592235,0,"0"
0.0033525783,0.40267456,"0"
0.33815837,0,"0"
0.556294,0,"0"
0.0025679264,0.91663647,"0"
0.061066005,0.8752777,"0"
0.00022796394,0,"0"
0.48805276,0,"0"
0.0122532975,0.6319518,"0"
6.548845e-06,0,"0"
0.02927581,0,"0"
0.00014656511,0,"0"
0.008819875,0.008703728,"0"
0.0048606386,0,"0"
0.0014252368,0.48522896,"0"
0.8869365,0,"0"
3.2438506e-06,0.72916436,"0"
0.0013936589,0,"0"
0.010511783,0.9373247,"0"
0.25302544,0,"0"
0.008911527,0.59360754,"0"
0.003515031,0,"0"
0.001962954,0.73662734,"0"
0.00085119274,0,"0"
0.6659681,0.03341657,"0"
0.00059590297,0.96316195,"0"
0.00062719465,0.88345104,"0"
0.0031035303,0.8331077,"0"
0.00010861618,0,"0"
0.003219176,0.05355517,"0"
0.008600219,0.079672284,"0"
0.004168494,0,"0"
0.00015862804,0.5826642,"0"
0.0010525128,0,"0"
0.008835099,0.96676767,"0"
0.090113305,0,"0"
0.79206955,0.89558643,"0"
0.013718841,0.41250885,"0"
0.017370969,0,"0"
0.018147342,0,"0"
0.10221591,0,"0"
0.00054692227,0,"0"
0.2823469,0.53229135,"0"
1.3402274e-05,0.88134634,"0"
1.753338e-05,0,"0"
0.0017262561,0.57212436,"0"
6.369768e-05,0,"0"
0.0011186129,0,"0"
0.98851997,0,"0"
7.6315955e-06,0,"0"
4.0528703e-05,0,"0"
0.0033497054,0.34879658,"0"
0.000359885,0.80102587,"0"
7.2116185e-05,0,"0"
7.5079624e-05,0.742978,"0"
0.30918345,0.6738412,"0"
0.2638545,0,"0"
0.02603799,0.5262911,"0"
0.028317183,0.9263672,"0"
0.0002898893,0.9492079,"0"
0.14139108,0.9207206,"0"
0.0067759934,0,"0"
0.00018711269,0,"0"
0.25680003,0,"0"
0.00022098908,0,"0"
0.0033014966,0.69286567,"0"
0.00042838132,0,"0"
0.02970951,0,"0"
0.011068219,0.055868536,"0"
0.00085777976,0.9891406,"0"
0.022865176,0.26926464,"0"
0.0076105106,0.18685113,"0"
0.010087396,0.6466262,"0"
0.00040719562,0,"0"
4.517059e-05,0.705576,"0"
0.5212324,0.7961098,"0"
0.007037232,0,"0"
0.0012351401,0.6069925,"0"
0.015636962,0.84901917,"0"
0.023852697,0,"0"
0.00056991633,0.19008598,"0"
0.022669699,0,"0"
0.019308357,0,"0"
0.0021953157,0,"0"
0.0041632717,0,"0"
0.006184169,0,"0"
0.002412695,0.176535,"0"
0.0028805754,0.97805995,"0"
0.011828471,0,"0"
0.00016748034,0.7548307,"0"
0.13109845,0,"0"
0.7524814,0.68129325,"0"
0.0059963325,0,"0"
0.042846084,0.69417924,"0"
0.61355215,0,"0"
0.64500374,0,"0"
0.00043411725,0.15205187,"0"
0.6116436,0,"0"
0.014662628,0.97879523,"0"
0.061918072,0,"0"
0.00026362084,0.20516561,"0"
0.04382658,0.8278333,"0"
2.3206599e-06,0.3496441,"0"
0.0005147765,0,"0"
0.093288116,0,"0"
0.00025058113,0.5797265,"0"
0.0031171595,0,"0"
0.82324606,0.45200786,"0"
0.0003037453,0,"0"
2.0015988e-05,0,"0"
0.0001766011,0.3733872,"0"
0.009188279,0.7358535,"0"
0.012756203,0.6626421,"0"
0.0020738908,0.39466703,"0"
0.002717813,0.33204332,"0"
0.08982189,0,"0"
0.27899006,0.6027139,"0"
3.2276348e-05,0,"0"
0.023437902,0.66561997,"0"
0.0040297345,0.391456,"0"
0.0012246253,0,"0"
0.011116256,0,"0"
0.0005942845,0,"0"
0.01652503,0,"0"
5.9495444e-05,0.79887974,"0"
0.00010639355,0,"0"
0.00014785849,0.86383533,"0"
0.018905384,0.16784707,"0"
0.00051160576,0,"0"
0.0081640985,0,"0"
0.0067070266,0,"0"
3.8418343e-06,0.7169463,"0"
0.006045943,0.28949305,"0"
0.4208208,0,"0"
0.012820145,0.7045032,"0"
0.91168827,0,"0"
5.4684315e-05,0.9079309,"0"
7.928415e-06,0,"0"
0.00031841517,0.11725572,"0"
0.0025288297,0.71035624,"0"
0.06950667,0.93145436,"0"
0.00027373628,0.6084692,"0"
2.1373815e-05,0,"0"
0.06673201,0.9116235,"0"
0.40111715,0,"0"
0.014439184,0.7192781,"0"
0.033330142,0.74878126,"0"
0.00196408,0.9107703,"0"
0.16824658,0,"0"
8.830568e-06,0.1699501,"0"
0.006452546,0.9128086,"0"
3.7720458e-06,0,"0"
0.20374236,0,"0"
0.0010283721,0.5361917,"0"
0.14436679,0.4454744,"0"
1.5037794e-05,0,"0"
0.24099065,0.88750154,"0"
0.22434554,0.8624811,"0"
0.17365345,0,"0"
1.3231577e-05,0,"0"
5.1923293e-05,0,"0"
0.02554719,0,"0"
6.0225022e-05,0.27019888,"0"
0.001998945,0,"0"
0.057886604,0.78298014,"0"
0.09750065,0,"0"
0.00023702408,0,"0"
0.5126548,0.8328176,"0"
0.030141877,0.86873233,"0"
0.002734789,0.74455714,"0"
0.000835978,0,"0"
0.0003451112,0.53065306,"0"
0.029851776,0,"0"
0.28653026,0,"0"
0.0036715635,0.4615071,"0"
0.0017188642,0.64838195,"0"
0.0017849952,0.57828116,"0"
0.83785707,0,"0"
0.009078548,0,"0"
0.06971683,0.4576377,"0"
0.0012284676,0,"0"
0.03500301,0,"0"
0.22092396,0.36924657,"0"
0.042175584,0.6708158,"0"
0.052918646,0.08889224,"0"
0.0013583116,0.547643,"0"
0.3854507,0,"0"
0.014526163,0,"0"
0.14099698,0.7311041,"0"
0.6009115,0,"0"
1.922516e-06,0.8584314,"0"
0.0021158243,0.79049647,"0"
0.029837403,0.96830666,"0"
0.054109193,0.4388639,"0"
0.0001586902,0,"0"
0.2981503,0.89625394,"0"
0.009847606,0.045215417,"0"
0.0218805,0.92906183,"0"
0.008195445,0,"0"
0.10537001,0,"0"
0.0019708993,0.21176055,"0"
5.5376437e-05,0.32142353,"0"
0.0001221011,0,"0"
0.04875161,0,"0"
0.14580198,0.9824355,"0"
0.0037350864,0,"0"
0.7533405,0.4482569,"0"
0.9999993,0.90599525,"0"
3.382256e-05,0.99582434,"0"
0.12687601,0.708593,"0"
0.047429446,0,"0"
0.008833838,0.55771846,"0"
0.007285338,0,"0"
0.006035802,0,"0"
0.024566757,0,"0"
0.00043904764,0.5869395,"0"
0.002109492,0.0002687069,"0"
0.0001816244,0,"0"
0.059751652,0,"0"
0.24213997,0.69575727,"0"
0.00019639284,0,"0"
0.8218632,0.94842625,"0"
0.0007330424,0,"0"
0.0019092562,0.5262323,"0"
0.00011304805,0,"0"
0.0073443353,0.73564094,"0"
0.5812748,0.7376465,"0"
0.0026596007,0.07485647,"0"
0.0010963901,0.0073036286,"0"
0.10917805,0,"0"
0.0010162367,0.033651035,"0"
0.009897905,0.5860665,"0"
0.03959843,0.20949866,"0"
0.11066834,0.45177332,"0"
1.0756906e-05,0.860426,"0"
0.004321566,0,"0"
1.233741e-06,0.8354257,"0"
0.02335773,0,"0"
0.19475782,0,"0"
0.9998499,0.68338543,"0"
1.2793793e-05,0.8372177,"0"
0.002453119,0,"0"
0.010633742,0.44466156,"0"
0.0022700375,0,"0"
0.0054898863,0,"0"
0.0001042031,0.32753927,"0"
2.411461e-07,0,"0"
0.99491704,0.84888494,"0"
0.0011682059,0,"0"
0.73788947,0.51533526,"0"
0.0043532685,0,"0"
0.059571993,0.546576,"0"
0.011716651,0.34052613,"0"
0.0015417256,0.39568436,"0"
0.0053998013,0,"0"
4.3520067e-05,0,"0"
1.1043072e-05,0.9573886,"0"
0.9989403,0,"0"
1.36430325e-08,0,"0"
0.00039297892,0,"0"
0.00074238365,0.40513617,"0"
0.02846214,0.5373594,"0"
1.3583085e-05,0,"0"
0.0017183627,0,"0"
0.22903642,0,"0"
9.9358025e-05,0.46834564,"0"
0.115095355,0.9447693,"0"
9.324449e-05,0,"0"
0.004681356,0.85855687,"0"
1.3363017e-05,0.7869795,"0"
1.3482545e-08,0.9384324,"0"
0.45210102,0.20024633,"0"
0.0059402864,0.27729252,"0"
0.17628488,0.49134135,"0"
0.07323392,0.7977185,"0"
0.003909093,0,"0"
0.61948395,0.09741186,"0"
0.00013381433,0.79416007,"0"
0.005188231,0.15706934,"0"
3.3541573e-06,0.80996895,"0"
0.005131669,0.33379814,"0"
0.0026015367,0.24159874,"0"
0.44766787,0.7227596,"0"
2.1421463e-05,0,"0"
0.013953106,0.8528392,"0"
6.5809516e-05,0.875632,"0"
6.690077e-05,0.19174206,"0"
0.0050024176,0.223427,"0"
0.10644686,0.79218554,"0"
0.12580161,0.15687683,"0"
0.97938263,0.39028734,"0"
0.26009142,0.49236387,"0"
0.43207774,0.8443148,"0"
0.001393931,0.62050605,"0"
0.0004180004,0,"0"
0.038078614,0,"0"
2.7021099e-05,0,"0"
0.0004191659,0.91439116,"0"
0.10278456,0,"0"
0.009402422,0,"0"
0.19097543,0,"0"
2.1143129e-05,0.83240235,"0"
0.04607985,0.58714074,"0"
0.011336199,0.8898549,"0"
0.53969055,0,"0"
3.30257e-05,0.5840219,"0"
3.2486023e-05,0,"0"
0.00030282006,0,"0"
0.02273861,0,"0"
0.0013047031,0.16616608,"0"
0.28896105,0.85609037,"0"
2.7604012e-06,0.90787715,"0"
0.0022848675,0,"0"
4.089213e-06,0,"0"
0.5566409,0.98276746,"0"
0.021073772,0.51787776,"0"
0.0003273261,0,"0"
0.0086259395,0.09749557,"0"
0.92413884,0.21114287,"0"
0.0006760123,0.37044513,"0"
0.0008772555,0.029700637,"0"
4.4231197e-06,0.09337971,"0"
0.0024462652,0.86299133,"0"
0.00016773285,0,"0"
0.14760463,0.2874611,"0"
0.00023986016,0.8217557,"0"
0.12877151,0.057569694,"0"
6.509182e-05,0,"0"
0.0059765726,0,"0"
0.9920407,0,"0"
0.9858397,0.7182619,"0"
0.108620845,0.812834,"0"
0.0008015992,0.2964823,"0"
0.00094878674,0.78162307,"0"
6.13411e-06,0.3793716,"0"
0.023460867,0.7338998,"0"
0.99493885,0,"0"
0.00076371105,0.8674227,"0"
0.18062134,0.56359166,"0"
5.5643545e-06,0,"0"
0.950545,0.8812613,"0"
0.006596627,0.09146425,"0"
0.50734276,0,"0"
1.6159769e-09,0.90611285,"0"
0.0006916865,0,"0"
3.2025117e-05,0.829631,"0"
0.23356502,0.44283432,"0"
0.38955325,0,"0"
0.48152885,0,"0"
0.00024582,0.22144735,"0"
0.8128639,0.540334,"0"
0.96722734,0.50767726,"0"
6.198089e-05,0,"0"
0.0023806603,0.69355434,"0"
0.00028250422,0.15772112,"0"
0.99999917,0,"0"
0.02758096,0,"0"
6.219836e-05,0.1732701,"0"
0.00016597926,0,"0"
1.2161705e-08,0.030957703,"0"
0.9889747,0.98607844,"0"
6.753859e-08,0,"0"
0.22445598,0,"0"
0.06702974,0,"0"
0.004847166,0,"1"
1,0,"1"
0.002016165,0,"1"
0.0019108278,0,"1"
6.481179e-05,0,"1"
0.0072254743,0,"1"
0.9998325,0,"1"
0.5013898,0.29608232,"1"
0.99694604,0,"1"
0.94593656,0.9178319,"1"
0.99991214,0,"1"
1,0,"1"
0.9999261,0.9721266,"1"
0.9922686,0.99713033,"1"
0.28989038,0.11121993,"0"
0.009625872,0,"0"
0.99528307,0,"0"
0.0116320895,0.3164699,"0"
0.0031363307,0.0047955336,"0"
0.000114069946,0.025924597,"0"
0.1030529,0.14231275,"0"
0.0063116904,0.18162021,"0"
0.082397446,0.014311192,"0"
0.5055394,0,"0"
0.006129749,0,"0"
5.6013205e-06,0,"0"
0.015110264,0,"0"
0.0065851873,0.24265863,"0"
9.133282e-05,0.19328451,"0"
0.009178031,0,"0"
0.020416182,0,"0"
0.0054583917,0.7995584,"0"
0.0003859773,0.80991405,"0"
0.004238688,0,"0"
0.004155648,0.43512547,"0"
0.0019172664,0.13855235,"0"
0.015566357,0,"0"
0.009953343,0.1982058,"0"
0.31934854,0,"0"
0.026449168,0,"0"
0.5299888,0.019816529,"0"
0.003347977,0,"0"
0.002210854,0.018387098,"0"
0.010537191,0.2640568,"0"
0.012899644,0.5452377,"0"
0.005712894,0,"0"
0.00067556306,0.015231769,"0"
1.3486241e-09,0.15798622,"0"
0.05694169,0,"0"
0.00037993075,0.07957415,"0"
0.0022158574,0,"0"
0.0040080543,0,"0"
0.028171938,0.08390008,"0"
0.58810073,0,"0"
3.9977294e-06,0,"0"
0.0040288577,0,"0"
0.0011226417,0,"0"
0.06555088,0.21224523,"0"
0.019742453,0.1651099,"0"
0.22473101,0.42177823,"0"
0.035993416,0.32745054,"0"
0.778928,0,"0"
0.00088937895,0,"0"
6.314249e-05,0.0042304546,"0"
0.2856566,0,"0"
0.004332851,0,"0"
0.0044640736,0,"0"
0.0041717635,0,"0"
0.012296199,0.77674806,"0"
0.005069367,0.9715953,"0"
0.032006126,0.09756403,"0"
0.0014079731,0.014000123,"0"
0.00012495469,0,"0"
0.93726647,0.19099675,"0"
0.022503024,0,"0"
0.018312288,0,"0"
0.00020787101,0,"0"
0.75325745,0.15776372,"1"
0.5713698,0.01868262,"0"
0.010484722,0,"0"
0.10272776,0.03801504,"0"
0.0013970315,0.44490343,"0"
0.011362068,0.21393716,"0"
0.032472868,0,"0"
3.7272034e-08,0,"0"
0.008094128,0,"0"
8.823844e-05,0.9746422,"0"
5.148753e-07,0,"0"
0.0033268058,0,"0"
0.006305267,0.2709345,"0"
1.832817e-07,0.012972737,"0"
0.22499557,0,"0"
0.08501172,0.050114132,"0"
0.0066798124,0,"0"
0.00025007967,0.15589519,"0"
5.702254e-05,0.6525866,"0"
5.990169e-05,0.7789172,"0"
0.009912149,0.27683246,"0"
0.6208021,0,"0"
0.0029996475,0.73357093,"0"
0.033354774,0,"0"
0.006792322,0.78178823,"0"
0.002489396,0,"0"
0.009655172,0,"0"
0.00811424,0,"0"
0.0068092598,0.058732547,"0"
0.00287143,0,"0"
7.175892e-05,0,"0"
0.05348846,0.08879139,"0"
0.015063456,0.48529223,"0"
0.0005476646,0,"0"
0.000533127,0,"0"
0.0021093604,0,"0"
0.032049485,0.10669894,"0"
0.03014596,0,"0"
0.5725151,0,"0"
0.003856446,0,"0"
0.018545497,0,"0"
0.0017514642,0,"0"
0.028307032,0,"0"
0.019765139,0.8979634,"0"
0.00064108515,0.036696486,"0"
0.00047326164,0,"0"
0.0002660656,0.09579874,"0"
0.005207364,0.12952654,"0"
0.0045837075,0,"0"
0.001282821,0.24958783,"0"
0.0019058,0.054025687,"0"
4.150109e-05,0.87013066,"0"
0.0017116667,0,"0"
0.005572765,0.11524338,"0"
0.0044654957,0.28582487,"0"
0.001343488,0.9162433,"0"
0.007468232,0,"0"
0.4986893,0,"0"
0.0027853914,0,"0"
0.00040309172,0,"0"
0.0003939763,0.022145173,"0"
0.0032637336,0,"0"
0.05247016,0,"0"
0.0047950577,0.5317538,"0"
3.7237278e-05,0.7439748,"0"
0.62632346,0.535733,"0"
0.9225078,0.32609907,"0"
0.0040315604,0,"0"
0.01996151,0,"0"
0.012370041,0,"0"
0.2013328,0,"0"
0.2551207,0,"0"
0.003681696,0.14919034,"0"
0.18144344,0,"0"
0.025572246,0.14875169,"0"
0.14734763,0.96795267,"0"
1.1405886e-05,0,"0"
0.0001498304,0,"0"
0.0017406398,0,"0"
0.0057091787,0.9312216,"0"
0.007351632,0.077568874,"0"
0.022834163,0,"0"
0.0018299443,0.616971,"0"
0.0077027585,0.6946859,"0"
0.004087804,0,"0"
0.0035961117,0.16677573,"0"
0.037708603,0.056044165,"0"
0.00038685644,0.006950308,"0"
0.009850736,0.6559788,"0"
0.0054529873,0,"0"
0.011529731,0,"0"
0.0012005755,0,"0"
0.012529106,0.74525875,"0"
0.024838958,0.12116047,"0"
0.015628193,0,"0"
0.016213229,0,"0"
0.5216095,0.15948392,"0"
0.06312799,0,"0"
0.00013721574,0,"0"
0.00040236957,0,"0"
0.021471707,0,"0"
0.000514328,0,"0"
0.11128082,0.4727308,"0"
0.05934599,0,"0"
0.0018729853,0.13586897,"0"
0.00030213717,0.4259564,"0"
0.0042532277,0,"0"
0.2197716,0.21472253,"0"
0.005763778,0.15310347,"0"
0.0002017838,0.9736834,"0"
0.0016213136,0,"0"
0.023463849,0.86372495,"0"
0.004931443,0,"0"
0.046542723,0.049180675,"0"
0.021224735,0,"0"
1.365397e-05,0.11760333,"0"
0.00027661904,0.47430986,"0"
5.1962572e-05,0.9555381,"0"
0.009368392,0,"0"
0.0021151176,0,"0"
0.0027930562,0,"0"
7.2581395e-05,0.12227071,"0"
0.00011767185,0.3275709,"0"
1.8955476e-05,0.29718265,"0"
0.008645506,0,"0"
0.16150522,0,"0"
0.050103273,0.18482152,"0"
0.026217597,0.23320468,"0"
0.007192497,0,"0"
0.009822103,0,"0"
0.0037950738,0.91260433,"0"
7.474359e-05,0,"0"
0.00013909521,0,"0"
0.0139810145,0.09888872,"0"
0.016136218,0,"0"
0.0011498327,0.032618236,"0"
2.2609951e-05,0,"0"
2.2070435e-05,0.34669194,"0"
0.00020664322,0,"0"
0.005065008,0.18476981,"0"
0.020324852,0,"0"
0.002347916,0.7995876,"0"
0.0008267097,0,"0"
0.000739365,0,"0"
0.004368467,0.47622925,"0"
0.0037359842,0,"1"
0.0063501983,0.34111515,"0"
0.0013381807,0.7507255,"0"
0.0053911395,0.025277736,"0"
0.14919092,0.083349265,"0"
0.01303618,0,"0"
0.00023161442,0.45601264,"0"
0.00045678767,0.18297225,"0"
0.0041880766,0,"0"
0.0025628717,0.22627729,"0"
0.004965842,0,"0"
0.0038235502,0,"0"
0.0010222417,0.012474542,"0"
0.011080868,0.36405024,"0"
1.3372119e-06,0,"0"
0.00070580264,0,"0"
0.06233975,0,"0"
0.001599114,0.026733538,"0"
0.00032131735,0,"0"
0.0030203909,0.17357731,"0"
0.0021469297,0.08159991,"0"
0.0045490474,0,"0"
0.015037649,0,"0"
0.0007856888,0,"0"
0.018972728,0,"0"
0.08804077,0,"0"
0.0003036049,0,"0"
0.013399656,0.17197265,"0"
4.43256e-05,0.2976482,"0"
0.002853412,0,"0"
0.0013913765,0.08188868,"0"
0.0008262139,0.12587297,"0"
0.0027522682,0.6901303,"0"
0.0016229354,0.2680039,"0"
0.02538564,0,"0"
0.0059757764,0.03856628,"0"
0.01814904,0.32616326,"0"
0.00011185812,0.96216005,"0"
0.0019499921,0.044480026,"0"
0.0053926227,0,"0"
0.0015512857,0,"0"
0.00027696474,0,"0"
0.0012602637,0,"0"
0.00048509918,0.15337206,"0"
1.1715672e-05,0,"0"
0.01595346,0,"0"
0.021613427,0,"0"
0.0011614431,0.25865743,"0"
0.051982783,0.03487315,"0"
0.0005565022,0.22822374,"0"
8.289705e-05,0.11195201,"0"
0.009014028,0.30851567,"0"
0.00015078076,0,"0"
0.101419844,0.046224687,"0"
0.1256826,0.75381887,"0"
0.0010385113,0,"0"
0.031046573,0.016861696,"0"
0.0013061501,0.18204835,"1"
4.9577015e-06,0,"0"
0.0026973945,0.6520717,"0"
0.07433111,0,"0"
0.2617884,0,"0"
0.002164702,0,"0"
0.003925157,0,"0"
0.00026884835,0,"0"
0.00015291611,0.0045940164,"0"
0.46638793,0.31214485,"0"
0.023374086,0,"0"
0.0022169803,0.3821105,"0"
0.0031592671,0.15385073,"0"
0.00065730367,0,"0"
0.0045797667,0.12215325,"0"
0.0003264202,0,"0"
0.45096245,0,"0"
0.025548339,0.18721983,"0"
0.2951128,0,"0"
4.7664757e-06,0.12187932,"0"
0.0007648432,0,"0"
0.9207328,0.7163148,"0"
0.00019051648,0,"0"
0.0024090928,0.03776898,"0"
5.871151e-06,0.9869621,"0"
0.005346331,0,"0"
0.044457007,0,"0"
0.065242544,0.31955877,"0"
0.0001429159,0,"0"
0.015344203,0.09434804,"0"
0.30089697,0,"0"
0.0028982013,0,"1"
0.12532488,0,"0"
0.0034753114,0.048455223,"0"
0.0095780445,0.035193056,"0"
0.0016550102,0.1761348,"0"
0.008134017,0.97075224,"0"
0.0017134732,0.07994059,"0"
0.0061614895,0,"0"
0.29488906,0.06103729,"0"
1.5247966e-05,0.10136575,"0"
0.044313386,0,"0"
0.00033953605,0.036627058,"0"
0.0012303436,0.042797048,"0"
0.0003760615,0,"0"
0.0045318143,0,"0"
0.00011376556,0,"0"
0.0019349562,0,"0"
3.3250667e-06,0.66335917,"1"
0.15756238,0,"0"
0.026284121,0.14645109,"0"
6.37787e-05,0.041948564,"0"
0.012576526,0.08099252,"0"
0.01617865,0,"0"
0.0005097888,0,"0"
0.005433801,0,"0"
0.00020986628,0,"1"
0.00029799764,0.9772778,"0"
0.0028616197,0,"0"
0.011934332,0.053957846,"0"
0.01157062,0,"0"
0.0008127008,0.25288987,"0"
3.575169e-07,0.04658732,"0"
0.0006599737,0,"0"
0.00084320165,0.15937878,"0"
0.06997808,0.01476473,"0"
7.2425064e-06,0.23094045,"0"
0.0014324044,0,"0"
1.1928165e-07,0.03983137,"0"
0.0013428542,0,"0"
2.7733475e-05,0.6491373,"0"
0.002356782,0.12984814,"0"
0.0021172734,0.5587898,"0"
0.00051807996,0.019311247,"0"
0.32761928,0,"0"
0.00019156259,0.03388562,"0"
0.06902184,0.15023743,"0"
0.0008212555,0.094476804,"0"
0.0003417898,0,"0"
0.056043282,0.13399552,"1"
0.19379155,0,"0"
0.00016343461,0.96554124,"0"
0.004096383,0.8699777,"0"
0.14502174,0.04630309,"0"
0.0018746984,0,"0"
0.0007145753,0.2146849,"0"
0.0028799537,0.70879287,"0"
0.06467192,0.2930099,"0"
0.015853396,0,"0"
0.008544637,0,"0"
0.074105605,0.078944124,"0"
1.9091629e-05,0,"0"
3.5884186e-05,0.4558585,"0"
0.05722921,0,"0"
0.000101968326,0.019959915,"0"
0.00020925228,0,"0"
0.0073556174,0.005637692,"0"
0.0046892897,0,"0"
0.0003084136,0,"0"
0.4751795,0.7191727,"0"
0.33868325,0.17745353,"0"
0.00043947433,0.038904235,"0"
6.035496e-05,0,"0"
9.960371e-05,0.6498301,"0"
1.0297327e-05,0.36708027,"0"
9.152879e-06,0.055445537,"0"
0.000931186,0,"0"
0.004275581,0.61121684,"0"
8.434736e-05,0.73089206,"0"
0.00042269216,0.0062868386,"0"
0.95560896,0.071557045,"0"
0.009330556,0.9888187,"0"
0.0024362225,0,"0"
0.10188245,0,"0"
0.0005778042,0.4409169,"0"
0.01134102,0,"0"
0.32648164,0,"0"
0.021965364,0.21749856,"0"
0.0009808218,0.3200947,"0"
0.026441399,0.7357716,"0"
0.08724609,0.019370513,"0"
0.0020516855,0,"0"
0.0013322161,0,"0"
0.007444838,0.6353099,"0"
0.00022753942,0,"0"
0.9499078,0.18627122,"0"
0.01020158,0.107191555,"0"
0.001059317,0.45715228,"0"
0.00060688326,0.43024945,"0"
0.02576816,0,"0"
0.16420253,0.19626497,"0"
0.01822103,0.18444687,"0"
0.0077911085,0.92726964,"0"
0.0011164396,0,"0"
0.06139592,0,"0"
0.014878041,0.04111358,"0"
0.17834954,0.24565968,"0"
0.71166086,0,"0"
0.02331641,0,"0"
0.9006204,0.01763174,"0"
0.9999496,0,"1"
0.0016652192,0,"0"
0.003696801,0,"0"
0.0013713366,0.0648541,"0"
0.5871966,0.06491082,"0"
0.000246844,0.869081,"0"
0.98443377,0.6053893,"0"
0.0016991727,0,"0"
0.0004354759,0.048634913,"0"
7.4612704e-05,0,"0"
0.0006912905,0,"0"
6.1704636e-06,0,"0"
0.00040907136,0.035308912,"0"
0.00056267396,0.75745773,"0"
0.0034627027,0,"0"
0.00015743416,0,"0"
2.3016077e-05,0.528096,"0"
0.0035949259,0,"0"
0.010908803,0.4958521,"0"
0.006433127,0.03842994,"0"
0.003044591,0,"0"
0.028252035,0.04531595,"0"
0.19783495,0.045286316,"0"
0.0003136236,0.18131508,"0"
0.005669314,0.05153509,"0"
0.006014481,0.69177204,"0"
0.03330147,0,"0"
0.00037218857,0.982229,"0"
6.790921e-05,0,"0"
0.009637884,0.6285578,"0"
0.00018348776,0.8575969,"0"
0.0015786693,0.5062128,"0"
0.9988212,0.18170425,"0"
0.016715366,0,"0"
3.5994613e-05,0.037820227,"0"
0.0016340122,0,"0"
0.05096323,0,"0"
0.74389356,0.6321684,"0"
0.9999989,0.0060889996,"0"
0.0026124713,0,"1"
0.025174782,0.12245213,"0"
4.301034e-07,0,"0"
0.13487196,0.29562873,"0"
0.0011253046,0,"0"
0.0076289466,0,"0"
0.00023889497,0,"1"
0.2717778,0.0055785864,"0"
4.561556e-07,0,"0"
0.020621156,0.026255244,"0"
0.0022579331,0,"0"
0.06894078,0.03703309,"0"
0.0028848245,0.83535564,"0"
0.00036911675,0.0038331791,"0"
0.00084148365,0,"0"
0.0031313866,0,"0"
1.7604509e-07,0.98986197,"0"
0.025500484,0,"0"
1.8084782e-05,0,"0"
6.5693366e-06,0,"0"
0.00021540262,0.08631753,"1"
0.042124618,0.010359422,"0"
0.00041339255,0,"0"
0.0047520846,0,"0"
0.019805746,0.104052626,"0"
0.065688044,0.02139467,"0"
0.20792,0.8678511,"0"
2.9820994e-05,0,"0"
0.0003258767,0.05275877,"0"
0.0008760088,0.011458838,"0"
0.0015240598,0,"0"
0.0054331957,0.9696377,"0"
0.17611624,0.18239099,"0"
0.4085892,0.40040797,"0"
0.52078664,0.50125575,"0"
0.0003417447,0.025119068,"0"
0.0012179143,0,"0"
0.0021973336,0.36690733,"0"
0.0007406521,0.3242018,"0"
0.00073923747,0.15432736,"0"
0.0010110404,0.0061053815,"0"
0.067574315,0.36493227,"0"
0.0066805054,0.017729739,"0"
6.270368e-05,0.17006995,"0"
0.00020308493,0.112193435,"0"
0.013177499,0.11202213,"0"
5.9973765e-05,0,"0"
0.0051146997,0,"0"
0.0006132939,0.26649314,"0"
0.00038476754,0.09754906,"0"
0.0034831527,0.546089,"0"
4.5297713e-07,0.117513075,"0"
0.00023750344,0.94652,"0"
0.9881615,0.4174014,"0"
0.0047109425,0.04682068,"0"
0.0073789256,0.7010145,"0"
0.009093794,0.09338414,"0"
0.0057932776,0.40080813,"0"
0.058430098,0,"0"
9.390848e-05,0,"0"
7.634001e-05,0,"0"
0.023014277,0.09393615,"0"
0.23237461,0.04521695,"0"
5.1559447e-05,0,"0"
1.5464794e-06,0,"0"
0.0003783278,0,"0"
0.0047111595,0.0043307804,"0"
0.000449655,0.17054923,"0"
0.0012398886,0,"0"
0.07024711,0.19064042,"0"
0.00044579682,0,"0"
0.01579075,0.05672798,"1"
0.039009035,0,"0"
0.0004110771,0,"0"
0.021498194,0.116503604,"0"
4.1593275e-06,0,"0"
0.9888994,0.7837752,"0"
0.008337513,0.86232233,"0"
0.00010706394,0,"0"
0.62809217,0,"0"
0.006018142,0,"0"
4.1416004e-07,0.9234246,"0"
0.7957507,0.13513817,"0"
0.0032836164,0.0060168253,"0"
9.807293e-05,0,"0"
0.124466576,0.22259568,"0"
0.9999919,0.24591687,"0"
0.014109799,0.19444998,"0"
3.677782e-05,0.99288964,"0"
0.08666919,0.87127835,"0"
0.009982552,0.06555907,"0"
0.534351,0,"0"
8.094047e-05,0.90264416,"0"
0.102966055,0.06335706,"0"
3.329837e-05,0.012428601,"0"
0.00055303716,0,"0"
0.99158937,0,"0"
0.00020745498,0.041464187,"0"
0.0022687248,0,"0"
0.00046171763,0.01637033,"0"
0.000221462,0.15467797,"0"
2.6520328e-07,0.015979527,"0"
0.001328839,0.9762515,"0"
0.0008741091,0.118124306,"0"
0.99978524,0,"0"
0.0011955452,0.48652762,"0"
1.1529436e-06,0,"0"
0.0031809348,0.2581106,"0"
8.183625e-05,0.020694299,"0"
0.015713168,0,"0"
0.00019862648,0.0031186175,"0"
0.36328664,0,"0"
8.992531e-06,0.62526417,"0"
0.99999225,0.048755884,"0"
0.00059280265,0.18574107,"1"
5.0181323e-05,0.21592303,"0"
0.0031675098,0.0683909,"0"
2.72061e-05,0.13742696,"0"
0.00096662535,0,"0"
0.998505,0.006292773,"0"
0.000239392,0.9653388,"0"
0.021680402,0,"0"
0.97412735,0,"0"
0.00532144,0,"0"
0.9999434,0,"0"
0.00025182823,0.6946175,"0"
0.0041665663,0,"0"
0.99999404,0,"0"
7.234073e-05,0.06476049,"0"
0.00060054986,0,"0"
0.0023653205,0,"0"
1.011664e-05,0,"0"
0.035663016,0,"0"
0.112966344,0.12466842,"0"
0.0018587913,0.0005873235,"0"
0.0043948023,0.035669576,"0"
0.1403374,0.4730807,"0"
0.31092572,0.8038727,"0"
0.3727108,0,"0"
0.38890594,0,"0"
0.0027110863,0,"0"
0.09249022,0,"0"
0.0043425034,0.3284845,"0"
0.025275262,0.75036263,"1"
0.33742797,0.07037775,"0"
0.030941084,0,"0"
0.041392397,0,"0"
0.008102072,0.60627496,"0"
0.9446511,0.0788477,"0"
3.9207254e-07,0,"0"
0.0048119053,0.4793692,"0"
0.19523844,0.05350569,"0"
0.00019003986,0,"0"
0.012887888,0.9884234,"0"
0.16459523,0,"0"
0.032396983,0,"0"
0.10699232,0.07836632,"0"
0.33590326,0,"0"
0.6331335,0.08600694,"0"
0.0048614964,0.31193313,"0"
0.000884514,0.8363093,"0"
0.61358124,0,"0"
0.24062116,0.94143915,"0"
0.0760608,0.54812443,"0"
0.8747675,0,"0"
0.46867386,0.5357562,"0"
0.34514716,0,"0"
0.27824524,0,"0"
0.30830488,0.9062169,"0"
0.0035416435,0,"0"
0.027430935,0,"0"
0.28344142,0,"0"
0.004536349,0,"0"
0.04484843,0.2098493,"0"
0.2726728,0.02576722,"0"
0.41063607,0.07257107,"0"
0.11161899,0.95788795,"0"
0.017244466,0,"0"
0.06693989,0.013074864,"0"
0.004863642,0,"0"
0.45110753,0,"0"
6.212386e-05,0,"0"
0.021284658,0,"0"
0.69405043,0.97116774,"0"
0.3216099,0.31093237,"0"
0.031435538,0.106523216,"0"
0.8639623,0,"0"
0.6291525,0.92920744,"0"
0.9155863,0,"0"
0.04945673,0,"0"
0.0011004285,0,"0"
0.05050126,0,"0"
0.05552356,0.98776406,"0"
0.7877916,0.98367095,"0"
0.010954327,0,"0"
0.4237196,0.3499039,"0"
0.0023145634,0.9273881,"0"
0.012942969,0.3460186,"0"
0.0023050464,0,"0"
0.60970765,0,"0"
0.00086238666,0,"0"
0.0003037175,0.9880086,"0"
0.3144411,0,"0"
0.7795025,0,"0"
0.05957068,0.0755952,"0"
0.07688633,0.012873888,"0"
0.47549778,0,"0"
0.01908023,0.831058,"0"
0.008671389,0,"0"
0.24606934,0.787963,"0"
0.29081064,0.013536765,"0"
1.2481141e-08,0.8330299,"0"
0.0032947843,0.77216476,"0"
0.0052977544,0,"0"
0.22538196,0.4705196,"0"
0.008561714,0,"0"
0.03491665,0.84830654,"0"
0.0054331184,0,"0"
2.0980055e-05,0,"0"
0.02565721,0.87062067,"0"
0.032451376,0,"0"
0.008654051,0,"0"
0.016029034,0.95664036,"0"
0.00014572106,0.39666837,"0"
0.0025181593,0,"0"
0.53232825,0,"0"
0.16608818,0,"0"
0.13337377,0.18291593,"0"
0.16749246,0,"0"
3.709936e-05,0,"0"
2.4332553e-06,0,"0"
0.0946612,0,"0"
0.18396854,0,"0"
0.000568642,0,"0"
4.746593e-05,0,"0"
0.9886629,0.94409215,"0"
0.08218342,0.50022763,"0"
0.067449234,0,"0"
0.0014446251,0.6964754,"0"
0.73747236,0.6306027,"0"
0.4369531,0,"0"
0.00054630876,0.86483586,"0"
0.020542827,0.008280909,"0"
0.022469776,0.9884603,"0"
0.0017109243,0,"0"
0.00087054993,0.8615511,"0"
0.013696613,0.87783504,"0"
0.002809723,0.14856829,"0"
0.0012376127,0,"0"
0.007859417,0,"0"
0.00042207233,0,"0"
0.073310815,0,"0"
0.00077796035,0.5625996,"0"
0.3063636,0,"0"
9.377603e-05,0.284052,"0"
7.7177606e-07,0.8239304,"0"
0.8177017,0.75419456,"0"
0.48870105,0.9969188,"0"
0.03594277,0,"0"
0.0027459972,0,"0"
0.0044721467,0,"0"
0.76813406,0,"0"
1.0305314e-05,0,"0"
0.0018671181,0.8845576,"0"
0.5257369,0,"0"
0.040108334,0.84803444,"0"
0.01159927,0.9990695,"0"
2.618447e-05,0,"0"
0.004148142,0,"0"
0.63393176,0,"0"
0.7576559,0.9622607,"0"
0.011207764,0.8781891,"0"
0.00018455688,0,"0"
0.2246947,0.18751663,"0"
8.606757e-06,0,"0"
0.011018682,0.6048263,"0"
0.0014138045,0.37021324,"0"
0.007287087,0.62238866,"0"
0.9657431,0.71619743,"0"
0.87598604,0.97975475,"0"
0.007004415,0,"0"
0.487547,0,"0"
0.014510402,0,"0"
0.0056065954,0.95850134,"0"
0.0022923716,0.71063125,"0"
2.6340982e-05,0,"0"
0.9892707,0.8148668,"0"
0.30168375,0,"0"
2.5726784e-05,0,"0"
0.99000263,0,"0"
0.14008345,0,"0"
0.007360459,0,"0"
0.5585763,0.13493396,"0"
0.0007156071,0,"0"
2.0003934e-06,0.09393978,"0"
0.09829204,0.80476147,"0"
0.0023230563,0,"0"
0.58440983,0.889155,"0"
0.35963106,0.01537068,"0"
0.18781357,0.99499184,"0"
0.13001983,0,"0"
0.22727057,0.66757685,"0"
0.4559372,0,"0"
0.7226105,0.23881087,"0"
0.0038358602,0,"0"
0.003938253,0.7569003,"0"
0.9668646,0.30966404,"0"
0.40446797,0.03156275,"0"
0.9588343,0.9732354,"0"
0.0010264849,0,"0"
0.9607302,0,"0"
0.7801529,0,"0"
0.15396015,0.31022742,"0"
0.25027013,0.16611275,"0"
0.028825592,0.029105192,"0"
0.21601328,0,"0"
0.02591063,0,"0"
0.6367471,0.688436,"0"
0.010401642,0.90393937,"0"
0.3356624,0,"0"
0.21311417,0,"0"
0.99841595,0.91154987,"0"
0.97342604,0,"0"
8.659763e-06,0,"0"
0.5233962,0,"0"
0.0004163742,0.007875764,"0"
0.16047575,0,"0"
0.037926313,0.03927217,"0"
0.26219302,0,"0"
0.6864137,0.78158414,"0"
0.000175792,0,"0"
0.009281148,0.91408175,"0"
0.99926716,0,"0"
0.052856926,0.44614205,"0"
0.22949393,0,"0"
0.0031402735,0,"0"
6.663603e-05,0.38276175,"0"
0.9499552,0,"0"
0.2029514,0.009583538,"0"
0.006967741,0.9250665,"0"
0.50145686,0.5735028,"0"
0.74685913,0.59502023,"0"
0.36239383,0,"0"
0.120033525,0.019420505,"0"
0.073470615,0.08055241,"0"
4.5389428e-05,0,"0"
0.13353282,0.5994827,"0"
0.59458596,0,"0"
0.7805777,0.9914023,"0"
0.16807102,0,"0"
0.6267168,0.85668457,"0"
0.32832575,0.057644825,"0"
9.468951e-06,0,"0"
0.99238527,0,"0"
0.48938859,0,"0"
0.674593,0.06377369,"0"
0.18864918,0,"0"
0.0007067477,0.44588128,"0"
0.03979966,0.9417489,"0"
0.001724331,0,"0"
0.04590479,0.42944154,"0"
0.00050059543,0,"0"
0.009862645,0,"0"
0.98732775,0,"0"
0.101333044,0,"0"
0.8001939,0,"0"
0.285212,0.0376141,"0"
0.11257023,0.75956124,"0"
0.0006679078,0,"0"
0.8950446,0.0020057915,"0"
0.99783415,0.47696745,"0"
0.452634,0.7327334,"0"
0.42654574,0.3800515,"0"
1.8027316e-07,0,"0"
0.14269173,0.46348527,"0"
0.7932471,0.5334842,"0"
0.056716703,0.9973241,"0"
0.9046177,0.7485119,"0"
0.012221193,0,"0"
0.6758247,0,"0"
0.99892515,0,"0"
0.08128942,0,"0"
0.32149598,0.6500221,"0"
0.00052046566,0,"0"
0.11515939,0,"0"
0.043331746,0,"0"
0.8018098,0.040579893,"0"
0.35927618,0.9387393,"0"
0.74619305,0.08781074,"0"
0.0022300198,0.71473986,"0"
0.3584483,0.935376,"0"
0.6483691,0,"0"
0.013867195,0.4003987,"0"
0.27124125,0.7801755,"0"
0.68592167,0,"0"
0.10944389,0.568131,"0"
0.31463304,0.45657358,"0"
0.05106304,0,"0"
0.041208882,0.3666951,"0"
0.9995382,0,"0"
0.01317712,0,"0"
0.50854737,0,"0"
0.3097908,0,"0"
0.022887696,0,"0"
0.014567437,0.18646806,"0"
0.030621162,0.6626751,"0"
0.0014450013,0,"0"
0.0188492,0.6087604,"0"
0.25821614,0,"0"
0.9732045,0.3354074,"0"
0.7351209,0,"0"
0.14888622,0.18329038,"0"
0.99357915,0,"0"
0.24343863,0,"0"
0.24502903,0.23882027,"0"
0.21694197,0,"0"
0.023037285,0.98311067,"0"
0.3952596,0,"0"
0.7281961,0.071303405,"0"
0.34332836,0,"0"
0.04122948,0.83093697,"0"
0.0012827549,0.9695258,"0"
0.000680977,0,"0"
0.99517715,0,"0"
0.999474,0.614902,"0"
1.2271241e-05,0,"0"
0.002355686,0.3296415,"0"
0.12034775,0,"0"
0.9235803,0,"0"
0.34517527,0.3728862,"0"
0.037415814,0.41583836,"0"
0.81940365,0.31876063,"0"
0.25080466,0.7505314,"0"
0.93939865,0.35692036,"0"
0.92525184,0,"0"
0.0023200798,0.04286564,"0"
0.007828994,0.7905637,"0"
0.02155121,0,"0"
0.8851025,0.38490874,"0"
7.5945885e-05,0.2067711,"0"
0.025027324,0,"0"
0.0055826884,0,"0"
0.00257407,0,"0"
0.92393184,0,"0"
0.00017393893,0.74270856,"0"
0.66884506,0,"0"
0.043162055,0.62218887,"0"
0.015084929,0.30322328,"0"
0.44656616,0,"0"
0.07091218,0,"0"
0.3941029,0,"0"
0.0006876326,0.7504633,"0"
0.03253181,0.9496096,"0"
0.0057624476,0,"0"
0.0014241543,0.27955553,"0"
0.93211114,0,"0"
0.00012066058,0.3257222,"0"
0.30274057,0.3533878,"0"
0.0066161323,0,"0"
6.223569e-05,0.01789856,"0"
9.821613e-05,0.31317762,"0"
0.006003041,0.5294342,"0"
0.7159746,0.4405081,"0"
0.0032824979,0,"0"
0.3808063,0.6934416,"0"
0.9804499,0,"0"
0.8167052,0.64621335,"0"
8.025007e-05,0.48173016,"0"
0.011096088,0.95351833,"0"
0.7503677,0.52461964,"0"
0.028911214,0,"0"
0.021481097,0.10751892,"0"
2.1833198e-07,0.028108085,"0"
0.08736369,0.45053056,"0"
0.98854107,0,"0"
0.009652929,0,"0"
0.74367464,0.32178947,"0"
0.992969,0.16788357,"0"
0.18714404,0.18597862,"0"
0.15041308,0,"0"
0.8907679,0.8735664,"0"
0.38800085,0.9282136,"0"
0.95941514,0.5619941,"0"
0.16191661,0,"0"
0.082657635,0.684509,"0"
0.014232483,0,"0"
0.07479914,0.17653494,"0"
0.9770682,0,"0"
0.0284015,0.19217496,"0"
0.040462315,0,"0"
0.6421835,0.8397522,"0"
0.9792818,0,"0"
0.58268076,0,"0"
0.00015584542,0.9499736,"0"
0.014045027,0.5488677,"0"
0.6031405,0.7099725,"0"
0.41884786,0,"0"
0.92462635,0.03817478,"0"
0.00060203526,0.5270834,"0"
0.00968089,0,"0"
3.4364475e-05,0.18277736,"0"
0.9999727,0,"0"
0.0015430988,0.7035939,"0"
0.19285448,0.34662673,"0"
0.30994624,0,"0"
2.0814468e-05,0.25847298,"0"
9.744086e-06,0.04191345,"0"
0.07350379,0.95306474,"0"
0.9949987,0,"0"
0.98806936,0.095641464,"0"
3.3626282e-05,0,"0"
0.0039462443,0,"0"
0.4967551,0.19554201,"0"
0.060646877,0.6019426,"0"
0.4394213,0.57077265,"0"
0.004089767,0.6177784,"0"
0.021431958,0,"0"
0.6169404,0,"0"
0.0018245261,0.37339187,"0"
0.30611378,0,"0"
0.005467044,0.7822226,"0"
0.0040798658,0.72440374,"0"
0.2323807,0.95941436,"0"
0.69634134,0.1478795,"0"
2.3264914e-07,0,"1"
1.5932137e-05,0.9635389,"0"
0.039868575,0.015471861,"0"
0.9554714,0.4870388,"0"
6.579761e-07,0,"0"
0.6141377,0,"0"
0.00016772661,0.6595022,"0"
0.00036699363,0.38085228,"1"
0.010748849,0,"0"
0.999655,0,"0"
0.0056435033,0.7532995,"0"
0.8543887,0,"0"
0.9986507,0.46731728,"0"
0.056065235,0.7016812,"0"
8.998587e-06,0.6262648,"0"
0.0005282208,0.67201185,"0"
0.45026904,0,"0"
0.03436413,0.26080668,"0"
0.9396219,0,"0"
0.027261514,0,"0"
0.0091813095,0,"0"
0.34793696,0.6511475,"0"
0.67363435,0.00224462,"0"
0.004046334,0,"0"
0.07553197,0,"0"
0.504491,0.5730568,"0"
0.94539934,0,"0"
0.9908035,0.8641343,"0"
2.2548174e-05,0,"0"
0.0026587837,0,"0"
0.00021433871,0.33814248,"0"
0.9988412,0.7717909,"0"
0.012303492,0.1532454,"0"
0.49134654,0.012019598,"0"
0.999408,0.09354366,"0"
0.0011606452,0,"0"
5.83542e-06,0.98183674,"0"
0.024548447,0,"0"
0.97891974,0.5848154,"0"
0.10876086,0.2916709,"0"
0.0007003186,0.5072578,"0"
3.8721287e-06,0.5221662,"1"
0.13544591,0,"0"
0.00068890705,0.8146719,"0"
0.022143936,0,"0"
0.32886788,0,"0"
0.88722354,0.8914109,"0"
0.0013565006,0.2907546,"0"
1.2179753e-06,0.74789894,"0"
0.37577194,0,"0"
0.0022869427,0.045756854,"0"
0.018536463,0,"0"
0.002227882,0,"0"
0.0054114354,0.18729074,"0"
0.0002491344,0,"0"
0.9749604,0.8470296,"0"
0.0070865406,0,"0"
1.1806027e-05,0.24651739,"0"
0.01053744,0,"0"
2.3361124e-06,0.76962775,"0"
0.08027258,0.06487655,"0"
0.40848216,0.74687064,"0"
2.4666472e-06,0,"0"
0.02120126,0,"0"
3.359077e-05,0.9954228,"0"
1.168695e-11,0,"0"
0.00942376,0,"0"
0.5609062,0,"0"
0.16066164,0.117167525,"0"
0.7394205,0.6670767,"0"
0.0048403954,0,"0"
0.2273102,0,"0"
0.006912674,0,"0"
0.354268,0.5106357,"0"
0.0011463003,0.36529118,"0"
0.5497171,0.8654128,"0"
0.014440988,0.49476004,"0"
0.0024680686,0.4919086,"0"
0.99595743,0,"0"
0.00077640545,0.6664058,"0"
0.031857062,0.25158313,"0"
1.711686e-05,0.037983727,"0"
0.80317557,0.25325906,"0"
0.0061735455,0.6115415,"0"
0.33257732,0,"0"
0.9903503,0.003988306,"0"
0.0071270005,0.35376012,"0"
0.013344125,0.07777221,"0"
0.002630135,0.05781827,"0"
1.1098468e-06,0.1068808,"0"
0.00084482593,0.18703409,"0"
0.00038459647,0.95242316,"1"
0.08388317,0.022445457,"0"
0.023049287,0,"0"
2.5612017e-06,0,"0"
0.9986966,0.9307013,"0"
0.0011582071,0.2727583,"0"
0.00052242895,0.06309436,"0"
0.5180588,0.8886089,"0"
0.008863183,0.7283672,"0"
0.008121797,0.514922,"0"
0.9971777,0.069086306,"0"
0.03233726,0.1007261,"0"
0.04216062,0.3531688,"0"
0.00038718112,0.26820156,"0"
0.5854728,0,"0"
0.00010509352,0,"0"
3.5715502e-07,0,"0"
0.01595391,0.23838429,"0"
1.7840806e-07,0.9663491,"0"
0.0027522459,0,"0"
0.91525316,0,"0"
0.66938585,0,"0"
0.00013344278,0.50626063,"0"
0.013677283,0.09204314,"0"
0.0012730324,0,"0"
0.00016767463,0.6243173,"0"
1.3452816e-05,0,"0"
4.9174087e-06,0,"0"
0.04820015,0,"0"
0.08624641,0.102993086,"0"
0.9244274,0,"0"
4.0679173e-05,0.48710576,"0"
0.003735374,0,"0"
0.21045837,0,"0"
3.2421664e-07,0,"0"
0.00015994547,0.8166379,"0"
1.039947e-05,0.1963619,"0"
3.0346917e-05,0.010289015,"0"
0.9408972,0,"0"
0.9738747,0.084066726,"0"
2.2838489e-09,0.22296621,"0"
0.01018513,0.27072537,"0"
0.0011192914,0.67993784,"0"
7.7799604e-07,0.45009106,"0"
0.7516167,0.100743614,"0"
0.0015868224,0,"0"
0.5263146,0.72491527,"0"
0.07821976,0.7356241,"0"
3.2659664e-05,0.036070693,"0"
4.3436976e-05,0,"0"
0.50516534,0,"0"
8.697711e-06,0.1049495,"0"
0.05234605,0,"0"
1.2093364e-10,0.27232885,"0"
3.1951213e-11,0.68353456,"0"
7.577213e-05,0.14644457,"0"
7.7978044e-08,0.9525757,"0"
9.443104e-08,0.063759826,"0"
0.0042526377,0.89991295,"0"
9.895559e-06,0,"0"
4.724897e-07,0.6836043,"0"
0.07219699,0.3855984,"0"
8.507639e-06,0,"0"
4.760565e-06,0.95630544,"0"
1.2445025e-05,0.13943276,"0"
0.012422125,0,"0"
4.8482224e-07,0.5092423,"0"
6.5115287e-06,0,"0"
0.0045157564,0.7038317,"0"
8.518294e-07,0.93105656,"0"
0.9706655,0.7613365,"0"
6.8369445e-05,0,"0"
0.026902603,0,"0"
0.010215991,0.5523243,"0"
0.25392035,0.24363017,"0"
9.239634e-13,0.2899462,"0"
5.847248e-05,0,"0"
0.027998758,0.15716174,"0"
0.002933572,0,"0"
8.4175683e-16,0,"0"
0.0015286221,0,"0"
6.7820993e-13,0,"0"
2.7489104e-06,0.07445827,"0"
2.3594942e-09,0,"0"
6.3991195e-09,0,"0"
3.935606e-09,0.101780355,"0"
2.7093414e-12,0.9594609,"0"
2.71409e-08,0,"0"
0.06396308,0,"0"
1.0839734e-07,0,"0"
0.88455766,0,"1"
1,0,"1"
0.9830489,0,"0"
0.02614419,0,"0"
0.00017942289,0,"0"
0.0025083346,0,"0"
0.0013792109,0,"0"
0.0059775244,0,"0"
0.0005064201,0,"0"
0.089697,0,"0"
0.114047565,0,"0"
0.00010093629,0,"0"
0.0018375848,0,"0"
0.007577141,0,"0"
0.007414645,0,"0"
0.0008091563,0,"0"
0.005390178,0,"0"
0.0029852705,0,"0"
0.010655888,0,"0"
0.0352531,0,"0"
6.534265e-05,0,"0"
0.023342201,0,"0"
0.02066947,0,"0"
0.0029495235,0,"0"
0.8240458,0,"0"
0.4750164,0,"0"
0.020310737,0,"0"
0.0017750409,0,"0"
0.001655765,0,"0"
0.0072658244,0,"0"
0.0028320423,0,"0"
0.010636311,0,"0"
0.0031693187,0,"0"
0.103667736,0,"0"
0.00042847058,0,"0"
0.0076242257,0,"0"
0.00023263293,0,"0"
9.859307e-05,0,"0"
0.001447887,0,"0"
0.00093975454,0,"0"
0.157904,0,"0"
0.0029830867,0,"0"
0.008238045,0,"0"
0.00087789434,0,"0"
0.025707193,0,"0"
0.011829513,0,"0"
0.0003549023,0,"0"
0.0006985894,0,"0"
0.0060446714,0,"0"
0.0019057909,0,"0"
0.997543,0,"0"
0.0077943425,0,"0"
0.16546126,0,"0"
0.010361833,0,"0"
0.0017868493,0,"0"
0.013309521,0,"0"
0.00032745782,0,"0"
0.466071,0,"0"
0.017449113,0,"0"
0.49267966,0,"0"
0.004316913,0,"0"
0.00038256604,0,"0"
0.066691004,0,"0"
0.45847425,0,"0"
0.008026332,0,"0"
0.0010464311,0,"0"
0.00014669192,0,"0"
0.6430936,0,"0"
0.0034009344,0,"0"
0.000519342,0,"0"
0.010865541,0,"0"
0.0039963094,0,"0"
0.0004988351,0,"0"
9.299799e-05,0,"0"
0.0002532276,0,"0"
0.00015766114,0,"0"
0.21656436,0,"0"
0.0073409984,0,"0"
0.0011903788,0,"0"
0.0076249326,0,"0"
0.00043829618,0,"0"
1.7856868e-05,0,"0"
0.00011703803,0,"0"
0.10330886,0,"0"
0.002038296,0,"0"
0.0007436628,0,"0"
0.9797563,0,"0"
0.0018487772,0,"0"
0.0017572364,0,"0"
0.003055476,0,"0"
0.01121111,0,"0"
0.0023695696,0,"0"
0.11491996,0,"0"
0.00011448763,0,"0"
0.006863021,0,"0"
0.0039409776,0,"0"
0.0043423115,0,"0"
0.010355282,0,"0"
0.0013959343,0,"0"
0.13264517,0,"0"
9.9207304e-05,0,"0"
0.016010754,0,"0"
0.0016987732,0,"0"
0.001137405,0,"0"
0.0021451265,0,"0"
0.0014752537,0,"0"
0.012174718,0,"0"
3.836903e-05,0,"0"
0.00022284959,0,"0"
0.002962726,0,"0"
0.0007523083,0,"0"
0.033371586,0,"0"
0.030872501,0,"0"
0.0029441714,0,"0"
0.0046370164,0,"0"
0.00429421,0,"0"
0.014164266,0,"0"
0.008335857,0,"0"
0.0012993687,0,"0"
0.00051531306,0,"0"
0.016942061,0,"0"
6.1251317e-06,0,"0"
0.00067677617,0,"0"
0.0051102634,0,"0"
6.2517756e-05,0,"0"
0.84239846,0,"0"
0.9261101,0,"0"
0.011958247,0,"0"
0.009917288,0,"0"
0.003799939,0,"0"
0.09961246,0,"0"
0.022432018,0,"0"
0.0019327677,0,"0"
0.409653,0,"0"
0.0013779735,0,"0"
0.17481522,0,"0"
0.00010092493,0,"0"
0.01498872,0,"0"
0.2036563,0,"0"
0.006001448,0,"0"
0.026504146,0,"0"
6.723398e-05,0,"0"
0.018886033,0,"0"
0.82132006,0,"0"
0.0009500953,0,"0"
0.0010905686,0,"0"
0.00030731736,0,"0"
0.60364574,0,"0"
0.0066167503,0,"0"
0.19550045,0,"0"
0.015581578,0,"0"
0.012925997,0,"0"
0.00049074675,0,"0"
0.037537076,0,"0"
0.006257739,0,"0"
0.38875002,0,"0"
0.77612454,0,"0"
0.020869536,0,"0"
0.0087885745,0,"0"
0.0034665386,0,"0"
0.0039206236,0,"0"
0.021288604,0,"0"
0.007807972,0,"0"
0.13989045,0,"0"
0.011663653,0,"0"
0.0009005573,0,"0"
8.2305116e-05,0,"0"
0.5095345,0,"0"
0.0008500232,0,"0"
0.0008586203,0,"0"
0.00031283614,0,"0"
0.5138848,0,"0"
0.00047587315,0,"0"
0.00043810238,0,"0"
0.050859757,0,"0"
0.08353057,0,"0"
0.10642167,0,"0"
0.0004560448,0,"0"
0.0054167043,0,"0"
0.039985318,0,"0"
0.0009974883,0,"0"
0.0005474266,0,"0"
0.0027538221,0,"0"
2.983499e-05,0,"0"
8.1691206e-07,0,"0"
0.0033551971,0,"0"
0.0057136305,0,"0"
0.0020964951,0,"0"
0.009465318,0,"0"
0.00078951573,0,"0"
0.0017586657,0,"0"
0.0047559333,0,"0"
0.114110105,0,"0"
0.2390053,0,"0"
0.0012283706,0,"0"
1.951105e-05,0,"0"
8.945759e-07,0,"0"
0.002044454,0,"0"
0.0007731204,0,"0"
0.00024825873,0,"0"
0.00028271653,0,"0"
0.021764241,0,"0"
0.009846676,0,"0"
0.001707435,0,"0"
0.008065859,0,"0"
0.00413667,0,"0"
1.117709e-06,0,"0"
0.0035802515,0,"0"
0.00090806175,0,"0"
0.00030860186,0,"0"
0.008189153,0,"0"
0.05374474,0,"0"
0.0006346291,0,"0"
0.0008444182,0,"0"
0.065458514,0,"0"
0.0019823017,0,"0"
0.0009895109,0,"0"
0.04085242,0,"0"
0.0010672351,0,"0"
0.52627873,0,"0"
0.00594203,0,"0"
0.006449829,0,"0"
0.025375934,0,"0"
0.0023309141,0,"0"
0.0056632473,0,"0"
0.005331077,0,"0"
0.00060991006,0,"0"
0.013495381,0,"0"
0.0001697657,0,"0"
0.004362059,0,"0"
0.0016709595,0,"0"
0.008662609,0,"0"
0.06389973,0,"0"
0.00020725728,0,"0"
0.0002221762,0,"0"
0.0038891695,0,"0"
0.0030242975,0,"0"
0.0015635215,0,"0"
0.0033544719,0,"0"
0.024457436,0,"0"
0.00069575576,0,"0"
0.04713159,0,"0"
1.8151495e-05,0,"0"
0.011505843,0,"0"
0.00031799014,0,"0"
9.8290606e-05,0,"0"
0.0014555245,0,"0"
0.013970082,0,"0"
0.0023221914,0,"0"
0.0024294343,0,"0"
0.04798025,0,"0"
9.427149e-05,0,"0"
0.04012433,0,"0"
0.0021874332,0,"0"
0.0021868767,0,"0"
0.0026200998,0,"0"
0.035928052,0,"0"
0.0003029925,0,"0"
0.019529514,0,"0"
0.03625391,0,"0"
2.8619888e-05,0,"0"
0.22433382,0,"0"
0.00012876636,0,"0"
0.009477057,0,"0"
0.0022309176,0,"0"
0.0005069062,0,"0"
0.04213131,0,"0"
0.8499765,0,"0"
0.04706109,0,"0"
0.017818512,0,"0"
2.6284171e-05,0,"0"
0.003069955,0,"0"
0.0035621554,0,"0"
0.0004322067,0,"0"
9.195539e-05,0,"0"
0.0053582336,0,"0"
0.0058886367,0,"0"
0.0013828118,0,"0"
0.024468271,0,"0"
0.051769506,0,"0"
0.9609371,0,"0"
0.0041707237,0,"0"
0.16728054,0,"0"
0.0050594364,0,"0"
0.07643787,0,"0"
0.02565629,0,"0"
0.011090821,0,"0"
0.00042271515,0,"0"
4.708421e-05,0,"0"
0.12581652,0,"0"
0.0030482654,0,"0"
0.018320905,0,"0"
0.0001454559,0,"0"
0.035889126,0,"0"
0.03002502,0,"0"
0.00029710916,0,"0"
0.005521755,0,"0"
0.0012122246,0,"0"
0.0011752935,0,"0"
0.0005341481,0,"0"
0.000116591575,0,"0"
4.6029494e-05,0,"0"
0.005516442,0,"0"
0.05084742,0,"0"
0.00049180555,0,"0"
0.011995183,0,"0"
0.0001230462,0,"0"
0.0111824,0,"0"
0.000951498,0,"0"
0.006386315,0,"0"
0.00046517627,0,"0"
0.0039543873,0,"0"
0.0006852438,0,"0"
0.014717912,0,"0"
0.00040964774,0,"0"
0.005228137,0,"0"
3.1482235e-09,0,"0"
0.0015882024,0,"0"
5.1770217e-05,0,"0"
3.064346e-05,0,"0"
0.011912596,0,"0"
0.008371498,0,"0"
0.023181349,0,"0"
0.00012323866,0,"0"
0.00027435028,0,"0"
0.0012497505,0,"0"
7.346604e-05,0,"0"
0.001884094,0,"0"
1.0970403e-05,0,"0"
0.0010908087,0,"0"
0.004160987,0,"0"
0.001808665,0,"0"
0.010260023,0,"0"
0.14286675,0,"0"
0.001364993,0,"0"
0.02053058,0,"0"
0.00065851887,0,"0"
0.0011381475,0,"0"
0.0007450723,0,"0"
0.18211211,0,"0"
0.00010501187,0,"0"
0.001840236,0,"0"
0.010466602,0,"0"
0.00059667986,0,"0"
0.010008789,0,"0"
0.00023151904,0,"0"
0.05840877,0,"0"
0.0012247598,0,"0"
0.019314082,0,"0"
0.016843999,0,"0"
0.25348285,0,"0"
0.00042823498,0,"0"
0.90089715,0,"0"
0.0010092868,0,"0"
0.00036107196,0,"0"
0.0027377359,0,"0"
8.9428184e-05,0,"0"
0.010994437,0,"0"
0.5965893,0,"0"
0.0044177216,0,"0"
0.091526516,0,"0"
0.00034308663,0,"0"
0.0015865074,0,"0"
0.00028394832,0,"0"
0.00086344784,0,"0"
0.0017504634,0,"0"
0.00021573312,0,"0"
1.2630256e-05,0,"0"
0.0025573373,0,"0"
2.7416261e-05,0,"0"
0.0024695764,0,"0"
0.009778446,0,"0"
0.0057241805,0,"0"
0.014288529,0,"0"
0.015385164,0,"0"
0.0019386736,0,"0"
0.0008163752,0,"0"
0.048652507,0,"0"
0.0042466368,0,"0"
0.012855056,0,"0"
0.07640836,0,"0"
0.0042641647,0,"0"
0.020964103,0,"0"
0.0005098031,0,"0"
0.009064806,0,"0"
0.00066915056,0,"0"
0.005236064,0,"0"
0.115742795,0,"0"
0.007428597,0,"0"
0.0028258315,0,"0"
0.00084870803,0,"0"
0.006679951,0,"0"
0.00081821816,0,"0"
0.01060285,0,"0"
0.018382257,0,"0"
0.04640777,0,"0"
0.0016837422,0,"0"
0.0006575205,0,"0"
0.048102807,0,"0"
0.0039345548,0,"0"
0.00067343214,0,"0"
0.26380965,0,"0"
0.13196786,0,"0"
0.054075085,0,"0"
7.375567e-05,0,"0"
0.75786495,0,"0"
0.00010085479,0,"0"
1.1898667e-05,0,"0"
0.006941192,0,"0"
0.0014241834,0,"0"
0.0012317185,0,"0"
0.02213812,0,"0"
0.0002994587,0,"0"
0.0004053156,0,"0"
0.0040827133,0,"0"
0.016794164,0,"0"
0.022647379,0,"0"
0.007795928,0,"0"
0.0030705594,0,"0"
0.0006374239,0,"0"
0.024829533,0,"0"
0.0050841817,0,"0"
0.020212559,0,"0"
0.027880665,0,"0"
0.023699334,0,"0"
0.12633336,0,"0"
0.00048435136,0,"0"
3.4307828e-05,0,"0"
0.072731435,0,"0"
0.0044997893,0,"0"
0.0024811588,0,"0"
0.3467961,0,"0"
0.00013413001,0,"0"
1.0469724e-05,0,"0"
0.00938866,0,"0"
0.063547745,0,"0"
0.025687695,0,"0"
6.756847e-05,0,"0"
0.00052899023,0,"0"
0.33086422,0,"0"
0.0016315931,0,"0"
0.013694164,0,"0"
0.024431966,0,"0"
5.7313922e-05,0,"0"
0.13704214,0,"0"
0.0014279513,0,"0"
0.004403582,0,"0"
0.0011194828,0,"0"
0.0007353619,0,"0"
0.022290977,0,"0"
0.22853033,0,"0"
0.006582933,0,"0"
0.0002984122,0,"0"
4.427055e-07,0,"0"
0.114667736,0,"0"
0.0003502544,0,"0"
0.020136492,0,"0"
0.0034477403,0,"0"
0.012806985,0,"0"
0.001561962,0,"0"
2.6090778e-05,0,"0"
0.0012371541,0,"0"
0.0036037879,0,"0"
0.00040368718,0,"0"
0.050321307,0,"0"
0.00096568826,0,"0"
0.007389242,0,"0"
0.014920514,0,"0"
0.015253361,0,"0"
0.009908902,0,"0"
0.035091255,0,"0"
0.21192817,0,"0"
0.03554786,0,"0"
0.9324547,0,"0"
0.0020141304,0,"0"
0.00020183536,0,"0"
0.0012022571,0,"0"
0.049933407,0,"0"
0.0035993184,0,"0"
0.008494631,0,"0"
0.0049597523,0,"0"
0.0012361534,0,"0"
0.25353274,0,"0"
0.0037611271,0,"0"
0.026405172,0,"0"
0.014213236,0,"0"
0.0017767493,0,"0"
0.00022389897,0,"0"
0.052550703,0,"0"
0.0061560487,0,"0"
0.9166485,0,"0"
0.015621447,0,"0"
0.06394106,0,"0"
0.0009757608,0,"0"
0.0028051855,0,"0"
0.0045454516,0,"0"
0.00082770083,0,"0"
0.07818852,0,"0"
0.061789706,0,"0"
0.14618528,0,"0"
0.0023693612,0,"1"
0.003481076,0,"0"
0.14977446,0,"0"
9.766799e-05,0,"0"
0.8530278,0,"0"
0.5592721,0,"0"
0.00090292486,0,"0"
0.019350141,0,"0"
0.025329499,0,"0"
0.001535951,0,"0"
0.0018166795,0,"0"
0.015346899,0,"0"
0.030600434,0,"0"
0.038047742,0,"0"
0.0028866685,0,"0"
0.22048394,0,"0"
0.019745847,0,"0"
0.0019743934,0,"0"
0.0017587042,0,"0"
0.05702664,0,"1"
0.017079024,0,"0"
0.000185838,0,"0"
0.0072567225,0,"0"
0.022946306,0,"0"
0.00066736125,0,"0"
1.3497502e-06,0,"0"
0.010049631,0,"0"
0.0380022,0,"0"
0.006243978,0,"0"
0.0061312946,0,"0"
0.39935425,0,"0"
0.003774133,0,"0"
0.12401296,0,"0"
0.014444396,0,"0"
0.9858474,0,"0"
0.0005037094,0,"0"
0.0001890318,0,"0"
0.014961534,0,"0"
0.04049308,0,"0"
1.2550912e-05,0,"0"
0.010703135,0,"0"
0.16413905,0,"0"
3.2309235e-06,0,"0"
0.0016739792,0,"0"
0.00020878155,0,"0"
0.014182862,0,"0"
0.02102477,0,"0"
0.946555,0,"0"
1.3276588e-06,0,"0"
1.843162e-05,0,"0"
0.0007444992,0,"0"
3.3056232e-05,0,"0"
0.0058981576,0,"0"
0.011227471,0,"0"
0.007748938,0,"0"
0.004363115,0,"0"
0.0021147502,0,"0"
0.008222228,0,"0"
7.234803e-05,0,"0"
0.0027893123,0,"0"
0.0018242317,0,"0"
1.4066455e-06,0,"0"
0.0007999052,0,"0"
0.13628829,0,"0"
0.000116563344,0,"0"
0.007883569,0,"0"
0.46273616,0,"0"
0.0029271632,0,"0"
0.0001199005,0,"0"
3.3056418e-05,0,"0"
0.016966315,0,"0"
3.3056545e-05,0,"0"
0.9699079,0,"0"
0.868291,0,"0"
0.8954107,0,"0"
0.57649755,0,"0"
0.9819802,0,"0"
0.32690966,0,"0"
0.7147006,0,"0"
0.98358744,0,"0"
0.98821485,0,"0"
0.98588645,0,"0"
0.5266129,0,"0"
0.80299777,0,"0"
0.16704088,0,"0"
0.9719839,0,"0"
0.98662055,0,"0"
0.44392312,0,"0"
0.84374386,0,"0"
0.97093844,0,"0"
0.9414282,0,"0"
0.865763,0,"0"
0.97488695,0,"0"
0.9729216,0,"0"
0.38339257,0,"0"
0.75962573,0,"0"
0.910986,0,"0"
0.948047,0,"0"
0.9357854,0,"0"
0.97556335,0,"0"
0.91877884,0,"0"
0.76101965,0,"0"
0.7493258,0,"0"
0.9449622,0,"0"
0.98010594,0,"0"
0.7980607,0,"0"
0.73931795,0,"0"
0.5824574,0,"0"
0.81398475,0,"0"
0.71753705,0,"0"
0.0019157014,0,"0"
0.4037627,0,"0"
0.97882754,0,"0"
0.35052642,0,"0"
0.32977554,0,"0"
0.14717156,0,"0"
0.9885068,0,"0"
0.9060878,0,"0"
0.6516727,0,"0"
0.9482903,0,"0"
0.97694415,0,"0"
0.8361763,0,"0"
0.7486707,0,"0"
0.4702606,0,"0"
0.9971295,0,"0"
0.95177704,0,"0"
0.8650802,0,"0"
0.64003897,0,"0"
0.9895863,0,"0"
0.7640668,0,"0"
0.7751895,0,"0"
0.29880378,0,"0"
0.99860877,0,"0"
0.97748566,0,"0"
0.85059994,0,"0"
0.5637918,0,"0"
0.10185608,0,"0"
0.91342086,0,"0"
0.854707,0,"0"
0.8103707,0,"0"
0.066885084,0,"0"
0.82485896,0,"0"
0.8560642,0,"0"
0.0464978,0,"0"
0.75946826,0,"0"
0.9219005,0,"0"
0.9980957,0,"0"
0.65855604,0,"0"
0.8083475,0,"0"
0.42970684,0,"0"
0.997874,0,"0"
0.9752966,0,"0"
0.89652807,0,"0"
0.20130593,0,"0"
0.9454096,0,"0"
0.9833994,0,"0"
0.8008396,0,"0"
0.9963444,0,"0"
0.98290884,0,"0"
0.8139008,0,"0"
0.6585988,0,"0"
0.6511474,0,"0"
0.94699025,0,"0"
0.90991694,0,"0"
0.8982001,0,"0"
0.9697639,0,"0"
0.9222734,0,"0"
0.31029835,0,"0"
0.51431304,0,"0"
0.36426142,0,"0"
0.21167454,0,"0"
0.9297466,0,"0"
0.55779135,0,"0"
0.8817639,0,"0"
0.073520295,0,"0"
0.33353555,0,"0"
0.41153312,0,"0"
0.6442037,0,"0"
0.7761578,0,"0"
0.99113375,0,"0"
0.997761,0,"0"
0.8661383,0,"0"
0.7425384,0,"1"
0.70873165,0,"0"
0.5384727,0,"0"
0.96087015,0,"0"
0.99297804,0,"0"
0.7882827,0,"0"
0.9670944,0,"0"
0.8737337,0,"0"
0.9619607,0,"0"
0.96930593,0,"0"
0.98005325,0,"0"
0.3282593,0,"0"
0.62805974,0,"0"
0.75813955,0,"0"
0.32556078,0,"0"
0.9902644,0,"0"
0.9841303,0,"0"
0.7961403,0,"0"
0.34818506,0,"0"
0.64524364,0,"0"
0.98708147,0,"0"
0.6795691,0,"0"
0.9916824,0,"0"
0.60755575,0,"0"
0.9609047,0,"0"
0.8429635,0,"0"
0.34737098,0,"0"
0.9824677,0,"0"
0.54985154,0,"0"
0.9988669,0,"0"
0.96169776,0,"0"
0.45425647,0,"0"
0.82039344,0,"0"
0.00072380656,0,"0"
0.89741504,0,"0"
0.6453673,0,"0"
0.8958242,0,"0"
0.39632618,0,"0"
0.8494037,0,"0"
0.5678317,0,"0"
0.9886487,0,"0"
0.17117786,0,"0"
0.9600654,0,"0"
0.7369574,0,"0"
0.4433855,0,"0"
0.8283051,0,"0"
0.9279223,0,"0"
0.99572855,0,"0"
0.97656167,0,"0"
0.63716716,0,"0"
0.92264843,0,"0"
0.6819933,0,"0"
0.50310737,0,"0"
0.6339968,0,"0"
0.72524244,0,"0"
0.37153757,0,"0"
0.6670811,0,"0"
0.91930073,0,"0"
0.98355997,0,"0"
0.8540721,0,"0"
0.94532937,0,"0"
0.99937963,0,"0"
0.8898606,0,"0"
0.9557708,0,"0"
0.9253145,0,"0"
0.87367725,0,"0"
0.24099936,0,"0"
0.9997259,0,"0"
0.63913924,0,"0"
0.28077152,0,"0"
0.9194057,0,"0"
0.98521835,0,"0"
0.9933368,0,"0"
0.3208305,0,"0"
0.6170075,0,"0"
0.32041383,0,"0"
0.75598973,0,"0"
0.98760974,0,"0"
0.10087586,0,"0"
0.68008804,0,"0"
0.7821604,0,"0"
0.8501651,0,"0"
0.48983485,0,"0"
0.9879682,0,"0"
0.9755273,0,"0"
0.6076326,0,"0"
0.9989629,0,"0"
0.73497236,0,"0"
0.20966497,0,"0"
0.8640807,0,"0"
0.98994166,0,"0"
0.9948868,0,"0"
0.6647807,0,"0"
0.5904829,0,"0"
0.51334655,0,"0"
0.8929346,0,"0"
0.81649184,0,"0"
0.9079482,0,"0"
0.0073830476,0,"0"
0.0004123719,0,"0"
0.27106294,0,"0"
0.4125678,0,"0"
0.9158767,0,"0"
0.5024066,0,"1"
0.9687914,0,"0"
0.22558224,0,"0"
0.9666873,0,"0"
0.9774656,0,"0"
0.26061964,0,"0"
0.275744,0,"0"
0.5314892,0,"0"
0.547833,0,"0"
0.9977356,0,"0"
0.9627709,0,"0"
0.39385265,0,"0"
0.22104804,0,"0"
0.89007956,0,"0"
0.9963528,0,"0"
0.92941,0,"0"
0.46149433,0,"0"
0.44440234,0,"0"
0.12139882,0,"0"
0.79016995,0,"0"
0.00010368579,0,"0"
0.33943626,0,"0"
0.9626428,0,"0"
0.33552516,0,"0"
0.88280785,0,"0"
0.9220213,0,"0"
0.76510626,0,"0"
0.9226854,0,"0"
0.9855435,0,"0"
0.9100739,0,"0"
0.48233154,0,"1"
0.89426816,0,"0"
0.9722118,0,"0"
0.99911314,0,"0"
0.03574203,0,"0"
0.791413,0,"0"
0.2904803,0,"0"
0.34579298,0,"0"
0.21247637,0,"0"
0.4458745,0,"0"
0.9456656,0,"0"
0.97891736,0,"0"
0.16706343,0,"0"
0.9937169,0,"0"
0.83927464,0,"0"
0.3041139,0,"0"
0.90516114,0,"0"
0.21971807,0,"0"
0.50867486,0,"0"
0.94976723,0,"0"
0.9923024,0,"0"
0.02500103,0,"0"
0.64285785,0,"0"
8.688277e-06,0,"0"
0.42813113,0,"0"
0.9177914,0,"0"
0.33657736,0,"0"
9.037839e-06,0,"0"
0.45500174,0,"0"
0.7710163,0,"0"
0.3676413,0,"0"
0.32918167,0,"0"
0.15005718,0,"0"
0.29253277,0,"0"
0.4718568,0,"0"
2.6151207e-05,0,"0"
0.9949751,0,"0"
0.00045281497,0,"0"
0.97920257,0,"0"
0.8575223,0,"0"
2.1256235e-06,0,"0"
1.3371391e-09,0,"0"
0.9923509,0,"0"
0.9061115,0,"0"
0.89889205,0,"0"
3.7768477e-06,0,"0"
1.0710758e-13,0,"0"
2.8551836e-17,0,"0"
0.9855714,0,"0"
0.16131654,0.1110996,"0"
0.8453994,0.11893381,"0"
0.42543757,0.5585382,"0"
0.1878957,0.54001236,"0"
0.62971574,0,"1"
0.094274275,0,"0"
0.998926,0,"0"
0.06273465,0,"0"
0.5424593,0,"0"
0.0466242,0.5997029,"0"
0.7178531,0.076823235,"0"
0.24068357,0,"0"
0.09020376,0,"0"
0.9977558,0.32113078,"0"
0.0035812946,0.031475678,"0"
0.0034215348,0,"0"
0.07231388,0.87147164,"0"
0.011754273,0.2888082,"0"
0.23680626,0,"1"
0.27390963,0,"0"
0.05144887,0.9878907,"0"
0.020199249,0,"0"
0.0052470583,0,"0"
0.20265274,0.055845875,"0"
0.0408004,0,"0"
0.40052375,0.36824843,"0"
0.0006439792,0.27349675,"0"
0.003683941,0.72125715,"0"
0.01251578,0,"0"
0.80561936,0.699132,"0"
0.018425966,0.5115336,"0"
0.094792485,0,"0"
0.0006105999,0.39515656,"0"
0.0008023015,0,"0"
0.10871807,0,"0"
0.40811303,0.6120341,"0"
0.34400982,0,"0"
0.037623342,0,"0"
0.040631924,0,"0"
0.008401843,0,"0"
0.096008316,0.04864453,"0"
0.009761145,0.019707758,"0"
0.07043619,0.18278106,"0"
0.2589794,0.5533344,"0"
0.02769511,0,"0"
0.009622485,0,"0"
0.086102836,0.13410906,"0"
0.19818676,0,"0"
0.009293473,0,"1"
0.9679853,0,"0"
0.018909879,0,"0"
0.053593498,0.028514376,"0"
0.025407583,0.87804586,"0"
0.45688114,0.20128885,"0"
0.016829127,0.025465587,"0"
0.014607129,0,"0"
0.20066558,0.87690645,"0"
0.06960524,0,"0"
0.7007212,0,"0"
0.76451635,0,"0"
0.06887873,0,"0"
0.10654779,0.972195,"0"
0.20152502,0.16913326,"0"
0.36531192,0.27626184,"0"
0.014410847,0.9339273,"0"
0.05460787,0.88575345,"0"
0.04942507,0,"0"
0.21142177,0,"0"
0.0029627287,0,"0"
0.29577616,0.88907295,"0"
0.022761382,0,"0"
0.0007264138,0,"0"
0.46750194,0.07976467,"0"
0.0017904752,0.08729447,"0"
0.25736552,0,"0"
0.76480323,0.49074268,"0"
0.11756973,0,"0"
0.3148333,0.8551016,"0"
0.0057435795,0.028118983,"0"
1.0119784e-05,0.8358092,"0"
0.027046595,0.38117346,"0"
0.054331865,0,"0"
0.4697593,0.428656,"1"
0.06475926,0,"0"
0.9978448,0.046194457,"0"
0.13060497,0,"0"
0.0031553095,0,"0"
0.11765255,0,"0"
0.09002382,0.5882758,"0"
0.2713181,0,"0"
0.7743211,0,"0"
0.00011211035,0.9036222,"0"
0.006202362,0.5154154,"0"
0.05773698,0,"0"
0.042889655,0,"0"
0.9999167,0,"0"
0.5414504,0.14470564,"0"
0.009222462,0,"0"
0.02360937,0,"0"
0.59884185,0,"0"
0.03602935,0,"0"
0.003989158,0,"0"
0.26666507,0.9767467,"0"
0.6272949,0.69480693,"0"
0.05023788,0,"0"
0.12092788,0.22809316,"0"
0.0019356085,0.5438847,"0"
0.027740719,0,"0"
0.7511755,0.9359536,"0"
0.07274124,0.045025323,"1"
0.30186516,0.43802425,"0"
0.22001085,0,"0"
0.22970739,0.695829,"0"
0.030519404,0.72440153,"0"
0.00035263586,0.110717535,"0"
0.16861425,0,"0"
0.023399329,0,"0"
0.008781317,0,"0"
0.20465659,0,"0"
0.006109897,0.37999684,"0"
0.82655716,0,"0"
0.012518798,0,"0"
0.060368225,0.49055538,"0"
0.0002717154,0.46473768,"0"
0.97735643,0.8750356,"0"
0.06652255,0,"0"
0.29859105,0,"0"
0.9934483,0,"1"
0.9327372,0,"0"
0.98526067,0,"0"
0.0015277802,0,"0"
0.052917857,0.9062835,"0"
0.46810472,0,"0"
0.2735056,0.43609944,"0"
0.04317052,0.98378295,"0"
0.010577538,0,"0"
0.043797635,0,"0"
0.4211092,0,"0"
0.5946806,0.9945479,"0"
0.24027774,0.60660017,"0"
0.056494683,0,"0"
0.007367102,0.9039524,"0"
0.30184442,0,"0"
0.03600735,0.45492673,"0"
0.15068822,0.3780748,"0"
0.021582836,0.43264878,"0"
0.12570038,0.39547035,"0"
0.035305113,0.8975701,"0"
0.2368039,0,"0"
0.23724638,0,"0"
0.018165668,0,"0"
0.050055068,0.46249992,"0"
0.3508181,0.31249064,"0"
0.017448246,0,"0"
0.8908026,0,"0"
0.9305894,0.7450465,"0"
0.8927191,0,"0"
0.08460411,0,"0"
0.0148178395,0,"0"
0.08931953,0,"0"
0.10064769,0.26218945,"0"
0.0056939735,0,"0"
0.6341561,0.7096395,"1"
0.043589246,0.5780377,"0"
0.027655028,0,"0"
0.0819534,0.8960932,"0"
0.03464514,0.87532556,"0"
0.9982017,0.92873013,"0"
0.014245227,0,"0"
0.27530995,0.8375801,"0"
0.010076926,0,"0"
0.38068277,0.054101,"0"
0.026237093,0,"0"
0.12535423,0.06889486,"0"
0.6360769,0.30202207,"0"
0.0009611817,0.80652994,"0"
0.83336526,0.98055935,"0"
0.01711664,0,"0"
0.113150954,0,"0"
8.1608225e-05,0,"0"
0.034921005,0.033673648,"0"
0.2051376,0.04319886,"0"
0.0031964034,0.6806221,"0"
0.04501621,0,"0"
0.09139739,0.4342113,"0"
0.03307381,0.7961172,"0"
0.075708255,0,"0"
0.0007671473,0,"0"
0.6086037,0.94044095,"0"
0.044317894,0,"0"
0.9922782,0,"0"
0.04649023,0,"0"
0.07367801,0.89712435,"0"
0.055792574,0,"0"
0.004142479,0.28683263,"0"
0.0023600436,0,"0"
0.0040614586,0.20176533,"0"
0.00054131594,0,"0"
0.007860933,0.8285344,"0"
0.04137116,0.45814794,"0"
0.47654822,0,"0"
0.93255115,0,"1"
0.020934334,0.4004755,"0"
0.20621952,0,"0"
0.0768337,0.81616443,"0"
0.054167036,0.6162078,"0"
0.6118436,0.37004086,"0"
0.22806762,0.2758696,"0"
0.114439644,0,"0"
0.041700438,0.39661774,"0"
0.89768475,0.73231345,"0"
0.60463125,0,"0"
0.012788497,0.51397675,"0"
0.12454092,0,"1"
0.0016605264,0.9221041,"0"
0.002858981,0,"0"
0.001768978,0.9010774,"0"
0.1222838,0.07690053,"0"
0.21166782,0,"0"
0.072585575,0,"0"
0.40014943,0,"0"
0.23940611,0.19936164,"0"
0.024453944,0,"0"
0.9258088,0.13730551,"0"
0.8283198,0.76951545,"0"
0.23188801,0,"0"
0.09941077,0.24790713,"0"
0.3099055,0,"0"
0.84716547,0,"0"
0.020995287,0,"0"
0.7954487,0,"0"
0.012701947,0,"0"
0.18750365,0.05859583,"0"
0.09173851,0.22956233,"0"
0.5646486,0,"1"
0.24141991,0.8570955,"0"
0.023938984,0.5815371,"0"
0.5142367,0.7705022,"0"
0.34745792,0.1731362,"0"
0.9777193,0,"0"
0.0040780413,0.12970977,"0"
0.16726963,0.9393888,"0"
0.35878932,0.97051406,"0"
0.5229309,0.92454565,"0"
0.03218036,0,"0"
0.02136824,0,"0"
0.23407292,0,"0"
0.03566182,0,"0"
0.064312965,0.9431976,"0"
0.0018684043,0,"0"
0.48726165,0,"0"
0.008846443,0.32243076,"0"
0.8430866,0.85968196,"0"
0.78450656,0.02296341,"0"
0.057104163,0.20742835,"0"
0.52423036,0.6689487,"0"
0.035424594,0,"0"
0.5106495,0.2815227,"0"
0.012266791,0,"0"
0.10206148,0.46796417,"0"
0.0009770027,0.16515452,"0"
0.021215424,0,"0"
0.0127861975,0.39868945,"0"
0.9189887,0,"0"
0.012413522,0,"0"
0.0021714277,0,"0"
0.009041177,0,"0"
0.024483344,0,"0"
0.010597903,0.37897462,"0"
0.015317189,0.43324798,"0"
0.008847108,0,"0"
0.035428196,0.14424066,"0"
0.033410802,0,"0"
0.004386539,0.10292984,"0"
0.034864645,0,"0"
0.0040761903,0.07066294,"0"
0.019744132,0,"0"
0.15617976,0,"0"
0.5909288,0.036251694,"0"
0.78625965,0,"0"
0.20137435,0.9672849,"0"
0.046548966,0,"0"
0.019210616,0,"0"
0.22247836,0.22920941,"0"
0.0007580496,0.9710698,"0"
0.012708874,0,"0"
0.022278313,0,"0"
0.61414474,0.9277603,"0"
0.0005765626,0,"0"
0.8836417,0.64214474,"0"
0.90093,0,"0"
0.6027488,0,"0"
0.5422309,0.13378347,"0"
0.27756783,0.19932444,"0"
0.019383669,0.060714882,"0"
0.015915778,0.7644599,"0"
0.008327162,0.5898448,"0"
0.07902609,0.15573807,"0"
0.002362961,0,"0"
0.25684085,0.11053148,"0"
0.06640366,0.5826889,"0"
0.008414553,0,"0"
0.2632812,0.42416424,"0"
0.94899297,0.49411964,"0"
0.015897743,0,"0"
0.925461,0,"1"
0.049088746,0,"0"
0.9694856,0,"0"
0.036683902,0.6071542,"0"
0.026974848,0,"0"
0.68209285,0.22693989,"0"
0.43862718,0.37049398,"0"
0.860244,0.349124,"0"
0.42850313,0,"0"
0.07290182,0,"0"
0.0627524,0,"0"
0.000113795075,0.4114395,"0"
0.023668693,0.9237803,"0"
0.0061113997,0,"0"
0.0070330524,0.09293969,"0"
0.13807938,0,"0"
0.66172254,0.12444499,"0"
0.11460111,0.8365168,"0"
0.3833286,0,"0"
6.903218e-05,0.11672771,"0"
0.022687308,0.45561734,"0"
0.040744994,0.6029664,"0"
0.5244926,0.04091449,"0"
0.085530184,0,"0"
5.7140296e-06,0.3206091,"0"
0.278918,0,"0"
0.07500999,0.28333378,"0"
0.08601976,0.5803593,"0"
0.30935186,0.80658793,"0"
0.0008808265,0.3946319,"0"
0.15469761,0,"0"
0.10545035,0.106134,"0"
0.28297073,0.46227103,"0"
0.011231505,0,"0"
0.4339927,0,"0"
0.9987846,0.96913356,"0"
0.0073317927,0.97479135,"0"
0.006541455,0.06734497,"0"
0.25367042,0,"0"
0.02028796,0.55154705,"0"
0.0016347077,0.36115906,"0"
0.018632628,0,"0"
0.98583674,0,"0"
0.45414713,0.26456767,"0"
0.10474658,0,"0"
0.0030736874,0.06650902,"0"
0.8688079,0,"0"
0.025541147,0.33044037,"0"
0.36437267,0,"0"
0.99441904,0.19193377,"0"
0.010857668,0,"0"
0.09919302,0.28188738,"0"
0.07648541,0,"0"
0.027238537,0.3451071,"0"
0.00538566,0.1794793,"0"
0.10909102,0,"0"
0.01739524,0.25678042,"0"
0.46484137,0,"0"
0.1442096,0.23398663,"0"
0.0035344954,0,"0"
0.59714085,0.10060669,"0"
0.52553356,0.030598616,"0"
0.0014303691,0.99970204,"0"
0.25083134,0,"0"
0.7176171,0,"0"
0.04922323,0.03791017,"0"
0.6885039,0.35471892,"1"
0.48394746,0,"0"
0.011852752,0,"0"
0.023821563,0.37953854,"0"
0.5758053,0.08568098,"0"
0.7440967,0.65988624,"0"
0.0054250597,0.37574285,"0"
0.010943844,0,"0"
0.0041415505,0,"0"
0.7035636,0.21308978,"0"
0.07834524,0.106814176,"1"
0.016481303,0,"0"
0.735641,0.6739917,"0"
0.0013168512,0.4704742,"0"
0.3328439,0.82265633,"0"
0.012967206,0,"0"
0.9999988,0.9540368,"0"
0.0024475805,0.05542978,"0"
0.026455874,0.9350067,"0"
0.012921422,0,"0"
0.3155033,0,"0"
0.3246363,0.026266769,"0"
0.03246135,0,"0"
0.77400964,0,"0"
0.45388892,0.7569148,"0"
0.00011615991,0,"0"
0.072393626,0,"0"
0.8275809,0.11813032,"0"
0.03894288,0.6321963,"0"
0.8401644,0.32093352,"0"
0.010819714,0,"0"
0.68140745,0.068191335,"0"
0.65642595,0,"0"
0.00096949923,0,"0"
1.0676138e-07,0,"0"
0.73719466,0.20365165,"0"
0.0011531349,0.8849789,"0"
0.29509643,0,"0"
0.004442013,0,"1"
0.7514838,0.09102763,"0"
0.33373177,0,"0"
0.46022296,0.9590282,"0"
0.89682627,0.24560867,"0"
0.48235008,0,"0"
0.4649991,0.20012139,"0"
0.078172185,0.4890013,"0"
0.045026787,0.030608637,"0"
0.015991503,0.53160566,"0"
0.61996514,0.9339457,"0"
0.82163817,0,"0"
0.019115953,0.3044106,"0"
0.00056358374,0,"0"
0.99612904,0.2980692,"0"
0.017573303,0.5620836,"0"
0.039049577,0.29392147,"0"
0.0021101455,0,"0"
0.0041788872,0.71919286,"0"
0.46725497,0,"0"
0.06187336,0,"0"
0.9950588,0.77129984,"1"
0.014150225,0.1991308,"0"
0.001504067,0.6954182,"0"
0.9009752,0,"0"
0.004003916,0.028841607,"0"
0.10233038,0,"0"
0.078565605,0,"0"
0.8325273,0.07696542,"0"
0.00743848,0,"0"
0.086655766,0.81977665,"0"
0.020146873,0,"0"
0.44130537,0.04124213,"0"
0.006203661,0,"1"
0.08635214,0.21166262,"0"
0.6800637,0.03677298,"0"
0.84317195,0.4389633,"0"
0.9160108,0,"0"
0.0013822912,0,"0"
2.207336e-05,0.8655187,"0"
0.80746275,0,"0"
0.026423533,0,"0"
0.5000962,0,"0"

