"protein.id","Adrenal","BAT","Brain","Eye","GAT","Heart","Kidney","Liver","Lung","MAT","Muscle","Pancreas","Prostate","SCAT","Skin","Small","Spleen","Stomach","Testis","Thymus","Tongue","Urinary"
"A2A699",515288.3,201686.5,4654492.5,827242.3,300302.2,159772.8,539860.2,184973.2,810742,296832,508210.2,179438.8,587417.5,469102.8,587256.8,191535.5,266685.5,182341,282679.8,190218,768143.2,781783.7
"A2A8L5",1729323.33,546380.75,2780220,2710020,1906277.5,139697.55,4542572.5,4483482.5,2095745,766897.75,73181.97,1487595,2855697.5,549110.5,1276795,2343470,513647.5,1533217.5,907897.75,13891725,880196.5,4324226.67
"A2AF53",103428.3349,184004.5,53906.4742,194414,211352.25,103804.4924,178610.5,145101.25,98396.3,98462.475,82480.3188,112003.2384,169758.75,452.7715,119481.25,184037.5,95165.1899,33940.5381,255950.5,141417.5,77864.7967,47037.2961
"A2AN08",855926,434888.8,923376,1044363.3,728723.5,570255,933854,293379.5,1405112.5,1298292.5,379639,1378985,1066412.5,686200.5,1082945,886451.2,1111723.8,1339195,1889477.5,1201560,1175525,1296006.7
"A2ARI4",1280403.33,422744.25,337655.75,740760.33,1069257.5,177465.75,1290950,1477747.5,71802.73,468568.5,141093.75,514677,457379.5,517413.25,611215.75,1679947.5,297028,1087875,158049.5,548871.5,204755.5,459547.67
"A2RST1",310345,452.7715,452.7715,452.7715,187068.3275,452.7715,452.7715,452.7715,111013.925,244830.718,452.7715,452.7715,452.7715,315901.6479,452.7715,2207827.5,452.7715,2960637.5,452.7715,64163.0816,452.7715,263540.3333
"A6X919",2177996.7,1958342.5,2255835,4214300,1825430,375542.2,610507,4404805,911865.5,3277190,147130.4,2061140,347090.5,2577180,2314697.5,1459372.5,6907180,443296.2,2519380,2725290,721650.5,561407
"A9JSM3",862695.3333,1119050,169379.7369,654009.3333,1439012.5,70663.275,981221.5,1244475,457413,1000669.75,452.7715,6792005,1185190,1127637.75,758672.25,5015550,192523.25,1849020,90460.35,610366.25,178480.3396,2518343.3333
"B1AUH1",1596563.3333,452.7715,911971.5,1094993,452.7715,452.7715,646310.25,452.7715,585746.75,83651.239,273289.75,23069.6073,200626.25,452.7715,161400.6764,131905.2723,411342.25,280008.75,452.7715,385740.6639,452.7715,1442950
"B1AWN4",3783976.0938,671447.0074,452.7715,452.7715,452.7715,991021.8324,271348,452.7715,537998.9735,62014.4484,452.7715,452.7715,155465.75,452.7715,168604.75,1532102.5,452.7715,154033.75,452.7715,79462.1432,452.7715,2082260
"B2RU80",1068993.33,276810.5,65693.75,140378.67,646835,205571.75,730661,1013455,3141852.5,858519.5,75958.52,132376.25,178781,539920.75,524118.25,176714.25,1385280,161863.5,77013.35,152398.75,587331.75,351310
"B2RXV4",361808,167196.25,240733.5,355530,267866,452.7715,981813.5,201994.25,220601.5,353337,83820.05,295390.25,793654.75,433813.75,318018.75,2254250,969332.25,146765,452.7715,1718047.5,250925.5,282121
"B9EJ80",1302206.7,1027006.2,2419870,4565163.3,1090137.5,427813.2,1403280,1052240,1352495,1234545,136711,1997345,303723,1001432.8,367006.2,1482187.5,1855187.5,738267.5,4182615,3498892.5,342515.5,790070
"E9PUL5",81479.8,106687.48,6723117.5,348865,33561,218362.38,47713.95,16622.31,56691.4,30839.45,61056.35,250287.75,177591.25,73083.6,159078.5,75399.07,49355.47,44350.3,53466.8,29980.14,88955.81,56764.17
"E9Q137",7381337,6667258,2675615,7054893,6559932,1083095,8648865,3553655,2365655,4320228,1602835,1489285,2482382,5941045,4222058,7006698,3211328,1877298,3041605,4820575,1115902,3383053
"E9Q9K5",452.7715,1901975,452.7715,702389,247430.8,3760095,452.7715,452.7715,176682,1021412,105304000,603430.5,488083,2246632,9232520,452.7715,514090.6,366675.2,452.7715,181431,7024585,452.7715
"F7BWT7",3350120,1534177.5,993473,1318586.7,1232787.5,354786.4,3153037.5,1197435,3562012.5,1772940,747402.2,1144790,10644275,1823427.5,1747910,13221200,6459312.5,4823005,264944.8,737994.2,919486.2,6844423.3
"G5E829",15829300,5885352,72352175,31343700,23031150,5494278,14995150,4876800,17881500,14326600,4004370,10049845,16563100,19708075,12817625,34884425,15405550,11831875,9089088,23436750,9268435,16239467
"O08530",1377433.33,658472.5,6439930,945383.67,1204990,464273.5,533589.75,1682312.5,8193365,1187682.5,302573.5,1805664.25,404838,1415815,942707.75,313416,1114420,263620,82534.65,648924.75,882390,422904.33
"O08532",31548433.3,13208500,21583825,7722550,7915400,21781075,7742725,3400022.5,18076025,8738575,292061250,2610235,30670000,9941207.5,50014350,8769760,12294100,11770650,964266.2,2737512.5,28947200,22123466.7
"O08579",9288240,9662420,7758727.5,8944053.3,8760172.5,5772992.5,580625,3457555,3750010,5663795,11863025,3394917.5,2902007.5,6469262.5,439898.2,1558253.8,7771552.5,2620987.5,2649217.5,12595475,2019797.5,5166456.7
"O08581",1350510,452.7715,7869230,5124976.6667,380322.25,452.7715,5020967.5,39294.275,377115.25,32028.5975,452.7715,3442817.5,3046852.5,452.7715,175758.75,2445835,82665.2326,943727.75,133916.25,86526.725,452.7715,1756766.6667
"O08705",484072.7,117825.8,144102.4,177560,452.7715,91546.37,17963.4,29917180,16725.65,258928.8,452.7715,452.7715,452.7715,224793,452.7715,452.7715,261453.7,42176.68,452.7715,452.7715,452.7715,452.7715
"O08707",452.7715,452.7715,452.7715,452.7715,104900.3972,452.7715,452.7715,452.7715,355486,78123.5,452.7715,452.7715,452.7715,199336,135024.25,452.7715,241462.5,452.7715,996758.1065,452.7715,452.7715,452.7715
"O08715",3354416.7,11005475,445471.8,1107103.3,1752922.5,9470790,171298.2,1137205,339458.5,1691685,4836680,1193432.5,322840.5,2445252.5,115253.2,205033.5,271615,643219.2,1556070,864307.2,4509252.5,410059
"O08786",68761.72,452.7715,452.7715,452.7715,3242038,452.7715,817387,452.7715,776293,137635.8,452.7715,14085480,24033.71,452.7715,452.7715,703143.8,391991,868757.5,452.7715,452.7715,452.7715,452.7715
"O09047",455566.33,758614.25,370056.75,197079.33,3198357.5,559986,261231.5,326487.15,545808.5,1226750,296837.25,281482,387382.5,4356842.5,2707395,532147.25,110788.95,414687.75,90588.17,1049771.5,410173.5,611927.33
"O35074",19624300,613160.8,704951,6270063.3,7405022.5,3758502.5,1722887.5,3008505,15091625,5794762.5,1449610,1710532.5,3127600,2879175,1723790,2725560,3909642.5,3822477.5,4888045,3263637.5,4125660,10176070
"O35114",16797200,20975250,4868335,7508013,22516950,9470300,8554625,52637525,22768675,23794175,8592330,7564198,8284168,35884050,21069375,12191700,26548975,11566300,4846255,16171800,8427382,13477467
"O35153",2441493.3,2928692.5,537971.8,1172196.7,1699712.5,409876.5,419855.8,1574892.5,770572.5,1412095,810311.8,3912640,2511635,1556832.5,705766,1034212.8,1065462.5,1392862.5,508391.5,779197,568654.8,1053077
"O35166",8261043.3,6737390,3347082.5,9344000,8751855,2364977.5,4843332.5,11569000,3892780,6480330,11176775,24018000,6210947.5,9379595,988594.5,5207882.5,8237447.5,3883012.5,4352377.5,8630312.5,1952335,3964643.3
"O35372",421724.6667,987888,470184,202560.6667,3005040,477321.25,1528952.5,892062,477660.75,1678487.5,641204,1474042.5,244560.5,943559,147405.25,1517565,369213.5,650632,142971.4,393779.25,452.7715,85210.3333
"O35379",3921826.7,3584845,600796,4183500,7345542.5,2287890,3070075,354660.8,1811025,3985482.5,1121365,2739597.5,1750262.5,5483485,5387645,1565192.5,3874865,2739097.5,2192487.5,3660590,2821045,2895653.3
"O35405",2219763.3,488640,7443927.5,2127586.7,782143.8,254126.8,861977.2,800242,786209.8,813963.5,223887,1697552.5,1662135,898576.8,1869007.5,717166.8,2936700,3250542.5,3970290,3559602.5,810243.2,914791
"O35445",419075.3333,764653,179080,456968.6667,508073.25,85132.271,574779.75,750521.75,245975.5,333509.5,203115.5,485920.5,104715.7,515166.25,88137.0583,420274.75,261463.25,146616,51152.375,271731.75,452.7715,207552.6667
"O35457",161814.6667,452.7715,452.7715,452.7715,179481.8945,452.7715,250997.5,452.7715,422532.5,48469.8488,452.7715,188196.75,6187.0877,49400.7561,84591.7785,65894.884,48376.8,452.7715,452.7715,66380.073,452.7715,70947.2882
"O35516",1341343.3,803906.8,548717.8,2343050,2435800,227526.5,759702,1507672.5,1206175,1255515,368061.5,360561.8,952942.2,2409670,1738017.5,383062.8,1228052.5,651171,968167.5,1857500,1244840,1415123.3
"O35526",2231806.67,714038,85948150,4523480,275792.25,204305.75,134802.55,40568.57,118445.75,542488.5,141930.59,325967.75,1385940,351683.75,443822.25,706580.75,210677.25,1240865,120371.38,231512.5,387923,560363.33
"O35598",14685433,4978788,6112435,14616767,12855575,2799898,16213450,5843168,14206500,12518775,2387305,10409515,36222600,12148700,11872000,36377300,26295200,13144025,4500672,15555300,5027060,25350933
"O35604",12423967,21489250,3876192,16940000,11031175,4766478,4216965,32359075,13218325,9327240,8119042,2831002,3341775,19358125,25490575,4272225,16726550,3300285,2419762,21916875,7109455,3692677
"O35659",452.7715,452.7715,160839.5,452.7715,452.7715,452.7715,38670.3253,452.7715,963333.75,452.7715,452.7715,562280.75,452.7715,452.7715,452.7715,211713.5,18556.8476,146371.25,452.7715,452.7715,452.7715,452.7715
"O35683",10743366.7,29636500,2223410,3462543.3,5587892.5,86786250,8921280,9600270,1425085,10127385,22453150,375258.2,9378355,7544162.5,9750295,1515487.5,872046.5,5466852.5,701746.5,1656105,66352975,3670720
"O35704",4302836.7,989936.8,784623.5,19292566.7,1635287.5,245947.8,5776030,956243,2964460,1864887.5,115927.1,1194192.5,705459.5,1932577.5,2423632.5,10675650,3680382.5,2852637.5,1399265,2757237.5,713637,7628206.7
"O35714",452.7715,452.7715,452.7715,452.7715,123184.25,452.7715,452.7715,452.7715,112198.5,817255.5,452.7715,35644.8838,31957.8962,920529.75,1075177.5,146973.25,1570395,33959.2319,452.7715,1749305,452.7715,26690.1393
"O35912",5797900,452.7715,452.7715,1299080,13266620,452.7715,452.7715,452.7715,7166405,8336398,452.7715,1423215,7186188,41493.75,25556580,1629755,36459.18,2912022,2942408,8580978,4593335,5728513
"O54689",452.7715,452.7715,452.7715,452.7715,452.7715,452.7715,452.7715,452.7715,94887.75,1085665,452.7715,452.7715,452.7715,713555.5,130247.25,243455.25,2207795,452.7715,452.7715,1008387.25,452.7715,452.7715
"O54707",452.7715,452.7715,452.7715,452.7715,452.7715,452.7715,452.7715,452.7715,21489.8598,15973.127,122558.3619,452.7715,452.7715,63111.6691,25369.7507,452.7715,105670.7,452.7715,452.7715,40397.75,452.7715,452.7715
"O54734",52006967,43174450,19715500,41493167,65449600,10280218,64850425,42482800,34562175,38827625,19146875,79812375,50738850,45910900,46199075,60055250,41928150,25710925,43816125,50874775,11495578,31993633
"O54885",19306.1216,452.7715,452.7715,452.7715,97509.5,452.7715,452.7715,452.7715,177268.25,214219.25,452.7715,452.7715,452.7715,204324.75,34244.2692,452.7715,854521.25,452.7715,452.7715,126457.5,452.7715,452.7715
"O54957",452.7715,228392.5,452.7715,452.7715,263534.8,136766.8,452.7715,107207.5,1188345,6166092,452.7715,174033,171040.4,5593698,264669.8,674111.2,9834110,80018.32,48337.93,68615920,136146.6,452.7715
"O54990",349411.7,452.7715,1949265,40944570,8023958,452.7715,4950932,295569,1170622,452.7715,452.7715,2433732,19555580,618671.2,122648.1,1368418,118854.2,1518782,2177522,96458.05,171483.5,439024.3
"O55003",3788656.7,14660750,398209.2,2016910,7062752.5,6439195,1126645,2884612.5,329059.8,3365445,8233105,238880.8,848353,5948367.5,4445690,268725,126473.5,379411.8,150471.5,476265.2,10002437.5,426500.3
"O55022",50538467,79211050,47307425,67146233,71113350,22480250,53425400,216725750,48041025,50812775,11836525,57489550,118599150,56578025,35374900,96899000,31283300,16576250,48019175,47859925,11246480,55850533
"O55100",1234800,1809007.5,16686300,12924766.7,295138.2,1869617.5,1618440,105927.1,578590.5,329243.2,1392902.5,272446,442941,486840.5,791308.2,275142.5,167646,968997.8,420453.5,1496065,981650.5,1700926.7
"O55101",2412253.3,3574057.5,149730.2,795790.3,10140742.5,9184770,13420175,10730362.5,6535492.5,7364182.5,5872280,12378625,7052762.5,6489705,5323182.5,7655030,7503277.5,5964682.5,2802852.5,11131647.5,3505520,2009360
"O55143",96333800,143207500,145161000,133625333,101602125,1130545000,132584750,68990300,107538750,72865475,104743675,196127500,94822400,103215875,72408400,178007250,69450000,73743275,71419375,95814175,64486875,114102333
"O55242",14474000,15178150,3743060,7199820,48727125,1810578,5738812,39925800,5283040,11828525,2209715,2057112,7217412,28601375,11140075,6613792,5648790,2406542,2609840,5260812,1745675,5398470
"O70174",61626.9868,452.7715,692776.5,724549.6667,452.7715,452.7715,69999.35,452.7715,452.7715,452.7715,452.7715,452.7715,164140.25,452.7715,452.7715,452.7715,452.7715,93751.435,29551.9496,66080.5903,452.7715,452.7715
"O70228",4708583.3,4569525,8531115,7792196.7,6839742.5,2315685,5000922.5,3512445,3377797.5,4602730,454343.8,5603015,2344067.5,6801110,4673297.5,6441135,2052132.5,2096787.5,1563537.5,2209582.5,2058805,1680096.7
"O70281",647147.3333,225567.75,237955.25,217890,236506.25,200226,54098.1,334808.5,198802.5,330659.25,452.7715,409120.25,307770,442475.5,843571.25,134864.5,440977,188269,189911,141637,148116.25,354285.6667
"O70472",1410320,947433.2,933473,1436553.3,1204897.5,766912.5,1631655,1216682.5,629031.8,1106287.5,645567.2,1210870,278845.8,1232610,860336.8,2108227.5,1465005,537619.8,744239.5,2379840,266691.1,429998.3
"O70496",3305997,4729338,2696352,4172763,5769665,2008590,4199538,4176818,2364702,3977458,1533685,2662265,1096427,7943795,1989352,1224932,4802690,1263535,2072862,2854790,1348115,1444937
"O70503",72106033,77105725,15811200,70956200,54977250,3994565,27637900,35477600,15255475,52719000,1064246,21135075,10629825,49430600,34513700,41295425,23293025,12173750,14074800,30317850,4606835,32116300
"O70572",4832443.3,3649577.5,2304157.5,13862366.7,7132515,4799957.5,24585025,4066282.5,2906140,4069425,360183.2,7814197.5,2095012.5,4240885,1506022.5,18385075,3446820,3961927.5,1153697.5,5766975,900758.5,4186630
"O70577",367186,452.7715,675866.5,137789.7,233460.8,452.7715,80601320,452.7715,452.7715,452.7715,233463.2,40389.15,452.7715,452.7715,20580.44,452.7715,29853.67,452.7715,452.7715,452.7715,452.7715,452.7715
"O70579",5511500,2862830,770195,2406773.3,8211092.5,474730.5,7319135,3063615,1966807.5,3933847.5,158088.4,399741.2,1148800,4354697.5,2064285,1709680,2471805,929070,4733270,7816175,1539512.5,2375893.3
"O88186",23991.9,48246.8218,452.7715,452.7715,452.7715,42276.0414,60195.8912,58884.7957,213834.5,452.7715,452.7715,452.7715,452.7715,109934.3507,203273.25,452.7715,2403555,452.7715,452.7715,452.7715,41227.3305,452.7715
"O88324",14022.0059,452.7715,87707.25,18840.1933,36104.4089,452.7715,452.7715,452.7715,42953.651,334513.5,452.7715,452.7715,452.7715,192938,40827.3634,41363.1,525163.75,452.7715,452.7715,1612605,452.7715,452.7715
"O88455",69876800,4486937.5,5337127.5,10966900,3511637.5,457961.2,6165290,16062800,3398590,6676062.5,378675,13360500,1705422.5,5235177.5,3241872.5,12875175,6206407.5,3256807.5,9376160,9135142.5,1302577.5,979763.3
"O88551",1860257,418347.2,249977.8,3865543,242015.8,452.7715,663038.5,1313055,649152.2,560986.2,194102.2,452.7715,4239548,1331715,18308550,452.7715,99285.43,41684.36,21101.54,10798080,1333978,704085.3
"O88587",36866900,41044400,7042020,16702700,19823950,5885535,19753750,136456500,8845015,21084025,7951530,12187225,20746650,21050600,8531058,24626250,11483875,5639028,3064265,16342800,5791960,13893900
"O88630",3706057,5289805,1361470,3209613,3432085,1401878,1467692,1812038,1230840,2517812,2393555,6131160,2817192,3639540,1359070,3145480,2517155,2344180,1059972,2471122,1032535,2209223
"O88736",2105840,790449,893461,2096270,1325550,1115275,2691137.5,4129210,734714,705721.8,151820.2,977234.8,646106.2,641315,8204292.5,1965227.5,507911.5,513961.8,2112355,924079,468258.2,3230546.7
"O88786",452.7715,452.7715,452.7715,452.7715,452.7715,452.7715,452.7715,452.7715,452.7715,452.7715,452.7715,452.7715,25528.1157,452.7715,21775.3193,452.7715,452.7715,452.7715,452.7715,183343.75,452.7715,50969.5
"O88967",4241560,6616582.5,358237.8,1330946.7,2045960,6548702.5,2078317.5,3469780,853077.2,2203547.5,5241725,1151387.5,3503425,3075705,1449070,1219477.5,918773.5,988755.5,293155,1160562.5,7455580,1059930
"O88983",11799067,13889625,8127598,10591233,12339750,6263220,9412520,12013925,6342615,9812525,11783250,8692942,4348095,18632000,3001828,6582975,15840075,5004448,3574042,10895125,4677945,5127460
"O89001",4403783,6605762,12046925,5868870,6009278,2275138,12162825,5446068,4326075,5449732,1377690,12785725,14699250,8387612,6512360,9018558,2751988,17805800,2105652,3157962,3197298,7313807
"O89051",4723097,3658680,4727850,6154950,8263675,4272042,7628962,7622378,5867222,3659425,2116578,3599348,8415058,5414138,6018635,4269070,4127002,4286262,2088495,8893035,2802020,3669737
"P00158",15793400,116203275,1544355,3746093,15175225,233241250,10254050,27676175,3810270,15818650,97547075,2672795,21382775,17018300,14034752,2980418,2012292,3534418,1424810,3559118,162009750,3034277
"P00397",986885,3398385,44952.02,342858.33,866746.25,6242072.5,373691,734121,418258,1010704.5,1292180,1151186.5,1027358,366402,894203.25,175403.25,31454.76,362091,134112.27,374585.75,11033937.5,220005.33
"P00405",218833333,1072443000,58802950,67444900,102301475,998507500,158528250,331705250,72809100,169979000,1109379250,104572400,173457500,198928750,221756000,66028000,44897900,100763375,31229600,64082400,919715250,66552833
"P00416",3523873.3,6858012.5,1018099.6,790740.3,1498625.8,12629675,1620609.8,2083622.5,2211985,1831010,5131247.5,4882540,7822965,1313359.8,3367207.5,767174.8,587218.9,1081032.5,1043918.5,1546472.5,78264025,620563.3
"P01872",1456020,1208432,452.7715,456834,4219678,396856.8,415129.8,574290.5,2586765,16993980,384379.8,924456,2420288,12929420,4049228,1416310,69603100,624684.2,496190.8,11843100,1222518,1233437
"P01901",48822333,34145875,3236425,7083250,78159575,7006870,17024450,98858775,71525400,95031725,4900272,9780540,30112725,118404500,67626050,99687575,172846500,24115000,7093668,212280250,11458800,24869900
"P03888",12540266.7,58206525,1660370,4292176.7,16058525,173005750,11852375,15578100,3465940,19594625,48556450,3693235,12724975,17363950,13085150,4747272.5,1580762.5,9971472.5,993922.8,2794512.5,119230875,4013286.7
"P03893",696642,1587076,452.7715,219435.3333,1104192,3044910,328280.5,862450,183721.5,974747,1034943.5,439830,1566992.5,368377,900641.5,217300.75,23631.3409,352248.25,63312.925,184143.5,6663147.5,193501.3333
"P03903",116734.6667,600361,41920.6073,45850.1441,239883,1348145,72075.7821,250534,94023.1,184986.25,537263.75,452.7715,142795,128965.925,221905.9,278614.9638,452.7715,31508.625,452.7715,22060.5,259854.25,114552.8333
"P03911",4870633.3,16939925,782389.5,1702866.7,4696277.5,51874800,3484767.5,5488702.5,1464592.5,5086795,15895275,2567475,7139950,4905107.5,6101655,1129616.5,601654.8,2126342.5,553930.2,1595527.5,58383625,1540270
"P04223",84383.2333,452.7715,452.7715,452.7715,67029.8261,452.7715,452.7715,452.7715,281352.875,386185,452.7715,33739.349,452.7715,250900.75,90970.063,94914.575,861622.75,452.7715,452.7715,557507.25,452.7715,353537.6549
"P04231",1613616.67,1242112.5,44733.82,103470.6,2404015,385629,745958.25,483413.25,1570112.5,8601470,212457.5,1285455,480360.75,5508312.5,3295330,2976592.5,17300100,381003,124094.15,21867900,607470.25,803497.67
"P04235",452.7715,82682.9,452.7715,452.7715,331563.6,452.7715,36065.48,19507.98,372058.2,5080120,452.7715,143866.5,452.7715,3217218,134346.3,281254.5,4514965,16759.94,30772.1,12882900,452.7715,452.7715
"P04441",4019343.3,5656062.5,247826.1,408117,11152450,2139967.5,4660185,3675965,9641312.5,44237675,1050607.8,4075097.5,2038815,30117000,10944525,13703925,78642275,2124167.5,383412,72426400,2504442.5,2665720
"P04756",452.7715,452.7715,452.7715,452.7715,452.7715,452.7715,452.7715,452.7715,452.7715,452.7715,84257.775,452.7715,452.7715,452.7715,88651.075,452.7715,452.7715,452.7715,452.7715,452.7715,88978.25,452.7715
"P05622",5469683.3,3707655,1665707.5,3717833.3,5094627.5,1991092.5,6612500,1622712.5,4419540,3518340,1646535,1378942.5,3270775,7040345,10385575,1698837.5,14569825,1400295,499271.2,3042845,6330702.5,6470786.7
"P09925",7562556.7,13719150,329949.2,1379293.3,3777835,9451795,2756895,5997995,1135003,3233815,5506692.5,1334795,4438587.5,6159615,3737175,1303045,884594.5,1162290,238988.5,746625.8,6906672.5,1628570
"P0C8K7",185508,110882.125,262714.5,137861.6667,420766.5,452.7715,734444,168920.25,62130.45,184809,452.7715,1920255,171356.5,454185.75,84991.6862,27746.8591,345460.25,76466.225,210517.6,55641.1142,452.7715,89728.1
"P10417",393514.3333,351841,616779.75,1911623.3333,2753557.5,114503.35,578569,272171.25,348272.25,2180697.5,452.7715,518659.5,497263.75,2899650,541037,583074.25,3637930,497410.5,91739.075,2883095,228416.5,587246.3333
"P10852",44876400,13085850,82488850,92580400,52443300,3689242,58162700,6911872,10546650,23581200,12978475,165579000,110567250,31673175,32366925,117829000,46322675,21973425,91333050,53599450,11319025,19248200
"P11438",22794667,35328850,5033168,12650600,39274475,15120875,19016925,36161325,22485525,26111450,19876125,19481350,12944700,31447250,42081275,14302275,17573275,7910020,10759588,19511350,19181900,9313400
"P11688",7781350,2110660,749365.8,1850043.3,8648130,3685542.5,2319292.5,10242010,5035530,6813575,1671830,3561730,15230725,6721005,12400750,6562967.5,4886367.5,7937090,727966,4608992.5,6406387.5,14642866.7
"P11911",452.7715,452.7715,452.7715,452.7715,130589.7,55397.04,452.7715,452.7715,658021,6424592,452.7715,521682,452.7715,4707750,452.7715,507209.8,21433280,452.7715,5701562,1095024,452.7715,452.7715
"P12023",2902416.7,1785107.5,12493175,7269203.3,10422900,932889.8,15151075,2053220,9487787.5,3089470,3484247.5,1726517.5,3255127.5,3537285,3354622.5,3942265,2911867.5,3616672.5,1242732.5,2171800,1812612.5,2950423.3
"P14094",30390600,18108075,269571500,127068000,18833450,132105750,371576750,27735425,24694975,15694400,73881600,13126700,79998350,9457948,51084375,348463500,13219050,48183575,16562875,35913775,94116625,42208467
"P14901",4403926.7,859774.8,218910,3693790,2028327.5,416361.8,933633.8,1963730,851897.8,1627477.5,1214620,352865.2,179885.8,2307992.5,309229.2,95954.4,27495300,361277.5,1321382.5,2405312.5,767160.2,1619153.3
"P15208",6991770,3562000,1706572.5,6171363.3,6341350,3343060,4936072.5,6577162.5,2402342.5,3799895,3653740,3691930,3518432.5,4079275,2498292.5,5574782.5,2198060,1725820,858071.8,2638910,1590677.5,2703586.7
"P15209",362780.3333,1891215,8219690,1663406.6667,2250822.5,452.7715,952358.5385,69242.4214,207529.25,540747,110163.2,408134.75,387676.25,1534782.5,391363.5,18870.8565,249567.75,452.7715,72964.725,196355.25,305898,230369
"P15261",2247526.7,4204525,877297.5,1461906.7,6926882.5,1186560,1435047.5,864388.8,4279702.5,3837975,1016978.8,987616.5,1867410,5950997.5,4236020,3905315,6287177.5,1766732.5,725567.2,10376705,1933300,1597220
"P15530",452.7715,452.7715,452.7715,452.7715,452.7715,452.7715,452.7715,186434.5,461713.8,4467778,452.7715,281194,452.7715,2652248,62561.72,500031.5,11286200,452.7715,452.7715,427639.5,452.7715,452.7715
"P15920",4111406.7,4986195,2888180,2615456.7,2487507.5,884853.5,5547655,3314282.5,1872030,3352127.5,438403.8,6187752.5,2288225,4679175,2883582.5,11344250,5652532.5,2468937.5,1190567.5,5949780,1133005,1873186.7
"P16092",617196.7,653714.5,1110381.8,930754,1496682.5,244618.8,431138.2,354590,573957.2,666266.5,210217,635274,572507.8,1835757.5,545556.2,223071.2,599713,225366,197863.8,394954,790058.5,1091563.3
"P16390",281145,520460.5,13852420,2588490,177303.9,82399,452.7715,104388.2,544460,376375.5,220377.5,452.7715,324468.8,736430.5,649753.2,342946.5,3146702,202892.8,452.7715,5585615,903600,249752
"P16872",452.7715,452.7715,452.7715,452.7715,183741.7828,452.7715,452.7715,452.7715,154184.75,408717.25,452.7715,452.7715,452.7715,511737.75,82609.825,56635.7481,725570.5,49594.7588,452.7715,663933.5,452.7715,452.7715
"P17047",50752933,35474250,5813272,63839933,56386850,14456500,64724250,152580000,27590775,34555425,10548995,16804125,41714825,60846300,86589100,18682650,28206525,19051475,16838975,53608300,26444225,25614433
"P17665",2667960,17635875,2886025,3621983.3,2545510,22115175,2554307.5,5996332.5,1984045,5270272.5,11480762.5,8106130,464856.7,2532867.5,4119380,1227709.5,1736210,3173300,38736.4,1675267.5,5992760,2209976.3
"P17809",6115390,4052735,16149275,415569000,3373295,3489010,18810525,4080272,2006252,3973758,2542502,2460470,9918235,7974195,6692025,3795642,10705385,6263780,4410362,6082250,6311135,4656083
"P18052",7909963.3,3249147.5,10317787.5,11932966.7,9035282.5,1642037.5,10774450,2161902.5,7255527.5,6772647.5,848441.5,2962680,9973895,8209140,3798855,4660022.5,10554400,2873515,2339337.5,13312825,4809357.5,9762450
"P18581",1769550,239547.5,2673620,3848636.7,393878,222893.8,464537.5,29930225,1300102.5,253802.8,1958687.5,5287002.5,270381.5,358802,925494.2,692034.2,3195307.5,541293.2,923066,905731.2,318485.2,130515.3
"P18762",62690.3136,332050.25,69666.1,142407.7,134777,452.7715,87557.625,452.7715,800998.25,132841.75,178863.25,153763.75,160321.75,235164,204326.5,80941.275,409022,30424.425,452.7715,152483,169401.75,150119.7333
"P19783",113690333,502953250,19534575,36575933,74821500,677578250,65314050,126806750,31829075,104139275,436835000,60033925,86051300,105384500,117913000,38338425,15715175,61695825,11701475,27714325,745511000,32392467
"P20491",5927630,4972272,3769640,2688257,16155575,3311748,5686068,3054692,10574835,11936350,1244125,1343202,4649018,17093460,13126050,4441182,30825150,2932678,1914850,19113725,4547752,4343527
"P21958",5536343.3,5020052.5,352164.8,1227330,8676480,786922,1772210,3437575,6146542.5,17976975,166380.2,1371350,1177310,17525675,5212492.5,14360575,28962800,2485152.5,630855.2,34717275,1229627.5,1802450
"P22646",156483.8,346021,452.7715,452.7715,223105.5,452.7715,125077.5,452.7715,669988,7583892,452.7715,206551.5,93098.13,7042758,1943442,706704.2,11547320,31930.43,75234.93,19374350,452.7715,452.7715
"P23818",170742,22657.9618,4701995,451075.3333,452.7715,452.7715,452.7715,290942.0077,174683.75,452.7715,452.7715,452.7715,41220.7,40336.3972,452.7715,556632.1052,131602.4388,452.7715,130968.6141,452.7715,452.7715,59964.3333
"P23979",145553.3333,80670.475,452.7715,1838913.3333,452.7715,452.7715,76151.0632,452.7715,452.7715,452.7715,452.7715,452.7715,184141,452.7715,452.7715,452.7715,34851.2031,29801.9884,452.7715,452.7715,452.7715,270784.6667
"P25118",848342,288683,88307.825,238735.3333,566806.5,452.7715,260247.25,447971,394768.25,310662.75,89029.0395,391722.25,217089.5,444703.75,272794,878578.75,533754.25,177788,332745,989669.75,183424.75,348694
"P26361",452.7715,452.7715,11291.9621,452.7715,252256.75,452.7715,88327.75,452.7715,118984.675,76058.1573,452.7715,35445.429,45012.9703,452.7715,452.7715,2550112.5,64147.2166,103513.475,54584.425,53640.225,452.7715,302105.1105
"P26618",2150406.7,1146362.5,768348.8,740500.7,3229697.5,1046890,1551545,495175.8,4045575,1842820,770180.5,747903.8,1804160,3789117.5,3234945,827726.2,3219232.5,872410.8,819888,945400.2,5131097.5,3231020
"P27512",434720.6667,193001.5,58756.7801,452.7715,730795.5,125281.5,319939.75,172611.75,969924,2500390,146466.875,58236.025,139911.25,3481012.5,1016269.5,384954.5,6475760,79304.075,47175.4,5969705,242252.25,283839.6667
"P28230",452.7715,441868.216,402249.25,452.7715,452.7715,452.7715,402199.25,6444060,452.7715,132634.5,452.7715,1871560,990973,145812.25,32967.4294,539151.5,80093.9359,5306742.5,452.7715,452.7715,95294.9984,725862.6667
"P28843",6327606.7,3721282.5,3654725,9037296.7,48786325,5877472.5,40259625,70680950,48588475,33789750,1953055,7394410,19974100,46340200,27735275,38671275,22488800,1012342.5,938375.8,31616825,4170422.5,19984566.7
"P29533",1200093.3,402258.8,906679,630723.3,1643515,874454.2,1120815,866788.2,2164540,3434587.5,235611,302923,1385510,1438687.5,279799,334400.8,10326275,417482.8,10004065,3740242.5,2768932.5,1115490
"P30548",452.7715,452.7715,403619,686873.6667,452.7715,452.7715,452.7715,452.7715,452.7715,80313.3,452.7715,452.7715,452.7715,452.7715,126378.575,112094.075,63681.6,75556.525,452.7715,141997.75,452.7715,452.7715
"P30549",117042.7667,452.7715,452.7715,452.7715,452.7715,151971.4457,452.7715,452.7715,194290.4227,452.7715,452.7715,452.7715,56196.5878,452.7715,89881.8918,23395.3195,452.7715,112266.65,452.7715,18585.6265,452.7715,452.7715
"P30730",452.7715,452.7715,154707.9278,452.7715,452.7715,452.7715,452.7715,452.7715,452.7715,452.7715,452.7715,452.7715,452.7715,463123.0598,452.7715,23472.0165,28239.9672,452.7715,398633,452.7715,452.7715,452.7715
"P30987",5410870,57242.8,44578.3465,121169.3333,183331.5,74916.65,2548190,534902.75,1389610,850285.25,452.7715,46307,88811.7581,783462.5,109898.55,271332.25,3267040,332308,70714.85,6154567.5,47583.2077,257531.6667
"P30993",2134156.7,3367257.5,656734.2,577244.3,7955830,2097962.5,620452.5,550658.2,2542835,3322122.5,838875.8,1011176.8,1948825,13667025,6213785,1592790,1842945,944574,178489.8,1001637.8,2417097.5,1893216.7
"P31695",394267,63862.7,452.7715,452.7715,166541.75,102270.9924,179290.25,806267.2397,693758.5,117497.375,50325.8057,452.7715,95483.7583,89006.975,131189.9744,19147.0587,180682.25,51629.8421,56117.15,151719.5,97290.362,81679.3948
"P31809",1657233.33,1480477.5,486778.25,885490.67,1478962.5,952627.25,1834985,10037555,6713932.5,1810955,481187,1278822.5,22969875,1367495,1513497.5,14491300,2377830,332600.5,68564.23,721751.5,1349347.5,10314736.67
"P33766",452.7715,452.7715,452.7715,452.7715,452.7715,452.7715,452.7715,482033.25,1033070.75,452.7715,452.7715,452.7715,452.7715,61568.8543,75044.7075,100310.2412,3064055,22670.4822,452.7715,86128.5974,452.7715,68594.7395
"P34968",253983.168,452.7715,181154.625,452.7715,268115.3687,452.7715,452.7715,452.7715,66913.3611,452.7715,452.7715,452.7715,452.7715,452.7715,739951.25,452.7715,69289.8757,452.7715,452.7715,452.7715,452.7715,452.7715
"P34971",452.7715,255895.75,131584.925,117306.3333,100710.463,117149.5,144765.75,452.7715,529476.25,53218.7409,452.7715,75304.5231,452.7715,18407.3362,452.7715,452.7715,120546.95,452.7715,452.7715,60587.65,452.7715,452.7715
"P35330",34875100,3587570,392885.2,1145280,12109350,3675340,15714400,6609367.5,44092875,12385350,2305765,1441292.5,3489340,9824617.5,9814222.5,4665072.5,23027925,3218787.5,1051413,39694525,8022925,4696886.7
"P35343",452.7715,452.7715,452.7715,452.7715,163975.9935,452.7715,452.7715,452.7715,466532.75,204121.3445,452.7715,452.7715,452.7715,298571.5,452.7715,452.7715,1163690,452.7715,452.7715,711434.7651,452.7715,452.7715
"P35363",452.7715,452.7715,418433.25,452.7715,452.7715,452.7715,452.7715,452.7715,452.7715,452.7715,452.7715,452.7715,452.7715,23893.6469,452.7715,452.7715,18100.55,452.7715,452.7715,452.7715,452.7715,452.7715
"P35436",202939.3333,26441.8907,255154.25,71843.1333,452.7715,452.7715,452.7715,452.7715,452.7715,397507.9452,452.7715,49927.9662,20400.6383,452.7715,452.7715,84178.5885,69307.2902,85117.8,39736.6,88103.65,452.7715,84724.9
"P35438",76591.4496,452.7715,3044015,695401,452.7715,575740.7879,2382887.9507,452.7715,2033641.3307,3816497.7261,452.7715,109985.4871,2854157.2655,452.7715,452.7715,2710171.113,758942.9482,2317860.86,452.7715,452.7715,78535.4095,3093896.5612
"P35546",79195,95568.6326,432594.25,401052.6667,101994.9757,452.7715,206381.9003,452.7715,1864224.1874,40648.087,452.7715,52735.4636,128948,121342.25,130267,129513.75,49992.275,178632.75,452.7715,29245.9023,396889.075,101220.9667
"P35564",109737000,83805025,60832950,136194667,108593500,62189675,75116425,117336500,49179050,70303400,63306600,112406500,89728375,68771475,64585825,98957000,57824675,41366475,66091875,87884375,31187100,54584100
"P35803",1558946.7,1856640,65671800,47446566.7,2491470,1180827.5,2842035,740277.8,2580332.5,988968.5,587164.8,858312.2,4256835,1870702.5,2039195,676950.2,3094927.5,959784.8,6674195,1011155.5,1170029,1007362.3
"P35917",1290930,37635.7313,60202.3215,126502.6667,258331.25,44789.4647,396575.5,1392372.5,709650.5,680816.75,452.7715,139904.6052,93310.525,272499.25,266198.5,248814.25,1377610,86292.4,34962.1696,103373.4436,429159.25,274078.6667
"P35951",8945523.3,1080455,859255.8,836364,1023649.2,198246.2,790802.8,28715850,1774710,710500,585877.2,1169465,343209.2,818604.2,1973707.5,8736265,592669.8,5453590,720448.2,851751,448839.5,558958.3
"P36371",7707413.3,6312632.5,419201.5,1639536.7,11393775,869288.2,2102067.5,4026432.5,7336802.5,22404575,286748.8,1825427.5,1267382.5,23339925,5522752.5,18302075,36921650,2789502.5,798601.8,44658150,1418782.5,2480180
"P36895",293888.7,232863.5,414535.8,584392,960880,286172.2,379594.5,119232.7,434422.5,358868,151710,198634.5,580929.8,432138.5,350172,393159.8,328626.5,289038.8,235455.8,479465.8,245333,472346.7
"P37040",94866500,95251075,21804850,36977333,141031000,9511068,107897000,92242700,91369425,78683650,7482928,21001750,13362825,124051000,18552750,102770350,23811825,18081550,13153400,29787650,7280135,36059067
"P40240",17996967,6766608,17930658,18046633,26443850,4360262,11543850,3454878,39363475,19462775,4548880,7794218,46454225,15746325,46489050,18151425,34208975,13945650,3543015,17295800,28424600,59520900
"P41272",452.7715,452.7715,452.7715,452.7715,24989.365,452.7715,530000.9094,452.7715,145682.75,735557.75,452.7715,85338.45,188528.3764,708590.25,86848.1227,29015.9645,1139332.5,452.7715,100228.6839,5675462.5,452.7715,160229.1
"P41588",53381.1,452.7715,232339.75,2886986.6667,70172.375,53655.896,452.7715,452.7715,1212262.5,184043.5,57952.775,2766270,213798.25,28516.4989,126717.75,375948.75,162751,609057.75,452.7715,51376.775,253991.75,64544.2333
"P41593",81964.6333,69860.5851,452.7715,452.7715,452.7715,452.7715,2076105,194739.75,452.7715,36512.3955,452.7715,452.7715,452.7715,26036.8688,55293.3704,452.7715,51168.925,452.7715,452.7715,452.7715,452.7715,452.7715
"P41731",1529413.3,767280.2,274071,2279266.7,2234170,695510.2,3040732.5,301291.7,1482740,1536852.5,788579.2,3992095,1172442.5,3021905,6034975,1342302.5,959362,1496480,304252.5,941379.8,853582.2,2280243.3
"P43023",225454,6371422,452.7715,583409.3,198363.8,14220380,452.7715,934417.8,1407140,264646.5,3532435,452.7715,2303560,3039065,6189390,452.7715,209567.5,172302,452.7715,692100.5,8011072,740171
"P43117",452.7715,452.7715,452.7715,452.7715,452.7715,452.7715,167106,452.7715,173934,452.7715,452.7715,452.7715,452.7715,452.7715,147737.5,452.7715,452.7715,43765.9361,452.7715,452.7715,297935.75,81790
"P43252",279909.6667,260514.75,51896.2257,97901.4333,345380.25,174652.75,222669.25,54600.8954,326072.25,575745,150036.5086,154954,172826.5,660323,306394.25,81770.275,2833790,93676.85,452.7715,723259.5,140179.875,213322.3333
"P43406",17340600,5508945,8261660,62946900,13010250,4181918,10961075,10048600,11321925,10030198,6372788,2868182,11203375,11214025,21277400,14175875,10955478,12177250,9037495,8559252,7135478,18194967
"P43407",419273.33,301449,413774.5,404604,561181.25,319339.5,1992737.5,958597.25,422301,257609,227836.5,309653.25,571281.25,395157.5,804035.75,408685.75,211806,273337,69783.53,251409.25,368369.5,699478.33
"P46096",13533433.3,3718797.5,67526975,111950000,457803.2,1405070,928787.5,1360597.5,360095.2,778917.8,395631.2,560280,1555100,799512.8,418466.2,1500222.5,1265679.8,1249807.5,231930,2328095,619992.2,1727226.7
"P47740",16470100,16437900,11842575,47373967,17067900,5230310,68033450,67745525,23398200,13618225,2722022,32862125,18773700,17742075,14467025,53219900,21348150,19881350,8723785,41881700,5965682,20120300
"P47743",226311.3333,452.7715,199195.75,79613.4667,58945.2206,54286.3333,38650.3979,684195.75,452.7715,452.7715,452.7715,83813.3838,439338.75,35456.1164,100327.5804,79995.7651,452.7715,452.7715,91339.125,37215.225,452.7715,161704.8004
"P47746",44042.6513,452.7715,2629215,141826.2667,452.7715,452.7715,452.7715,452.7715,452.7715,452.7715,452.7715,452.7715,452.7715,79227.0138,452.7715,58096.175,38747.7253,18745.9,452.7715,452.7715,452.7715,53545.7181
"P47750",128865.3333,211981.8664,452.7715,1079966.6667,1276740,60185.1754,452.7715,452.7715,452.7715,448287,452.7715,452.7715,2294072.6855,560345.5,452.7715,452.7715,452.7715,452.7715,6507858.4633,300226.7051,452.7715,452.7715
"P47801",33851.4615,452.7715,452.7715,452.7715,338468.5,452.7715,452.7715,452.7715,293157,116332,452.7715,39692.8,95634.066,32835.4053,266224.25,452.7715,16152.7667,452.7715,452.7715,42774.0916,452.7715,62290.2
"P47936",92839.3,452.7715,452.7715,45529.4565,47013.8291,452.7715,36285.0642,118719.2,173192,252538,452.7715,452.7715,452.7715,219952.25,452.7715,23796.139,732793.25,452.7715,452.7715,320627.5,452.7715,452.7715
"P48302",1522720,418011.5,926970,654170.3,640384.5,981547.6,1624347.5,920987,3664587.5,374100.2,277039.1,77755.6,502105.2,1032432.5,1095042.5,300461.5,415053.5,335354,264303.1,237041.5,541170,324830.3
"P48410",6867873.3,2508457.5,553394.8,1299556.7,2366130,3225105,2651042.5,1087288.2,3704542.5,5938207.5,879516.8,712054.2,309525,6836897.5,1238322.5,4332977.5,11709675,545793.5,1708640,11367975,4790300,1152083.3
"P48771",209066000,71505975,46921150,67440867,93645825,57007475,171825750,67796878,14770095,837628,37542100,76409000,19675025,138039500,14277725,31941002,27102525,12759940,19133220,46710900,25406200,61236507
"P48962",68662500,186093000,63961800,124122333,63133575,1056964000,40553975,13809200,42911075,42761025,687556750,13186148,143248500,84858475,163268000,33943825,16792225,29165400,7737822,30152425,596930750,46722433
"P49070",3510753.3,2478975,3335670,5711583.3,4789882.5,973842,1553642.5,783014.5,909540.5,2304535,1174410,1822847.5,1204087.5,2851520,836837.2,768374,1454315,614128.5,2325007.5,1756220,498834.8,1719516.7
"P49769",8172103,9877370,6562100,4726707,11920650,3863035,10455720,9220115,7148198,8514100,4154085,8522702,5860318,12433925,7568278,11309725,14213375,4068742,5750090,13175425,3746958,6388143
"P51675",146394.6667,92677.875,452.7715,36530.2543,509013.25,452.7715,452.7715,452.7715,232413,332596,18697.019,170622.7151,134347.75,522191,499301,321611.5,149904.65,80980.225,452.7715,351994.75,242696.8801,88525.9667
"P51678",452.7715,452.7715,452.7715,452.7715,127163.5527,452.7715,452.7715,452.7715,452.7715,72837.5112,452.7715,452.7715,452.7715,248673.25,83595.9959,110915.775,4676920,452.7715,452.7715,246242.25,452.7715,452.7715
"P51682",116871.3333,151267,248007.75,27576.2409,474946,137116.6514,144043.1,111959.0438,197202.25,390370.75,452.7715,92039.875,120783.5,884542,291473.5,139568.75,588528,80600.265,35330.85,322652.75,48719.9119,59851.3
"P51683",394334.6667,594761.25,452.7715,97945.5924,2221312.5,452.7715,494513.5,148208.9336,1060590.75,1065990.75,452.7715,452.7715,445511.5,2517512.5,1555515,178452.25,2018957.5,189004.5,75907.3426,1111506,557274.5,618351
"P51830",3966506.7,3435192.5,8019210,1011500,1086965,1425755,1229445,1006160.8,1840670,833334.8,1314522.5,3215117.5,1729760,1305947.5,753902.2,1803265,2079800,651302,1442945,964966.5,1072700,1345303.3
"P52194",265994.3,452.7715,3576962,653748.7,969567.2,452.7715,452.7715,744989.4,3550554,1917967,374638.8,8703440,1139665,188015.9,1908466,16194500,174224.1,2191452,22185080,153193.6,1009772,452.7715
"P52795",4894170,1238930,1589757.5,1574063.3,2761192.5,591258.8,1500655,1480182.5,6149937.5,1571007.5,350905,1108114.2,2175607.5,1301085,2176697.5,2589487.5,2498787.5,610273.2,2463430,1347912.5,1024049.5,2559460
"P52800",111564.0667,452.7715,677380,323937,54141.952,43490.7781,130136.75,452.7715,475949.75,62544.225,452.7715,72206.6,222705.75,77579.235,610443,250828.5,170294.25,63746.525,69142.875,171120,841789.0485,260843.6667
"P54761",6799010,1683347.5,1087172.5,1486710,3964242.5,1939900,6671040,4209982.5,6114722.5,2833507.5,685194.8,1735090,4532150,2884327.5,2673357.5,5193822.5,4900720,1360795,804722.8,2793197.5,3965337.5,4295223.3
"P54830",55114.0645,452.7715,5388727.5,528394,452.7715,452.7715,452.7715,452.7715,86886.0942,115104.1644,452.7715,452.7715,558071.7503,452.7715,452.7715,452.7715,42834.3865,561647.3437,452.7715,28763.537,452.7715,210965.2105
"P55086",452.7715,452.7715,452.7715,452.7715,452.7715,452.7715,439826,452.7715,103271.475,88629.7,452.7715,96335.525,454474.75,60738.825,176875.75,442849.5,101947.325,241862.5,452.7715,282636.25,30715.7933,179219
"P55096",39624033,23009250,11588550,35133967,17448300,10742422,99357950,48863225,27722625,20514050,1051399,4951568,2956990,19859950,8564072,31342425,9840888,23592225,15145100,19996950,8541795,37531400
"P55284",1266186.67,896320,222931.5,128101.61,1033597.5,637178.75,351676.5,867366.25,7777890,886379.25,299753.75,149395.5,279502.5,759379.5,371170.5,99088.27,2099087.5,239626.5,284976.25,224925.25,889928.5,352970.33
"P55850",452.7715,26190.352,452.7715,98534.8721,452.7715,452.7715,452.7715,452.7715,452.7715,419955,452.7715,452.7715,452.7715,163947,1955725,877466.75,286144.25,51273.85,452.7715,2275090,1246680,452.7715
"P56135",95192467,97322900,32654175,56592933,65871675,273467575,98995075,147222750,36436600,74965225,190690000,35603725,112483000,117731000,84554450,42220175,22937225,44791050,5789608,19608775,365661750,48767800
"P56393",1447763,14354280,364481.5,310164,2383462,26905200,1643480,3533548,1589322,3462980,7371445,1058344,144745.2,2536770,4089242,1176390,437578.5,2098452,452.7715,462719,4222510,468862
"P56395",36610933,67439950,5422265,11776767,156056000,9591715,94763725,208253500,40476675,62329800,8601635,87433625,22423775,59249400,25073700,46887400,7932160,6688490,6488960,14022800,8452360,15867167
"P56400",1028322,1160668,452.7715,655855,766591.5,1681875,407932.2,1219630,5203148,239882.5,111776.2,99925.73,372653.2,1266988,4813512,452.7715,40369950,154465.2,792428.2,516346.8,1540088,385238.3
"P56402",49216.47,452.7715,452.7715,232901,452.7715,452.7715,24043540,452.7715,452.7715,452.7715,452.7715,452.7715,334923.8,452.7715,452.7715,452.7715,45597.88,452.7715,235241.2,452.7715,452.7715,98667.7
"P56484",452.7715,452.7715,452.7715,452.7715,452.7715,452.7715,452.7715,452.7715,452.7715,452.7715,452.7715,452.7715,16274.5835,452.7715,452.7715,452.7715,80929.75,7514.7735,452.7715,658575.75,452.7715,452.7715
"P56485",180617.3333,181262.75,32884.35,183321,153299.5,249638.25,240548.5,452.7715,135514.25,49694.284,452.7715,19861.7047,136097.25,178933,159644.75,61036.2,754335,51116.9,43927.375,38086.85,147589.75,103523.9667
"P56528",27046967,11870075,5563292,1376267,17579150,4156160,17821125,41269875,27315000,24097050,5465172,2186678,10224045,26844025,13007300,33926850,56001175,3079505,1193192,10103118,4387802,3963560
"P56677",655829.3,40579.91,93036.54,410983,507316.5,452.7715,8592392,126562,1152590,1118812,452.7715,3450500,10415100,648731.8,1027032,19650100,2342905,5025930,164682.5,4270892,323521.5,6971597
"P56695",5852366.7,4370522.5,14517150,16039166.7,2838800,12521550,3091727.5,2442287.5,2996212.5,2449627.5,20828350,8099477.5,3754662.5,3718377.5,2950455,7302580,1717240,2876495,815946.5,1564735,7798910,6382176.7
"P56726",584004.6667,169058.025,297573.75,349221.3333,449564.5,83698.3657,488150.5,452.7715,239066.25,243468,452.7715,112449.75,184713.75,428639.5,606396.25,142490.75,298383.25,120274.25,111733,1328117.5,452.7715,415366.3333
"P56857",452.7715,452.7715,452.7715,452.7715,452.7715,452.7715,452.7715,452.7715,4746447.5,358318.2614,452.7715,452.7715,452.7715,452.7715,808419.5792,669275,452.7715,7510322.5,452.7715,452.7715,452.7715,452.7715
"P57716",26768567,17307100,11121470,17554567,21583350,6258135,15449325,29790400,14963950,15475350,5039980,13821425,23902550,27125050,31229275,31948275,28410900,10633650,15857300,30143500,9627990,17517967
"P58021",19876567,13332000,8415422,27409933,12414475,9696965,19551875,10994358,10958625,14810800,5543282,36859200,43208650,17127175,22450675,67083725,18325450,35649925,7621065,13393475,8919042,23716933
"P58158",5188440,6681717.5,2263510,5492473.3,2176877.5,869058.8,4593727.5,6124145,1123485,1930222.5,1626477.5,1240105,3401005,2353280,2038677.5,2153005,1590110,1767507.5,599216.5,1641292.5,1386977.5,1774380
"P58196",4417856.7,2218815,1371651,1633970,5566187.5,1491345,4392370,2631985,8070365,3396757.5,928373.5,1074925.5,1868580,4967662.5,3957350,2050410,11198735,1850905,748397,1484440,1725420,4917420
"P58659",326116.6667,92409.1884,75281.7443,177975.6667,162560,452.7715,72412.6116,69286.7361,172008.75,87666.2,452.7715,48359.0534,474483.75,82498.325,452.7715,452.7715,209522,31936.3,40816.1911,157796.5,25435.3647,194758.3333
"P59041",1373770,4258532.5,584095.66,401392.67,763707.5,4687177.5,396399.5,1041266.5,172358,971251.5,2248297.5,361537.25,968599.25,1276100,297644.75,304553,213331.75,235928,50801.62,153732.5,6627670,334906.67
"P59268",104123.7333,54598.9209,389543.5,245049.6667,207821.1442,77090.5729,291096,255774.5,140683.5,108624.2,452.7715,54443.0785,129316.4923,102893.3,300775,871688.75,252201.75,408215.25,167634.5,241345.5,113913.3151,251485
"P60202",2117276.7,4269977.5,70668875,16581666.7,548117,659034.8,347642.2,187487.8,1501225,384670.5,1688872.5,624504.8,6037770,5350955,7671240,839122.2,1248834,559984,1906662.5,647367.2,6196207.5,1000252
"P61014",452.7715,1331070,61572.28,47530.43,182199.2,1476468000,205050.5,109903.8,3327215,706821.2,143553.2,76308.07,129102.2,82680.57,600910.2,2972088,154934.8,4315540,1368738,484116.8,433826,45031.42
"P61166",7894797,4645535,2915608,5759933,5265342,896134.2,9079455,14687080,3104242,5393030,3056625,452.7715,6186798,8781665,9079635,11639480,9825680,3604605,7275545,7621070,1214348,3201947
"P61620",22260900,20209850,6657688,18955167,25734925,4794850,26925900,20727500,18704075,22237550,1953898,360923000,13126650,19631800,25984500,56653200,22635950,21189775,8243228,29244075,4382368,9977563
"P61793",3200843.3,1637247.5,2697782.5,2245216.7,5750335,1293190,2112130,785177.2,4058682.5,5404740,1400490,1176697.5,6806967.5,6988122.5,13901400,5649185,10867382.5,3097540,1866482.5,6444140,5905395,8628150
"P61804",13404567,14359475,3807062,10541827,25813800,3665145,23402200,16516900,9997252,13840425,9191418,96473675,18989450,14868050,15282925,18641975,11552625,7206962,14416300,15120925,3078330,7270947
"P62812",154503.8011,347796.1084,9089080,1678356.6667,452.7715,452.7715,452.7715,452.7715,452.7715,452.7715,452.7715,452.7715,452.7715,452.7715,452.7715,452.7715,74949.6509,104583.4317,452.7715,545312.062,452.7715,10727.2833
"P63024",30764567,28584450,9197128,11438000,47430850,16748075,21205448,25437425,17277300,23385575,15734830,21173375,10113625,29360700,13927925,27900175,7235015,14933910,12153315,12924825,16054700,12538847
"P63082",19644933,11686118,73738075,38926300,15493800,5175062,70460100,21242325,12860100,15901950,2704318,12234525,8648558,21191800,24860125,15916750,22325250,12867375,5650845,19723325,5538448,7600267
"P63141",81707.1667,162921,4704327.5,1026263,100368.0424,44917.5119,452.7715,452.7715,196239.475,174985.3819,452.7715,452.7715,201736,226927.75,315464,106458.175,584876.5,88170.45,452.7715,622170,361064.437,109454
"P70126",65761.3667,43249.4892,356559.25,179664,452.7715,452.7715,452.7715,452.7715,452.7715,452.7715,568765.5,452.7715,452.7715,452.7715,83459.8,452.7715,452.7715,452.7715,452.7715,452.7715,61536.225,452.7715
"P70174",41448.6667,21965.1143,573374,452.7715,107001.5,72454.6819,452.7715,452.7715,452.7715,64056.65,452.7715,352926.5657,452.7715,247578.75,82209.35,31792.95,148653.5,452.7715,9065.3769,41777.975,52088.3645,21943.0391
"P70193",246941.3,497390.5,890344.5,374757,856081.8,375371.8,145851.8,394168.8,108819.2,470963.2,1987632.5,247229.5,102800.1,663146.8,875424.5,641420.2,203190,537901,121028.2,654549.2,391900.5,145839.7
"P70205",1383906.6667,532416.5,6170080,456988,287129.5,148211.375,115488.1949,155556.7,95950.625,391327.75,395802.0993,325468.25,539953.25,507468.5,645699.5,184206.25,63469.825,317026.25,452.7715,296457,583090.5,521360.6667
"P70206",3715116.7,4623417.5,6456160,3254063.3,4460352.5,1025955.5,1447172.5,380129,4791425,2382735,1096792.5,720869.5,1691885,3867120,2866337.5,1356035,3695340,490613,4322752.5,4143970,1733765,3236833.3
"P70227",1372370,451925.5,542353.8,1254140,889643,402793.2,1188375,643268.5,4881375,4391052.5,1531404.8,5247067.5,1807882.5,2329517.5,3242585,9751807.5,12662650,11997225,1158582.5,11681750,1261080,3887530
"P70245",7217880,13485675,1406025,7228390,19041375,2432862,24685925,42753500,8522042,11141250,1941790,8793092,9001692,10167688,12201175,21111875,6125632,4653842,7885252,7093388,3130992,3946987
"P70263",452.7715,452.7715,145188.15,452.7715,48482.5658,452.7715,452.7715,452.7715,452.7715,452.7715,452.7715,452.7715,41132.8151,452.7715,131030.95,102076.2,452.7715,19182.415,452.7715,121803.25,452.7715,452.7715
"P70302",12461867,30796750,5939458,9574710,17690225,1774065,1703060,8313150,5386352,9819940,41327425,7942865,7505782,10602250,3804985,8925180,11467275,3854690,12207400,14605850,9383250,6276310
"P70387",2971016.7,2101895,502863.5,979709,7728035,1293120,1313682.5,5408092.5,3194005,4433272.5,846122.5,535038.2,1281682.5,7147672.5,6311715,1320187.5,8210535,636425.5,2065852.5,2037992.5,1759682.5,1744133.3
"P70423",452.7715,595175.6004,1551220,575582.6667,452.7715,452.7715,452.7715,452.7715,452.7715,48341.5352,452.7715,2058350,157631.9391,452.7715,452.7715,168150.25,192278.147,131395.5,452.7715,79351.181,452.7715,98817.2333
"P70424",686786.3,185341.5,242527,793275,764639.5,237569.5,2714802.5,219280.5,1114822.5,584522,122787.2,397029.8,2409197.5,564893.2,2598430,5943905,1282600,1859345,167743,1151240,833721.5,4587336.7
"P70452",12405367,10453182,2450125,4567743,19623250,5161540,9517360,8218582,7555995,12383025,18547150,4615732,12622875,15497175,7699240,10644125,15406000,5757705,3835912,13824275,9430882,9672973
"P70669",44213.2561,452.7715,60089.025,340489,452.7715,185951.051,326068.7795,452.7715,707845.25,83566.75,452.7715,452.7715,61200.3182,45443.0502,452.7715,250058.3826,1155510.5764,91323.0342,138862.8959,354237.25,307694,107311.7011
"P82349",4086563.3,12139900,709854.5,622916.3,25326150,17928300,608592.5,1307190,3020527.5,11500950,15918825,800164.8,2417577.5,12368625,23828125,4534222.5,7366067.5,3835087.5,767375.2,1409437.5,5323892.5,2912513.3
"P82350",58212.53,1050082,452.7715,203482,452.7715,20938200,452.7715,213568.5,251022.5,286059.9,26022850,452.7715,654811.5,1031592,27517450,146954.4,118318.7,224841.5,452.7715,179568.5,8141878,211212.3
"P83093",696899,513541.8,2348755,2087106.7,478069,188253,627176.5,1205157.5,1118610,817502.8,840753.8,1533982.5,266830.5,815004.5,304056.5,1401427.5,1544552.5,770411.8,587776,1947987.5,160223.8,329190.3
"P97295",359820,452.7715,298378.25,452.7715,45125.9217,452.7715,452.7715,452.7715,452.7715,452.7715,452.7715,452.7715,316703.4917,452.7715,64456.6106,452.7715,452.7715,54023.6468,452.7715,452.7715,452.7715,452.7715
"P97300",36609467,18263500,152127000,58148033,64670975,8568095,22564875,15981650,21685825,25593975,38876700,9988260,41866300,31153325,49229950,41441725,17312800,20411525,10293568,25609400,16751175,29456500
"P97333",4062910,6806980,1918365,628741.7,5964142.5,3060010,3710137.5,1393732.5,15224550,4058692.5,702113.2,1228162.5,1360755,6877647.5,2814125,1278470,3755202.5,958259.8,796175.5,5059575,2216827.5,1258676.7
"P97363",3380150,542989,619703.2,1093797.7,1044429.2,215092.2,4614847.5,745721,2661685,1569912.5,147585.3,1026890,544945.8,1375115,1677110,9283905,2807167.5,2913845,1112237.5,2169522.5,393169.8,1633500
"P97370",31818467,19189875,14515725,28287367,18837625,6959775,9006375,9380378,12185950,15005275,2579325,18217600,20416475,18306125,37099125,9403195,21016800,4468365,13244925,35241650,8316828,30308567
"P97414",584407.3333,452.7715,1612793.7386,815062.3333,187037.3179,1782572.5,1263515,176912.1586,376103.75,86449.6321,452.7715,3140765,350510.25,121857.225,179102.75,1891140,246413.5,9796052.5,452.7715,122575.4,2394831.002,452.7715
"P97441",452.7715,452.7715,7764125,573217.3333,287246,452.7715,452.7715,452.7715,452.7715,33454.7588,452.7715,452.7715,452.7715,452.7715,452.7715,452.7715,45787.1576,452.7715,466959.5,30242.7286,452.7715,452.7715
"P97449",30189767,18605900,8788995,15283867,35157225,9511130,121588000,28873800,23445175,43517875,8944220,32440000,50235400,45362025,71018725,313733000,27862025,16573600,2713872,37962025,39028325,47991133
"P97468",946605,697115.75,452.7715,155934.6667,5761735,489357,256163.75,191007.75,2410060,2954032.5,441356.75,5068850,1037543.75,3809867.5,1371772.5,176076.75,1232755,227421.5,151501,870028.25,1167880,665058.6667
"P97718",145947.3333,897414.5,526564.75,33726.8,153905,57937.05,203573.5,452.7715,230886.25,40170.9564,452.7715,452.7715,171252,152151.25,93538.975,452.7715,452.7715,452.7715,452.7715,286266,452.7715,37677.7333
"P97742",41020133,3234770,2245935,14288533,8234258,12706350,62760325,29251075,8824770,8591168,1034525,4846392,8522912,12041875,12796650,14416025,7676098,10016920,7170690,6834745,4794000,11752667
"P97751",452.7715,452.7715,61106.5737,452.7715,452.7715,452.7715,452.7715,560467.5,15762.1751,116246.225,452.7715,171155.25,147741,231248.5051,18659.8886,807171.5,194241.75,452.7715,35041.6252,73234.125,452.7715,32374.3059
"P97772",28409.6145,452.7715,2635745,720353.3333,452.7715,48029.3503,452.7715,452.7715,45414.975,17036.0336,452.7715,71131.6981,32798.7311,59540.4111,370377.25,452.7715,452.7715,87446.6574,68991.325,45058.5,162528.5583,2084060.5333
"P97793",157581.9733,434234,130762.25,84811.2333,237650.8937,228057.7371,452.7715,226890.6982,26693.8277,247600.3692,452.7715,452.7715,5321.6071,201004.5307,40052.816,13939.053,46713.225,16851.5375,28458.6029,113119.597,452.7715,148385.1965
"P97799",642408.3333,225072,2582520,235375.6667,452.7715,80664.625,63340.8809,452.7715,452.7715,67365.5406,3050737.4277,452.7715,152955.4635,30558.9265,452.7715,222303,68427.425,308883.5,452.7715,452.7715,452.7715,154179.5215
"P97926",104456.098,452.7715,75095.45,452.7715,474140,452.7715,452.7715,452.7715,452.7715,50786.175,452.7715,452.7715,452.7715,452.7715,27429.6761,452.7715,452.7715,452.7715,165567.25,452.7715,452.7715,452.7715
"P98191",126399.7,259284,3426838,13302330,343735.8,452.7715,1600548,452.7715,958514.8,136116.5,452.7715,105166.8,5881812,110167.4,1154708,9616240,148652.8,1098546,4753085,4033678,159461.8,11629930
"P98197",6551863.3,1528250,1908350,11388266.7,7812520,3461317.5,63713125,1302577.5,12562325,3038095,1752267.5,1432792.5,7395157.5,5675655,4214485,705167.5,3903710,892843,3132452.5,4886812.5,2497062.5,5740916.7
"Q00560",2106613.3,1094136.8,1083394.8,2021206.7,3625465,1050567.5,1157335,2574302.5,2548100,2887270,1171142.5,1353497.5,1388242.5,3190390,2771820,826059.2,3287802.5,683566.8,526462,3080412.5,1972825,2285633.3
"Q00977",452.7715,452.7715,83920.4028,452.7715,452.7715,452.7715,154404,330792.75,452.7715,452.7715,452.7715,269505.5,35014.0551,452.7715,155670.625,16385.397,452.7715,452.7715,452.7715,452.7715,39790.6228,97618.8368
"Q00993",2054530,1150555,989972.5,1094180,2173155,982421.2,1398352.5,988289.8,2331132.5,2525672.5,699678.2,815889.5,1883500,5213140,2199382.5,976456.2,15504200,1101045,2216107.5,4444262.5,4569237.5,2530880
"Q01237",250106.33,404648.5,339951.75,661456,83958.07,216585.25,840967.5,336689.25,359248.5,182662.5,299183.75,268582.72,115258,137126.42,372123.75,681986.75,153126.75,856546.25,377453.25,281318.5,160795.54,331319
"Q01279",3173503,3754220,2192015,3489177,16252175,1370708,5304728,102308800,3311158,4792025,1922255,2869805,5823455,21259800,20678525,3752010,3143172,3134635,1183022,10825175,6647148,6727703
"Q01815",1235176.6667,452.7715,1773020,312575,452.7715,2933412.5,328169.5268,452.7715,264662,114103.1,464875.4042,61567.2593,246497.75,36827.5856,460652,311258,173106.25,281043.25,452.7715,452.7715,452.7715,234696
"Q01887",130909.6667,27219.7092,52679.0196,102303.3536,90121.1803,42835.8255,150852,452.7715,97801.2,18163.0158,452.7715,452.7715,79406.9093,89086.8144,61312.575,78054.575,165142.75,43378.15,23492.642,48570.5594,452.7715,95707
"Q02242",452.7715,452.7715,452.7715,452.7715,119888.6865,452.7715,452.7715,452.7715,452.7715,315129.25,452.7715,452.7715,452.7715,221970,41707.5,452.7715,763877,452.7715,452.7715,1947402.5,452.7715,452.7715
"Q03145",1876283.3,177425,204975.8,1084753.3,683248.8,179868,654603.5,1064132.5,1772682.5,488673,122093.9,136807.5,431379.5,214557.2,510782,1635102.5,2196940,780949.5,159323.2,364720.5,472415.2,1875720
"Q03146",225463.6667,277123.9779,654508.5,1163726.6667,332662,129296.0696,1554830,98886.6895,288370.5,227999,452.7715,385776.5,589938,226382,546486.5,887565.25,741250.75,505860,230024.75,1331817.5,328242,359142.3333
"Q04573",97022.7308,70363.8571,428303.5,452.7715,452.7715,452.7715,67173.9855,452.7715,85968.45,80697.55,452.7715,452.7715,452.7715,77709.3,48391.0137,452.7715,486547,452.7715,452.7715,79527.375,452.7715,403591.3333
"Q04683",452.7715,452.7715,452.7715,452.7715,452.7715,452.7715,452.7715,452.7715,452.7715,222940,452.7715,452.7715,452.7715,150431.75,452.7715,452.7715,838519.5,452.7715,452.7715,47844.1888,452.7715,452.7715
"Q06335",2395246.7,6982495,3382602.5,4198590,5644752.5,2246720,2235240,2099135,1884080,1938390,2224745,668528.5,960203,3691692.5,1301355,857632.2,974695.5,1395825,3662842.5,1811995,849876.2,1891226.7
"Q07113",11633967,7824900,4790930,4404733,6766280,5843845,15810700,10179775,5210158,7315870,2496742,15079800,4526135,9845315,6987428,9583900,6892178,4705970,3185918,9331335,2806435,5444727
"Q09143",2480723,452.7715,2255588,1599327,679007.8,249263,531516,452.7715,350205.5,1102815,452.7715,17491150,9013245,948337.8,1113119,5715412,2525895,1807355,3469995,5347548,1314160,2056590
"Q0GA42",452.7715,452.7715,3859185,1186040,452.7715,180984.7905,235480.25,452.7715,452.7715,452.7715,452.7715,452.7715,121956.5,452.7715,189545.8383,452.7715,452.7715,16747.9791,463154.75,452.7715,452.7715,22634.6126
"Q0VBU9",34556.8591,452.7715,396071.25,56263.4457,452.7715,452.7715,452.7715,81463.6523,319924.1274,452.7715,452.7715,452.7715,452.7715,452.7715,452.7715,452.7715,104672.0412,452.7715,65968.9398,452.7715,452.7715,452.7715
"Q14BI2",452.7715,51299.97,10950130,1786983,452.7715,452.7715,452.7715,452.7715,33288.67,452.7715,452.7715,452.7715,336647.3,176317.1,452.7715,452.7715,49910.39,452.7715,452.7715,452.7715,452.7715,395985
"Q14CH0",65886.3159,11921.1967,1964475,1172113.3333,52112.5635,774995.5823,452.7715,57768.2074,22097.587,28531.7038,452.7715,252354.2346,72196.5665,138870.5,184680.5,34824.9208,25311.7554,166681.4346,45760.4166,59815.8653,135099.35,98996.8
"Q2HJ10",1008794.3333,452.7715,452.7715,75175.8667,187107.25,452.7715,1159362.5,452.7715,452.7715,452.7715,54773.7283,1723517.5,717424.75,452.7715,39105.656,1086159.5,234553.5,452.7715,1880217.5,245626.75,45181.3066,452.7715
"Q32NY4",2335730,974505.2,1709310,2088510,1691435,432290.5,1586075,578330,1371512.5,1370957.5,185292.5,2012120,1224952.5,1924082.5,850975,783843.8,1884910,571879,672463.2,3558707.5,988399,1546526.7
"Q3KNM2",4944956.7,9946132.5,1115600,4450270,4048310,3683757.5,2639630,2770987.5,990002,2879920,7182467.5,864023.2,1488337.5,4066600,3124935,1685747.5,1101197.5,997336.8,1138592.5,1896535,4501382.5,886990.3
"Q3TA38",2683913.3,7196675,342149,174046.7,7294247.5,212948.8,1115767.8,204942.5,232769.5,8090465,182272,551754,191764,9949970,614539.5,210749,664922.2,141841.5,77560.4,1033833,153038.5,322899.7
"Q3TBT3",751500.3,687104.2,554471.5,510676.7,1397975,427099.8,652077.2,852750.5,2629640,9572237.5,283669.2,1820772.5,1049920,5962770,2351860,2017140,16121100,463580,476520.8,10297850,713287.8,794106.3
"Q3TCT4",302923.33,158881.25,59596.38,258820.33,170638.75,117621.57,463256.25,315954.25,82926.98,188575.75,361948,2875180,1165797.5,230922.25,331106,6340550,319861.5,732307.25,64941.03,286261.75,62203.34,278417
"Q3TD49",154829.3,238637,424949,348254.7,211273.8,127851.8,447138,224961.8,182219.8,177901,190536.2,131166.8,163478.8,209082.5,252342.5,345803,293896.8,184225.8,2875327.5,371516,256405.8,85359.1
"Q3TEW6",296040,163476.8,322258.5,186216.3,159118.5,119720.9,982978,169865.3,385080.8,130226,166237.8,125252.8,431264.8,222072.7,342690.8,339901,877414.2,228311.2,730740.5,147642,178717.5,468338.7
"Q3TNW5",452.7715,452.7715,452.7715,452.7715,1007584.7247,421771.2877,452.7715,452.7715,37266.4,191526.25,452.7715,452.7715,452.7715,1805278.0178,112811.775,1224375,79069.2502,2037097,1121478.3066,2260284.0959,338698.7008,302868.4888
"Q3TP92",1816163.3,1779485,723278,1543983.3,1289275,934298.5,1327822.5,700662.2,881204.8,1030890.2,615379.8,1253950,597534.8,1260365,1046988.5,2638877.5,1345747.5,602240.2,863476.8,1942327.5,955101.2,509863
"Q3TRM4",4794336.7,4124937.5,4415125,6656943.3,2563317.5,373044.5,9568255,1599510,2761842.5,2547062.5,1692514.8,1920075,544544.8,3228117.5,438426.5,4811805,1915537.5,1806265,1500112.5,1761142.5,402223.2,3115626.7
"Q3TUA9",882768.7,325535.8,878615,1090403.3,339207.5,277763.2,386295.5,361858,351926.8,367129.8,1016442.5,312603.8,528932.5,444017.2,646991.8,481705.5,717366.5,424770.5,411481.2,627639.5,319534.8,533649.3
"Q3TXX3",746597.7,736852.8,1539322.5,2386323.3,578487.5,245490.5,641335.5,424797.2,573293.2,629387.8,182170.5,664410,167264.2,595116.2,349789.8,1088472,1309322.5,359737,634168,1654517.5,173536.5,442093.7
"Q3TYX2",2154980,2938720,200210.8,3484546.7,13359425,1022459.5,487135.5,265712.8,796453.2,6843615,3821552.5,1129385,5641180,20682050,12497050,440002.2,396442.8,403529.5,540322,2292917.5,6035807.5,7179236.7
"Q3TZM9",2430790,1113855,2072715,5069803.3,2669352.5,494431.5,3773522.5,2080382.5,1452945,2093392.5,264235.2,12598325,2040422.5,2320960,1110027.5,3855990,2179337.5,1401912.5,2312887.5,2039902.5,693816.8,2736473.3
"Q3U0Y2",750982.6667,1531670,26220.0184,1149252.3333,876832,16306.9353,620279.5,379844.4889,415937,672077,33064.5363,3362937.5,830232.5,388891.5,286825.25,612226,199732,268622.75,1043023.75,406067.75,452.7715,409839.3333
"Q3U1F9",448536.7,273817.2,1254227.5,1238190,274322.5,171620.2,143980,339273.8,2460617.5,1637285,158938.8,768673.2,424136.2,1515850,170860.8,168538.8,4411072.5,315329.5,1018612,8361917.5,139718,862262.7
"Q3U1J0",322091.7,501541,179335.5,122317.6,358241.8,52770.82,452.7715,452.7715,351175.2,546349.5,452.7715,30921420,147982.2,452.7715,452.7715,2766405,1971734,639547.2,1277025,23985400,452.7715,241904
"Q3U1N2",442316.3333,31198.5197,674148,840421,62939.675,452.7715,219121.75,146574.625,245275,197567.75,452.7715,70599.075,234926,123907.75,137074.25,368530,647032.25,357255.5,365238,862427.75,86524.8897,636329.6667
"Q3U284",2052400,856028.5,908509,2551093.3,2047585,249130.2,3043562.5,339392.1,1284755,1108055,290610.5,1062402.5,1665820,1028820,1120867.5,706247.5,1184462.5,607206.8,1610330,1177602.5,436913.5,669831
"Q3U2C5",378538.3333,276755.75,309004.25,188246.3333,432107.5,452.7715,797426.25,1732872.5,167050,232829.25,133388.5,707840.75,1894282.5,312795,431375.5,543184.75,528012.75,1060687.5,238781.75,566334.75,64549.2366,338437
"Q3U2S8",95109.7667,106553.35,105765.9555,107585.5,850566.5,452.7715,130644.1,146778.25,502153.5,1520935,452.7715,75973.65,70636.95,1402890,370290,576406,4701042.5,65345.325,64685.775,1882777.5,452.7715,58319.2667
"Q3U9G9",1988643.3,1019360.5,859795.5,2970986.7,2139055,1334232.5,3685462.5,1722077.5,3961665,5561552.5,869175.2,5471545,614123.2,4402305,1169041.5,4006245,9199110,2594720,5292557.5,10712250,1941922.5,1685806.7
"Q3UBX0",48403900,81460200,6351342,11187640,120950500,30924525,21869950,19443975,32310875,46523025,158960000,70704775,29356400,44508575,57134100,12601850,16428825,7489785,9062420,11526140,10910525,18528667
"Q3UDR8",7283837,7267215,1797352,6817170,3448092,2388755,6466520,12175175,2226608,3420605,2600312,11651842,11705575,5193198,5663872,14566650,5359968,6153925,1339998,3841475,2514620,5492900
"Q3UFJ6",452.7715,452.7715,452.7715,539509.3333,452.7715,452.7715,620220.25,215582.25,184768.75,452.7715,452.7715,1790322.5,335150.25,452.7715,355367,1966282.5,452.7715,1644020,2542457.5,163245.125,66024.5446,1026016
"Q3UHH8",380828.3333,225212.25,107593.5473,247977.6667,197550.75,452.7715,227781,510140.25,285432.5,219010.5,53976.9875,232877,570057,249023.25,215697.25,462164,325435.75,809387.75,667770.5,244285.25,138225.75,268600
"Q3UHK6",496708.6667,851689,1968202.5,1194953.3333,7246692.5,655501.2493,120989,452.7715,165941.2615,2026627.5,452.7715,56557.3786,70352.5,2588422.5,332638,71463.3587,283267.5,51061.025,102464.525,649683.25,201689.8709,88185.6667
"Q3UIU2",15266700,68562475,5269387.5,5638723.3,15632400,172437250,8877217.5,20805875,3844685,17416775,75600625,24162675,9401185,20247025,24182800,5841017.5,2331190,11593865,958493.8,2858870,106954225,3586963.3
"Q3UJU9",15773767,37910575,2841555,10558400,11721725,5063098,4912695,9142218,2822212,11824125,1266770,3248235,3771275,15789700,648689,1358140,2028125,1489822,1139585,3981552,1003684,4063380
"Q3ULF4",2699453.3,4366500,316467.8,1092233.3,1103845,5537852.5,930462.5,1392307.5,367646.5,1235382.5,2062107.5,331031.2,1066727.5,1733807.5,608914,373336.8,430325.8,534940.5,292761.2,377064.2,4607512.5,586239.7
"Q3UMR5",15776367,7589518,2065460,5940367,3925158,3992008,1856708,3012890,4755468,3814732,12437575,2310568,9898592,6755195,14448950,7199805,2644128,6058028,415220,1602062,67776275,16944067
"Q3UN02",7164123,5918888,4406752,5798067,5675812,10390645,17879175,6362592,4228798,4343780,1439635,8147045,2656238,5227088,3710420,22191775,6388210,2475930,4120215,4839682,1377560,1963343
"Q3UN04",1358453.3333,519877,173890.25,616722.3333,537820.25,188665.25,262480,224645.5,437484.5,444308.75,452.7715,229511.5,204219.25,712667.5,117216.4,130145.25,292431.5,112152.075,315629,304030.25,375658.5193,251673.6667
"Q3UVD5",452.7715,98003.8,53088.2768,452.7715,452.7715,88765.775,452.7715,452.7715,37803.1407,452.7715,452.7715,452.7715,452.7715,452.7715,17602.7523,452.7715,21316.9463,452.7715,452.7715,138902.1761,452.7715,452.7715
"Q3UVK0",25165967,18237175,5315328,22473567,46620425,1592665,8410522,5478315,3274362,21132925,3474130,2361325,5309635,29042025,11749875,11739125,9690275,14792825,4271905,9614332,2057112,64929967
"Q3V0J1",637283.33,81955.18,744699.5,3209566.67,499225,53210.66,366029.25,76474.43,478321.75,233959,23956.42,11816.16,268377.25,141304.5,20295.71,85403.45,252476,61929,1357182.5,431842.25,148586.65,289443.67
"Q3V209",431734.6667,296631,259224,415033,280662,149536.8322,336387,444114,199087,330622.5,117334.8,523826.25,324163,381376,452.7715,500970.25,323763.25,202582.5,223198.25,333836.75,48974.676,108511.1333
"Q3V3Z3",452.7715,452.7715,452.7715,452.7715,452.7715,452.7715,452.7715,452.7715,452.7715,49625.65,452.7715,452.7715,452.7715,82685.95,452.7715,29462.2235,118008.775,452.7715,452.7715,84500.675,452.7715,452.7715
"Q497J1",452.7715,452.7715,452.7715,452.7715,452.7715,452.7715,325155,4316485,452.7715,487365.8564,452.7715,452.7715,452.7715,452.7715,452.7715,3580547.5,125270.125,452.7715,130403,452.7715,452.7715,452.7715
"Q4FZC9",327155.6667,244984,228199.89,785227.6667,167639.75,243667.75,43987.323,197641.9106,109928.95,343958.25,134496.7,217725.5,452.7715,325183,724951.25,159516.4887,513601.75,160875.5,828453.5,572099,452.7715,240409.6667
"Q4KL25",292226,452.7715,125875.325,452.7715,452.7715,452.7715,452.7715,452.7715,452.7715,452.7715,452.7715,452.7715,452.7715,18775.0425,452.7715,452.7715,452.7715,94093.625,452.7715,452.7715,452.7715,8545.6444
"Q4PJX1",3127183,4057580,2361308,3809807,5970770,1991958,5154702,3807818,1979900,3392975,960480,11888050,2849585,4368862,411644,2647145,2790158,2324268,1292738,2010812,1479370,2360440
"Q4VAE3",6752413.3,28269375,3158132.5,7400683.3,5303350,61575125,1946607.5,589771.5,2963097.5,4086160,59717625,1109766.8,6644097.5,7607645,7610967.5,1334195,2027165,729873,498019,1555887.5,63252200,1450520
"Q52KR2",299757.33,131759.75,342371.75,506267.33,195265.25,300188.85,177652.75,121314.71,140907.75,131553.25,117157.18,85104.5,94877.02,167409,241185,228004.25,283732.25,99987.88,266971.5,366746,151044,97587.1
"Q5HZJ5",452.7715,452.7715,121429.8877,452.7715,452.7715,452.7715,452.7715,452.7715,452.7715,452.7715,452.7715,22775.3,19144.0088,26039.0111,36349.475,452.7715,30588.9,452.7715,452.7715,62447.5,452.7715,32877.5
"Q5IRJ6",4868600,3580960,746669.2,3479036.7,1421665,9891845,1330950,793221.2,795495.8,1039685,2468195,438865.5,1079573.2,1971415,505236.8,323089.5,305711.2,479282,419887.5,350096,5642957.5,928252.3
"Q5NC32",452.7715,203648.9944,87817.55,172831.3333,235785.75,452.7715,105696.6,243737.8482,1184505.75,452.7715,452.7715,452.7715,107010.35,452.7715,28910.425,452.7715,452.7715,452.7715,49166.625,38275.6163,452.7715,452.7715
"Q5NCE8",977988,3442402.5,218394.25,658924,317345.75,1082282.5,350888.5,53969.72,318450.25,395399,1331405,440672.75,599388.25,556704.25,399508.5,283663.75,189610.25,501131.25,134032.25,266889.5,1532827.5,212278.67
"Q5NCH9",80449.1333,75031.5715,99949.2959,146088,42483.8095,37823.4956,61268.9403,31942.1193,452.7715,35826.461,70443.0225,452.7715,452.7715,59451.6205,53835.2672,452.7715,61475.023,452.7715,452.7715,59032.05,452.7715,452.7715
"Q5RJF7",88114.7488,296471.5569,452.7715,1524566.6667,452.7715,452.7715,427183.3033,452.7715,452.7715,452.7715,452.7715,452.7715,452.7715,452.7715,452.7715,188529.2946,452.7715,452.7715,452.7715,452.7715,452.7715,452.7715
"Q5RL79",483450.7,400260.2,153942.2,328457,1391165,452.7715,1053298,1020235,815830.2,1013234,94938.75,13015850,641132,375946.5,1651050,742394,471318.2,407434.5,619684.8,912147.8,195582.5,249026.7
"Q5SWZ9",64794.4202,367067.75,452.7715,27522.93,452.7715,452.7715,452.7715,91812.9044,452.7715,452.7715,452.7715,15864.0492,452.7715,452.7715,452.7715,23603.3729,452.7715,292528,515791,35157.8702,452.7715,452.7715
"Q5SYH2",1991093.3,2160090,1565152.5,2632713.3,1818850,352261.5,1585505,1633217.5,569975.8,1601492.5,559169.8,2774747.5,748951,1346012.5,313919.5,1342052.5,1073599,647159.8,2632120,1798340,346982.2,1120793.3
"Q5SZV5",65993.9333,452.7715,1029682.5,115471.7667,38976.7457,920906.9332,77062.7239,452.7715,34538.7533,452.7715,452.7715,452.7715,452.7715,452.7715,452.7715,73984.05,318581.7017,452.7715,452.7715,452.7715,452.7715,452.7715
"Q5U431",275130.6667,131908.8445,452.7715,87210.597,1020224,452.7715,993095.5,1428877.5,623650.75,620530.75,50140.4462,1096420,3415145,289397,193299.25,6362322.5,330418.5,1881827.5,433892,216394,452.7715,7656186.6667
"Q5U4D8",2436546.67,2684907.5,2448422.5,7042046.67,6626952.5,507158,3615272.5,640534.75,187515.75,6451037.5,113281.93,597527.5,1660932.5,3492887.5,691784,2800232.5,898007.25,546363.5,641396.25,1504677.5,84599.23,1290723.33
"Q5U4E0",452.7715,452.7715,138100.75,90710.4,452.7715,452.7715,452.7715,452.7715,231992.1913,452.7715,452.7715,452.7715,452.7715,452.7715,452.7715,452.7715,452.7715,452.7715,452.7715,43144.5503,452.7715,452.7715
"Q5XG73",6617707,5055925,2355160,11926533,6583252,1766178,1520205,6351930,2231398,3534208,3615462,2090588,506345,4856272,1432350,1111446,1763645,1895092,2876112,5613135,1029906,2878130
"Q5XJY4",6076316.7,9423240,266546.2,1280620,1904992.5,7634177.5,1707767.5,3140807.5,742882.2,1964392.5,5772272.5,1416372.5,2321050,3166937.5,1483720,724028.5,460972,843078.2,320974,578923,7447107.5,1298996.7
"Q60612",55283.1667,452.7715,148490.75,28366.5333,21244.9619,452.7715,452.7715,452.7715,452.7715,20198.6099,452.7715,14130.9713,452.7715,452.7715,452.7715,452.7715,452.7715,452.7715,48803.325,41203.5263,452.7715,452.7715
"Q60613",62232.4,21704.1023,883556,452.7715,23971.3215,452.7715,77357.65,54830.0026,33730.4754,66587.8491,452.7715,452.7715,452.7715,112453.3747,17839.6447,16544.1908,239613.5,452.7715,452.7715,263535.25,452.7715,452.7715
"Q60677",80109.5333,71066.4272,121074.9751,452.7715,213323.75,468733.3982,51048.3277,147183.125,907726.75,2115310,452.7715,158108.25,133211.5,1270717.5,1856710,1647832.5,817997.75,76296.925,35630.1416,4684542.5,164132.7934,106612.9667
"Q60720",12108733.33,525548.25,372105.75,140000.67,244996,212369,512023.25,99852.44,732651,111628.3,52493.05,2184460,1845282.5,121491,229621.25,509819.5,111212.7,909827.25,549535,321076.25,215468,486806.33
"Q60857",1500276.6667,67982.4385,572597.5,13114.7066,289094,66175.308,452.7715,452.7715,402828,211436.7942,452.7715,230429.75,412265.75,198096.5,453376,805483.5,1967715,25195.2751,120498.75,453551.25,124712.9193,98619.3083
"Q60931",38018333,37770850,6645968,16892500,17071875,83146575,14621000,15994275,10857875,16435575,54046875,12342800,15091150,19996975,36870100,7474292,8209048,7597568,13900150,7136202,81747575,8836917
"Q60932",78476500,102003625,33628475,75982967,41444950,272702000,52247550,49829375,24725025,39239100,284469500,37816750,40912200,40311800,114351250,24190075,13558925,19163650,6875190,17289200,300889250,24981467
"Q60936",2150130,14408225,155508.5,1091510,208046.8,12857675,938663,1560620,346100,832555.5,18047400,1153137.5,608161,757476,1930657.5,229091.8,324034.8,1205062.5,102828.3,378825.2,18551525,266195.7
"Q61009",246267000,3094867.5,470220.5,12937033.3,6787270,429117.2,1650182.5,44186375,6908840,4979815,950740.8,2355102.5,4702955,4071090,7166165,4394235,5245312.5,974164.5,6338947.5,2942137.5,1575040,2234120
"Q61088",217177,735731.25,116430.341,132223,2052695,452.7715,583313.75,258115.1412,597196.75,574577.75,452.7715,131025.75,143895.625,813453.5,744586,95069.575,177812,201558.5,35402.6,40380.5703,79622.4044,125129.1667
"Q61089",148760.3333,29376.0661,452.7715,197715,293820,452.7715,550242.25,78786.7986,344119,111438.7,452.7715,206773.25,307933.5,452.7715,723301.75,185004.25,32096.6388,235290.75,166732.25,578787.25,278325,577498
"Q61090",1192880,847802.2,1133872.5,2889323.3,1182960,349088.8,1355530,1017609.5,1737232.5,948376.2,1086267,480641.5,2372617.5,904192,3687477.5,1520387.5,1452247.5,713512.8,471382.2,2432977.5,899592.8,3763240
"Q61091",67554.8,452.7715,23768.446,117627.3,39569.261,452.7715,99285.575,282724.2752,35509.4068,452.7715,452.7715,452.7715,452.7715,40026.7697,452.7715,18365.8221,120896.125,452.7715,452.7715,36526.1171,452.7715,23264.0128
"Q61102",3302180,3692040,526774.2,2214313.3,930161.8,8200075,2530055,4433560,1269555,1885007.5,6532305,1171052.5,1709322.5,2897897.5,2978852.5,1454675,1300197.5,796205.5,191240.2,911496.5,15785375,909273
"Q61146",47327.4151,452.7715,355079.75,344443.6667,452.7715,452.7715,636135.75,349366.25,660635,73123.95,229307.0268,539144.75,658853.5,452.7715,164185.5,1007464.75,452.7715,753459.75,472279.25,70156.45,452.7715,715981.3333
"Q61263",34766433.33,158827.75,980380.5,2181950,1179725,185942.75,2366865,326501.5,6795217.5,2707745,87685.02,628011,828626.5,1497305,3434532.5,2232740,4070840,2972505,6943957.5,9025615,396191.75,1093063.33
"Q61335",31554067,52630475,4938258,12937233,67747375,6188488,24161150,39144325,12805075,28951225,14482075,21029475,15770375,31740975,14898175,25375275,12881050,9668172,5428218,18321025,4216082,12406267
"Q61490",37518633.3,1633407.5,28390125,13113333.3,15866050,692658.2,9104460,23491450,39424075,11172132.5,291281,38391625,89526250,6934007.5,17727050,14826000,7068517.5,19913325,1872705,65355550,1747792.5,38610366.7
"Q61526",182359.1667,153342.0024,314772,53271.2953,452.7715,204879.7347,894580.75,1045939.75,479958,111038.3028,452.7715,181273,530091.5,375498.68,716991.75,2393550,452.7715,572551,452.7715,158753.75,177020.2712,845790.6667
"Q61609",269880.3333,105484.6,3208077.5,1388640,200825.5,452.7715,158350.25,306045,100161.15,247992,452.7715,372775.25,165886.25,221874.75,452.7715,562867.5,729574,223921.75,456618.25,1051637,452.7715,287579.3333
"Q61712",1795746.7,912238,249369.2,1084703.3,1982385,851567.5,2091485,2037070,1966217.5,1255915,996752.2,18487975,1096482.5,1666875,1700572.5,1555015,1567962.5,1136461.8,517311.2,2370642.5,565433.8,1731100
"Q61735",16686067,7135832,8807925,8812687,26826250,7274818,8833060,11448218,29253250,19780450,4300085,9402938,15949975,12581775,26810800,14869025,19718725,6678648,4444425,33122500,18349175,10120410
"Q61772",71647.7449,147721.8939,1162418.5,525312.3333,452.7715,61663.075,822236.2987,89171.1917,124018.5,23027.8247,452.7715,320815.25,130176.025,525232.216,452.7715,125545,27055.0017,302893,32615.9047,155643.7801,452.7715,226251
"Q61835",89185.54,452.7715,452.7715,750972.7,63518.21,452.7715,452.7715,452.7715,1172342,126667.8,452.7715,1889568,7442238,452.7715,3822355,3057950,452.7715,7463048,39689.44,3386950,479497.2,15511070
"Q61982",59406.5333,57167.8,19342.6895,57523.4341,55527.806,2589799.2549,36403.154,452.7715,142037,61266.95,452.7715,47211.275,24541.1478,47416.7,127475.25,736844.1965,177482.5,23830.7286,452.7715,229084.5,452.7715,65908.8333
"Q62053",452.7715,289946.25,452.7715,452.7715,219930.5,452.7715,452.7715,452.7715,143484.75,142764.25,452.7715,452.7715,452.7715,115773.775,452.7715,163105.75,216830.5,67372.1606,452.7715,92063.1625,452.7715,33440.2533
"Q62186",30680367,31649225,25042800,25594900,33015600,10076482,48084650,62274725,22776575,28970825,26436125,75448750,19338175,36270825,49298425,63806275,44013450,25639525,7697920,32618350,9095478,14717867
"Q62190",2229113.3,473338,906523,1681243.3,8276247.5,489516,866774.5,1158947.5,1672082.5,3935882.5,656654.2,466912.2,1724677.5,4387197.5,3358735,7172925,657238.2,5178427.5,608989.5,755589.8,1683095,4628300
"Q62277",13104900,4012425,104670300,97143266.7,2042135,727454.5,1558407.5,457440,644385.2,1192370,729856.8,3585072.5,1290017.5,1786587.5,1754767.5,1776065,1953670,3491995,179298.5,499001.8,1252129.8,911247
"Q62312",1903923.33,729535,197217,339669,1000742.5,324428.25,1008165.75,368974.75,2209402.5,1796720,196521.5,252361.75,539961.75,2667012.5,2036632.5,428904.75,3332985,411509.25,98311.62,2236217.5,966417.75,1483593.33
"Q62351",5293323,18413525,9025032,13648500,3722405,12407600,10273575,10689350,4007752,3555432,5419482,6496758,1213720,4390440,5499885,27573200,19501775,5490042,5510175,11400400,4224325,1236313
"Q62371",613352.3,514852.8,201369.8,398509.7,1628375,281839.5,358856,270626.2,846398.2,1225582.5,289026.8,348337.5,610671.8,2876575,1560230,392820,570988,569146.2,108333.3,640054.8,1594695,1285113.3
"Q62442",147609.7,343483.5,12324180,830517.3,452.7715,327989.5,452.7715,5681824,132739.2,80295.25,2776378,63175.63,122966,127960.8,232292,187358.3,103208.4,130923,452.7715,116634.4,411776,128141.7
"Q62463",317853.3333,158807.75,35279.2635,452.7715,556184.25,452.7715,270806.5,557120.5,84933.15,69805.625,452.7715,60260.575,197587.5,222687.25,288300.25,65074.6861,276069,217594,130534.625,230668.5,405722.25,571275
"Q63961",11429900,1830500,510320.8,961732.3,5052247.5,3985260,12606375,7076902.5,17393250,5062567.5,1023058,1944365,1754070,3346775,3670800,1047156.5,19910400,798287.5,482456.8,3323180,4607645,1808296.7
"Q640L3",1057976.7,386539.2,493935.5,1506490,525178.5,896021.8,1190585,831761,820668.5,544448.5,3886417.5,4162155,291907,566146.8,529585.5,725214,719796.2,633237.2,527081.5,976534,587871.2,572470
"Q640P4",110633.9333,121183.05,174970.1186,93944.548,272821.25,111538.0161,452.7715,452.7715,177143.25,188974,130081.9153,113158,182456,410103,1849622.5,23461.7104,42607.2768,50745.733,22783.3245,52876.7153,493053.25,355616.6667
"Q64310",21828833,20370625,6042372,12787933,33934375,11908600,35369600,30740350,16872900,18598100,14177625,33977475,26328700,17023700,16061300,51538450,15182875,13442475,15061225,20922275,6895478,10274150
"Q64326",1654043.3333,50153.6159,452.7715,452.7715,180696.4104,452.7715,452.7715,452.7715,452.7715,62107.7879,452.7715,452.7715,452.7715,154831.75,452.7715,452.7715,452.7715,452.7715,452.7715,452.7715,452.7715,452.7715
"Q64436",1186656.7,7004083,15825447.5,7210153.3,554111.8,17984500,1466113.2,2663948.4,1051480.8,4253535,9639210.1,3580242.5,1189487,1113449.8,8147767.5,4233822.5,5671212.5,18234775,1899452.5,1533927.2,4099827.5,2103600
"Q64445",452.7715,20689.7984,23468.5996,109464.6333,452.7715,452.7715,14552.2797,452.7715,452.7715,452.7715,452.7715,452.7715,452.7715,452.7715,452.7715,452.7715,8244.6584,21655.8931,452.7715,15892.0978,452.7715,452.7715
"Q64487",1328160,1300462.5,4411050,1832796.7,2076180,134122.9,2007347.5,3253845,733343,692163.2,1821138.3,92565.7,500340,1114511.2,244707.8,504534.2,279594.5,1071990,521197.2,409020,191887.6,415582
"Q64518",2579183.3,1531600,3852222.5,1051076.7,3211172.5,1402620,2469152.5,659491.2,27933550,11620725,443455,3840080,1805382.5,7588890,4864375,26407575,50895250,17897400,680537.2,31661675,2841112.5,2501206.7
"Q64676",452.7715,452.7715,2990822.5,268427,452.7715,452.7715,6200507.5,452.7715,53143.5987,452.7715,452.7715,452.7715,452.7715,88090.275,100743.2,452.7715,62677.406,96322.4886,522799,452.7715,99689.8377,452.7715
"Q64692",452.7715,28590.5102,46783.7393,452.7715,25822.9306,452.7715,452.7715,452.7715,82090.2,129852.5,452.7715,452.7715,452.7715,156485.9603,72330.55,195468.9117,409418.75,30688.4631,452.7715,142321.6,30837.7141,33421.7744
"Q64729",616922.7,333589.2,330422.2,440585.7,1343902.5,155337.8,1075027.5,419348.8,471973.8,736124.8,151558.5,558083.2,636203,703439,425470,895296.2,892392.5,381400.8,664275.2,1617280,342576.8,664855
"Q66JT1",1264190,452.7715,460449.6951,156656.6667,452.7715,452.7715,92386.525,452.7715,462136,452.7715,452.7715,260667.75,515799,54262.4315,316333.25,65810.9,41465.673,534274.75,55580.7,255925.75,145248.5,2012630
"Q68ED2",72102.3333,78555.3366,1971702.5,641021,452.7715,364994.6163,60432.0888,452.7715,452.7715,452.7715,452.7715,756362.8744,132165,452.7715,96432.0408,1145222.2566,452.7715,60001.5,116351.4359,395559.9138,178148.191,452.7715
"Q68FE2",1527313.3,2829505,3910065,2154393.3,1272140,1227000,1213595,1834612.5,882691.5,1174245,1533580,1004526,325287.8,2241820,1024736.5,1013455.2,897256.5,419013.2,462655.5,841336.5,1171632.5,556064.7
"Q6DVA0",4425950,7401332,1398650,5537270,6289500,3140495,4684318,4898248,1713328,3499450,21786825,4471805,1850742,4737318,8123775,5758538,3030128,1823155,2960290,3914715,1692485,1479317
"Q6GV12",10465100,10129337.5,2897577.5,22958233.3,42241600,602835.8,7645225,3506090,9296605,18982575,247676.8,7502352.5,6929080,17344175,5473395,9760670,3887057.5,3041097.5,2625840,5526237.5,983840.5,5358396.7
"Q6J9G1",452.7715,452.7715,452.7715,51759.8525,452.7715,452.7715,58941.1183,452.7715,452.7715,76519.1,452.7715,113890.6444,28096.8134,452.7715,480158.8212,5777100,68860.4893,780516.5,452.7715,68989.9,452.7715,1194706.6667
"Q6NXK8",150279.6717,452.7715,1091240,367830,452.7715,452.7715,452.7715,452.7715,452.7715,452.7715,452.7715,452.7715,452.7715,452.7715,452.7715,452.7715,11661.9086,139823.051,452.7715,452.7715,452.7715,452.7715
"Q6NZQ8",452.7715,452.7715,185680.75,840788,35234.0337,452.7715,452.7715,452.7715,25432.8919,98564.7,452.7715,452.7715,452.7715,86851.4,452.7715,31105.9221,430815,452.7715,452.7715,116398.75,452.7715,452.7715
"Q6P1H6",1501903.3,1100867.5,1214150,2521490,1447160,733654.5,373267,641144.5,987959.2,1360820,1006948.2,1070717.5,484245.8,1355802.5,116948.2,256169.8,1567497.5,249251.2,1401640,2219445,332615.2,1307033.3
"Q6P4S8",299933.67,151981.99,282884.46,272716.67,98454.73,561119.55,111834.57,230697,181011.75,232342.5,569627.75,216699.25,309183,154410.75,527179.5,315961,305254.75,515323,400247.5,433698,507344.12,236385.67
"Q6P5F6",1402380,436895.5,4277115,1475606.7,1123800,263048.8,997941.5,268598.2,1512810,938294.5,297575.8,178565.5,1481735,1096482.5,1838592.5,368985.8,1603085,432615.8,2705717.5,2885782.5,835555,1824443.3
"Q6P5F7",860617.3,223244.2,3664950,1379290,388863,171760.6,663729,499148.8,727492.2,669370.8,153098.3,138229.2,549592.2,971520.8,817428,734228,1761330,135017,302954.8,880071,518158.5,386567.7
"Q6P8H8",1343650,484638,906372.2,1861086.7,1606860,453286.8,1920990,766148.5,1342332.5,1524695,103102.2,7425682.5,1202295,958637.2,992005,2986170,1865780,1134467.5,5237557.5,3296097.5,821155,647903.3
"Q6P9J9",7054626.7,3678410,990153.8,3138243.3,8349385,957770,8244177.5,758750,6571512.5,5584070,970186.5,2811475,4822960,7270457.5,5762955,22766875,9919375,1917445,1236980,11054025,3040062.5,7280100
"Q6PA06",5518253.3,9093457.5,4228560,5441733.3,5528372.5,3187505,4367372.5,8913562.5,2369700,3712695,36553950,12069350,1608067.5,7409860,1028344,11910925,2837192.5,1815295,2810647.5,8149772.5,3633532.5,937897.7
"Q6PB93",8408383.3,7362705,791447,3555193.3,6184812.5,1413960,4453085,2386382.5,3454972.5,8906530,1810442.5,12948725,7989092.5,7499730,10189262.5,8285600,3994957.5,8237837.5,323493.5,4796807.5,3654400,4979513.3
"Q6PD26",14172033,9089562,7032352,10919100,12944650,3134630,8275578,5148902,5337378,7533500,8323695,5153555,6251100,8678712,7773248,15877625,7549470,5103398,9572945,9568710,3141175,4972823
"Q6PDC8",809362,452.7715,1814950,867455.6667,452.7715,74006.4232,2993382.5,452.7715,56806.2,452.7715,70687.1688,541483,138271,452.7715,452.7715,327489.25,54935.525,2946080,452.7715,124114,75248.274,759347.3333
"Q6PDJ1",317256.3333,452.7715,291051.25,174875,2671877.5,452.7715,233633,452.7715,205073.25,518047,452.7715,309237.25,332448.5,561775,261841.25,143727.25,138041.575,152428,103501.825,243373.75,155744.5,475127.3333
"Q6PHU5",17691533,41443050,22004225,19736667,46468775,2380162,8717228,7438652,19288850,24994900,2259695,11335435,12730775,37200225,6110798,12833075,6884795,7121972,11320075,5365970,2020780,4096010
"Q6Q477",11955667,3478132,27714275,7522737,45491650,2269938,10969400,3604725,8511560,18015375,1323800,2463018,20809150,20302725,10681825,16735950,6493280,14329350,14844450,7593460,5982210,21582967
"Q6TCG8",452.7715,452.7715,452.7715,87695.3329,452.7715,452.7715,452.7715,452.7715,15500.8108,452.7715,452.7715,452.7715,40057.0137,452.7715,55795.875,452.7715,452.7715,452.7715,49055.925,452.7715,452.7715,57439.0061
"Q6TEK5",9067423,14107825,5499855,11573100,21800950,2385980,6159922,11549030,4351990,10318725,16320750,19683825,12592050,12455175,6686615,7945622,4816730,3110588,7171942,7139732,2271250,4673553
"Q6VNS1",472837.6667,2564410,5458392.5,568514.6667,365717.75,49555.9669,152047.5,124788.3249,84909.175,258543.75,82966.6083,452.7715,182318,336301.5,372003,124526.8189,138482.75,66919.8826,452.7715,407404.25,452.7715,82677.8333
"Q6X893",6745830,5452842,8197865,3652233,15124875,2734988,9438482,3481845,6102880,6492890,2438832,6124435,12615275,10053558,9618005,12484225,7819638,3992840,2425178,7771440,4472135,14096767
"Q6ZPJ0",1157796.7,1539745,1853717.5,2208963.3,857231.5,335058,1028480.5,2332702.5,367048.2,776277.2,875890.2,1339672.5,452301.8,742526.2,184638.8,1107337.5,780457.2,1183727.5,3177425,1308850,328997.5,596996
"Q6ZPR5",1488086.7,1595735,597276.2,1641073.3,1121887.5,426290.5,1586395,486000,567986.2,1123237.5,151042,855192,450600,1399085,611289.5,1019463.2,1567555,639748.2,2784722.5,2040942.5,320203,655860.3
"Q6ZQ29",295559,274515.75,330227.25,248488.6667,320104,106251.675,251008.25,115340.225,519402.5,487233.5,452.7715,351964.75,204622,381683.75,223594.25,273888.75,549027.25,142873.25,324897.25,746155.5,101154.6276,263256
"Q6ZWQ0",388989.3,386335.8,461181,3624510,538104.5,2117107.5,787003.5,676388,665272.2,499241.5,5243142.5,292319.2,560707.2,356225,609505,302293.5,318083.5,674296.2,2155972.5,277527.8,629463.8,749973
"Q6ZWR6",234832,173490.8,825229.5,1541743.3,253182.2,394272.5,424218,521792.7,344986.2,410893,651678.2,224909.2,67318.9,285867.8,285112,201962,322228,512574.2,108177.8,407285.8,426407.8,235383
"Q71M36",128456.3,83624.93,12392080,20215200,452.7715,452.7715,452.7715,94274.99,452.7715,452.7715,452.7715,452.7715,452.7715,452.7715,452.7715,452.7715,452.7715,240540.3,131385.8,452.7715,452.7715,201845.3
"Q75N73",235313,147258.275,217068.5,172551.3333,232103,499972,417286.25,2129135,222947.75,214578.75,452.7715,838590.5,222131,158608.75,434845.5,1853637.5,176581,372801.5,47595.275,358017.5,125986.375,101402.3
"Q78IK4",15926966.7,42709450,498855,3463373.3,11565575,49951575,4440132.5,10553540,3612980,13475275,18312625,1688292.5,8455327.5,16694650,8399087.5,2236792.5,2006385,3195625,569835.5,2034362.5,53206850,3844190
"Q78IQ7",452.7715,452.7715,611722.8,7555470,333512,452.7715,452.7715,3382920,10474480,337957,452.7715,155084.8,256836.8,119265.8,65879.4,2504218,203965.2,688405,452.7715,333890.5,452.7715,51340.37
"Q78T54",17454300,17441675,3742830,19805933,20221750,3883205,5283718,9909482,4828945,8777815,5368042,22031450,10706675,9468275,5540875,10521190,4222628,5255385,6396332,15741800,2761005,7962423
"Q791T5",28397100,45085100,5336422,15995833,11467275,27457850,14068700,6108555,13767050,11254325,9747292,1879375,8256062,14413175,9993032,3985092,4515435,6371488,2004758,5492405,12051675,8628373
"Q791V5",38295100,105509150,5266185,8828507,22774575,65706725,21152275,26692575,6540832,32475075,33425375,5221028,9689748,34168050,15561725,15252650,5670205,8343418,12571875,7288708,47045200,8883387
"Q7M750",452.7715,452.7715,2691518.75,701238.3333,452.7715,452.7715,452.7715,452.7715,121489.175,452.7715,452.7715,452.7715,178342.8102,452.7715,171184.2819,452.7715,59108.2106,452.7715,452.7715,107914.5324,452.7715,452.7715
"Q7TM99",88638.6,452.7715,55401.5621,281213.6667,117210.75,452.7715,1071932.75,452.7715,851287.5,117554.232,99368.35,21131.3854,168169.25,308197,115243.45,932637.75,295419.75,26254.349,72943.8763,112697.55,452.7715,136206.6667
"Q7TML3",298496,279863.7665,88449.3,309795.3333,1540920,452.7715,2090992.5,452.7715,452.7715,254671,452.7715,19288.1668,1097827.5,47234.9642,180914,6316927.5,721397,133114,3524287.5,1033520,71245.6816,107503.5667
"Q7TNS7",80735.1004,452.7715,370383,1145176.6667,452.7715,452.7715,452.7715,452.7715,452.7715,452.7715,452.7715,452.7715,452.7715,452.7715,452.7715,452.7715,207677.8048,452.7715,452.7715,452.7715,452.7715,452.7715
"Q7TNT2",84602,145894,136545.3,5213173,452.7715,452.7715,1986620,452.7715,3444750,454659.2,452.7715,1655666,452.7715,70603.05,28651200,2982890,169704.2,452.7715,452.7715,206858.4,765474.5,452.7715
"Q7TQ95",7270857,7710602,10718345,20520000,9856828,10577075,3130010,6520215,5168822,4507535,29946025,6940562,4042175,5552130,4409385,2936260,4252790,2603120,12973875,8963380,8909675,3519327
"Q7TQE6",667044.7,402265,978443,1098293.3,692858.5,290205.8,569549,237412.5,467522.8,529774.8,243990.8,1012115.2,222586.2,583794.8,208203.7,247114.1,166865,290594.8,490875.5,639893.2,158319.2,438941.7
"Q7TQH7",973011.3,1232995,330299.8,518192,507853.8,538191.8,1721857.5,635635.5,633482.5,696567.5,306134.2,551916.2,318580.5,907331.8,434060,1387700,2159772.5,661869.8,219910.5,1354042.5,371133.2,472726.7
"Q7TQP0",452.7715,452.7715,452.7715,452.7715,452.7715,452.7715,452.7715,452.7715,452.7715,70320.9253,452.7715,452.7715,452.7715,452.7715,81479.75,452.7715,70605.225,452.7715,452.7715,24693.2025,452.7715,452.7715
"Q80T32",41215.2,38215.1472,452.7715,452.7715,355145.25,452.7715,452.7715,452.7715,45324.0143,174905.5,452.7715,54414.6974,161096,469744.25,447718.5,185991.25,14175.0193,42262.125,24558.7084,75936.375,205075.25,362455
"Q80T41",356339.1567,1134001.25,7750470,1207880,452.7715,452.7715,452.7715,452.7715,452.7715,452.7715,452.7715,452.7715,452.7715,452.7715,42323.7219,452.7715,33519.6724,452.7715,452.7715,452.7715,452.7715,452.7715
"Q80TI0",5545503.33,525125,2949670,5027923.33,442080.25,313388,3664867.5,124244.45,293722.75,494563.5,4546410.84,516135.25,166658.75,720240.75,339585.5,1108534.75,920299.25,620290,2104782.5,1743067.5,99587.47,83971.3
"Q80TN5",870603,703138,763548.5,3209506.7,350860,456213.2,556445,512936.2,385728.2,435466.5,503766.8,1093195,317218.8,562897.2,638657.8,506457.5,557154,237780.5,160396,673264.8,722303.5,245250.7
"Q80TR1",561290.3333,452.7715,5688315,1081036.6667,119483.9967,452.7715,1411147.0905,187843.5402,105802.875,70806.3824,55944.8579,692293.4015,220349.25,452.7715,103488.4,98428.0893,226345.25,87781.5,1048822.75,145804.5498,452.7715,207717.3333
"Q80UK8",86229.2641,32666.7255,452.7715,53684.6936,452.7715,452.7715,97795.1,452.7715,128406.6188,67570.725,452.7715,69002.9,37975.2968,21628.9854,165801,112361.725,85386.55,139039.25,155162.75,133581.5,452.7715,76109.1333
"Q80UU9",36237900,53406575,15285825,31935000,63403325,9593388,24071825,27816750,13693575,42403425,31467125,28479350,19626225,50829825,18968850,40883125,18391125,9595422,18221400,24149625,6988485,16742167
"Q80VA0",1229893.33,284581.75,88676.43,1902736.67,339147,240700.5,518587.25,524867.75,433955.25,828632.25,228518.25,4737625,919969.25,830487.5,1214680,9334140,1274640,9576477.5,171014,2163087.5,537281.75,1604930
"Q80VP8",81061.8,80636.075,452.7715,97300.8333,116172.45,452.7715,24607.7669,43808.2904,42786.8,50116.9,452.7715,159521.25,46192.375,81295.9022,39839.55,452.7715,52417.1537,41527.6073,26631.3,66082.7,452.7715,36347.0562
"Q80W54",12600533,5075230,3029360,9785910,14786550,5116675,21142375,13034925,6970568,9661520,7561802,12398100,8411640,8138342,8012770,10826800,8706028,4202355,3600595,14620000,2897475,5449037
"Q80WG5",3419183.3,1449650,4498510,2933120,2562472.5,983871,3442335,1390730,2609215,1948402.5,294319.8,1002554.2,941164.5,2540930,2159592.5,2593940,3531937.5,1251067.5,763986,3247467.5,1044679.8,2133146.7
"Q80WJ7",16883267,14169775,27382825,24182167,14119850,10952215,16363275,9279555,16378950,14879425,25190775,45607200,2349142,12583875,3931465,8523778,17035775,6639705,8859560,24933075,4440470,6547533
"Q80WQ6",1173226.7,866657.5,200227.5,738074.3,1303127.5,459967.5,1324962.5,801608,2520327.5,1735135,328293.8,374759.5,710916,1658770,1967145,2330417.5,5278540,561729.5,887845.8,3257335,669846.2,1687790
"Q80X71",2799546.7,3940047.5,1811307.5,2794126.7,2712475,1647995,2508635,4377260,2335165,1843052.5,701005.5,1943167.5,1475312.5,3050280,1712437.5,723140.5,2048480,1736625,1264597.5,2470732.5,1151980,1240073.3
"Q80X80",2168846.7,2842945,13532800,18986666.7,2077605,621230.8,7436470,6729622.5,1248502.5,2800012.5,1137057.5,3036055,938991.8,2148382.5,499026.5,4351062.5,1585877.5,1873237.5,217453.2,1976255,385444,679226
"Q80XL7",151033.6667,122130.025,125064.325,56958.7667,62121.775,92015.4587,224438.25,158174.3785,101492,163767.75,452.7715,267038,68757.725,164583.25,195742,551254.25,392892.25,128287,20663.0963,377484.75,48158.5626,138145.6667
"Q80XR2",1564083.3,1132192.5,3388827.5,4765613.3,871320.5,1022124.2,1707940,667994.8,1518312.5,1107390,577990.8,1485280,3455622.5,1335067.5,511711.5,2498007.5,2055112.5,1693812.5,269978.8,1581872.5,919150.8,2274656.7
"Q80Z96",777383.3,337065,196827.2,241545,1060145,123504.5,972118.5,367208.8,1579907.5,589605.5,272613,408677,1030152,903852.8,2312797.5,617791.8,686415.5,654640.2,100864.9,1077002.5,570907.5,1008636.3
"Q80ZD8",453579,324951,2456195,1084606.6667,185158,114548.9977,109993.675,74436.45,100684.55,156956.5,237390,22968.6551,150229.5,233654.5,189451.75,149321,116584.75,113736.975,452.7715,52979.175,152412.731,173691.3333
"Q80ZI2",452.7715,452.7715,1532277.25,161536.6667,328376.25,452.7715,452.7715,452.7715,452.7715,452.7715,452.7715,452.7715,452.7715,452.7715,452.7715,452.7715,452.7715,452.7715,452.7715,452.7715,40182.8576,452.7715
"Q8BFW9",452.7715,452.7715,291881.75,1710940,128970.325,23358.4887,275772.75,452.7715,137273.036,452.7715,452.7715,452.7715,252782.5,452.7715,203187.25,452.7715,452.7715,79098,55017.5759,97784.5643,452.7715,492828
"Q8BFZ9",20917233,11235700,9993180,21885267,20883525,3030300,33308600,7765190,9963410,11878700,1971998,3914310,13570175,12497600,13191400,39550300,10885642,12700800,26803775,13731750,3239072,16265900
"Q8BG07",166892.6667,117296.975,139152.5077,452.7715,596156.25,452.7715,123284.916,328701.75,232401.5,1200517.5,452.7715,603411.0039,195064,902791,632052.75,196189.75,2241330,69673.375,52154.4366,803636,248584.4675,97119.8333
"Q8BG16",322653.67,616041.5,2336732.5,1812273.33,1165229.25,227492.75,202466.75,93118.98,313109.5,573028.75,202994,786205.25,126585.3,2657295,3468037.5,123812.89,67423.1,179127,24224.03,410179.75,348885,320704.67
"Q8BG55",19772.9049,452.7715,452.7715,452.7715,452.7715,452.7715,36535.374,452.7715,112118.7,460425.25,452.7715,452.7715,452.7715,346544.5,171712.25,140755.5,994298.25,127402.9531,452.7715,1745092.5,47517.2931,452.7715
"Q8BGA9",7567246.7,12445125,307504.2,1468443.3,2187515,12881600,1816507.5,2822170,595193.8,1886017.5,5603247.5,1068582.5,2200250,3495992.5,1591400,981319.5,720147.5,671462.2,252466.5,951874,9154225,965967.7
"Q8BGJ0",32049.9414,452.7715,72434.725,58911.3969,452.7715,452.7715,452.7715,452.7715,452.7715,452.7715,452.7715,452.7715,44195.125,452.7715,24206.7789,100349.5202,55181.7677,15038.012,452.7715,107192.375,452.7715,46606.7667
"Q8BGT9",101984.8,452.7715,317470.6683,348923.3333,58551.0271,452.7715,95647.525,452.7715,150578.75,361534.5,452.7715,50950.6,143527.061,307903.5,605827.5,2274000,841624,2502610,152199,1192717.5,236741.6446,174672
"Q8BGX2",4544543.3,8118010,1055493.5,1286456.7,2033342.5,6362985,1625682.5,2096585,526827.8,2666515,2626107.5,719356.8,1842610,3648427.5,1545882.5,782675.2,959004.2,530853.5,218357.2,476277.5,6731555,848032.3
"Q8BGY5",17113.4785,452.7715,452.7715,452.7715,56694.575,452.7715,452.7715,452.7715,106527.7,22609.4579,452.7715,20392.5895,20840.8273,91892.95,114255.5,78667.3248,14669.8821,452.7715,452.7715,70238.775,452.7715,452.7715
"Q8BH02",540240,176061.5,94460.375,212719.3333,388880,157421.25,404179,217215,928053.5,804762.25,452.7715,432682.75,1048605,780050.75,637703,437597.5,2882907.5,365086.75,89705.45,848858.5,219718.75,1776453.3333
"Q8BH24",13965267,9034980,2806982,8679947,7729285,2403002,5884918,8482058,5243335,7107772,2028900,34385700,23909375,7448235,16645800,17595550,4947018,11540725,2172542,5029388,4888148,10842200
"Q8BH31",2893570,6210265,319737.5,828462.3,4471347.5,718898.2,585143,2104760,729135.5,2965107.5,524364,343069.8,691372.2,5714437.5,1786392.5,652113,681425,439663.2,547210,1163867.5,523422.8,504458.3
"Q8BH47",942893.3333,2396890,910594.25,1849703.3333,1357345,588776.25,1611615,630109.5,766644,1082897.5,452.7715,2129047.5,668373.25,1348210,312468.75,2069775,972999,1111930,652015.5,669973.5,453877.5,715772.6667
"Q8BH59",15874566.7,15949475,11426400,24953300,3479512.5,159799750,13599325,9505527.5,7345010,6348815,220516250,8066872.5,39628225,14849650,44059550,5414685,6150015,6066092.5,611670.2,4421580,263097250,7964153.3
"Q8BH66",2109400,549514.8,23754250,5053960,998577.2,602528.2,567221.2,1041286.5,467464.5,761006,164048,1121985,723352.8,864859,323315.2,700907.5,1169745,457739.5,5797247.5,965312.5,312849.8,1455720
"Q8BHC7",1564736.7,1608617.5,476713,1026872,823615.5,418239,973225.8,935562.8,651856.8,695473.5,863983,982815.8,419868.5,736044.8,2639998.5,343645.8,875195.5,589978,1072325,886324.5,255908.3,837092
"Q8BHG3",452.7715,452.7715,452.7715,247639.7,452.7715,452.7715,617715.2,2161370,455514.8,423668.8,452.7715,4735492,3066412,70071.4,632840.5,18340050,111014.6,4119452,452.7715,370229.2,185917.8,7428340
"Q8BHI7",3717570,998916.8,342157.5,11031430,2135535,452.7715,739833.8,2311025,2059240,2144368,452.7715,878521,573465,490246.5,8575888,1465985,356235.5,353860,2435900,2348475,284210.5,375365
"Q8BHK2",235361.6667,103493.172,1183505,496878,295704.5,641518.75,452.7715,90926.7445,4536482.5,122613.3097,452.7715,452.7715,122882.525,452.7715,248688.25,219743.91,139836.056,157523.25,452.7715,147325.338,452.7715,123506.1001
"Q8BI84",6053467,5823688,5063435,10407200,5978912,3714272,5480268,23021825,3329945,4535780,8846410,9712205,3146052,5435020,2272245,6196222,4749378,3724390,5135535,8851372,1401075,3340310
"Q8BIX9",606966,211852.25,337558.25,788061,498285.5,226655.75,365195.25,490119.5,293752.75,310058.75,480138,2359410,454390.25,375004,113710.43,282801.25,234518,208660.25,322701.75,291753.75,82960.75,241740.33
"Q8BJ03",5668003.3,5811225,269243.8,1022581.3,1664430,7564452.5,3056002.5,2446142.5,778806.5,1384882.5,2686600,667838.2,1581552.5,1843240,1967040,718874.5,500386.2,1038835,196907.2,597866.8,6328380,890118.7
"Q8BJ83",748683,882848,539810.5,797064,1040536.2,384307,1104225,813490.8,342759,503614.5,196268.1,342339.2,240558.5,504289.2,401656.8,727679.8,581320.5,326000.2,383288.2,586885.8,230680.3,321768.3
"Q8BJE2",14933166.67,1970315,557169,70141.31,2399865,743736,3167977.5,1045524.75,166993.5,1217400,75089.88,336383.5,297110,1663155,593926.25,211060.75,851443.75,911022.75,181941.23,96224.43,705998,271577.33
"Q8BJM5",447149.3333,506716.25,163186.75,697957.3333,535162.25,273434.1471,1861545,641615.25,299934,427613.75,452.7715,897014.25,831469.5,482412,565703.5,1901412.5,806667.25,488067.25,180556,594578.5,133680.2868,358255.6667
"Q8BJS4",1413320,1741950,445000.2,486815.3,1541960,531144.5,576176,1229215,655771.8,2278937.5,3029290,158108.8,221910.5,2650267.5,3530065,993378,2872425,398060,376236.2,2745415,1071115,522030.3
"Q8BK08",7165316.7,8559217.5,973364,1891620,2704440,8940405,2058575,2692392.5,1649350,4074687.5,6973975,2213482.5,2929807.5,3406367.5,3153280,1349160,1193057.5,1784547.5,769453.2,1463200,12440275,2127170
"Q8BKG3",2756893.3,222084.5,2658182.5,3330016.7,3361252.5,738283.2,5323345,834767,14654300,2938785,206101.5,1565437.5,6571957.5,814847.2,6442315,2750077.5,11291132.5,2111972.5,1318380,7710882.5,2968520,8510193.3
"Q8BLF1",52520533,1915495,20715800,21213733,2788042,37818350,89780900,5774868,19631025,12103125,2372748,20488800,8465150,6045712,10293445,9719768,21306100,7950178,4559060,12507150,11508625,2126117
"Q8BLG2",108560.6667,100225.4628,52287.028,452.7715,354839.25,452.7715,452.7715,452.7715,58036.554,113810.025,452.7715,47917.3513,63772.75,235247.75,139901.5,452.7715,452.7715,17822.4804,278130.0527,67251.65,89478.4902,452.7715
"Q8BLU0",460775.3333,276113,885005.25,631162,1138797.5,82569.7515,452.7715,452.7715,236537.5,425170.75,199738.25,476923.25,662323.5,1118805,879624,452.7715,166021,92030.65,192551.75,248136,662282.5,919274
"Q8BMC0",213884,326230,88558,141174.8,220381.75,42776.7738,174402.5,173610.5,80362.75,245203,452.7715,163292.65,105201.975,279843,107257.975,168809.25,172217,66449.175,452.7715,853324.5,452.7715,83436.3333
"Q8BMD8",26846666.7,2853695,369622.5,1611780,7551745,1832090,614417.5,701789.2,5179512.5,5371287.5,2309937.5,587861,6656895,12946750,17114500,4755815,3503805,2119097.5,531321,1754205,11006850,13124266.7
"Q8BMK4",11525000,3753570,11307150,23488833,10600200,10565400,3860815,4051625,11811350,8560660,2836858,3908185,7486998,10782975,18302300,6346228,13022675,8518092,9284058,10419240,5679178,11552500
"Q8BN21",448104,535881.25,130630,397215.33,671525.75,243962.5,571612.75,616222,248483.5,893624.5,213759.5,444573.5,89449.75,983997.25,126496.9,778396.75,1737245,182654,1254830,1995677.5,267335,528991
"Q8BNI4",3706893.3,7516072.5,981859.8,2388976.7,9328872.5,1965560,5199627.5,14294475,2328967.5,5454117.5,2551910,5535997.5,1823340,5566575,1522416.2,4028940,2986007.5,1612705,1474752.5,3122765,476135.2,2083673.3
"Q8BPT6",798490.33,2705220,107588.35,408119.67,864185.5,1561782.5,220644,835475.75,60743.8,585395.5,1116720,257805.25,269669.5,1012352.25,350084.25,111906.75,59343.13,41577.9,356578.75,180995.67,2014232.5,47160.51
"Q8BPX9",254045.8544,452.7715,452.7715,452.7715,121151.144,452.7715,1430094.6342,267355.75,201560.5,305240.5,452.7715,452.7715,452.7715,266233.25,97573.0403,313423.25,791054.25,43017.9046,452.7715,321812.25,452.7715,452.7715
"Q8BQU7",44212.7667,452.7715,315663.75,66779.0667,452.7715,452.7715,452.7715,276714,452.7715,452.7715,452.7715,452.7715,452.7715,452.7715,452.7715,452.7715,19220.961,14429.128,452.7715,452.7715,452.7715,452.7715
"Q8BQX5",452.7715,452.7715,452.7715,452.7715,452.7715,452.7715,98099.8274,253755.6019,452.7715,452.7715,452.7715,97662.814,452.7715,452.7715,452.7715,452.7715,140350.675,86387.1264,53607.123,114804.8797,452.7715,71746.4897
"Q8BR70",2702646.7,3644637.5,1142164.2,2090276.7,1725892.5,676265,3757995,3208442.5,2913947.5,1727410,509292,3452077.5,5107740,2347582.5,1260067.5,4566120,2068632.5,2123752.5,697323.5,1651775,527896.2,2495440
"Q8BRG8",325522.6667,260678.5,110760.675,765859.3333,233735.25,452.7715,43545.2208,183664.075,126096,373969.5,452.7715,217881.5,68346.325,475425.25,452.7715,170938.25,494641,135918.5,326474.75,414069,35707.856,100407.4
"Q8BRK9",1558436.7,1797477.5,531101,2561043.3,1664357.5,338704.8,306570,199165,339202.5,1191437.5,4253087.5,75500.7,950184.2,1358012.5,1319630,314863.8,637342.8,172806.5,268873.8,547906.8,846246,319980.7
"Q8BSY0",23126933,12767500,2058300,8282643,53761050,8316440,8502915,5443225,5167955,24677650,2135730,3003278,3931482,43203125,5387528,4054965,7564972,4035430,2934005,9073332,2251745,7762903
"Q8BTZ5",2487393.3,2652007.5,2782080,5177523.3,2053452.5,455858.5,1783937.5,2090695,1165940,1428090,1055752.5,440666.8,665540.8,2119127.5,196574,729208.5,1225732.5,586125.5,646700.8,1675535,380663,519429.7
"Q8BU14",14222667,8104245,5884478,13858767,14195500,2343005,9644535,10409575,8464068,9914865,9369208,44882375,6074165,7522895,4539005,18478625,7644540,7190102,7790305,15479075,1893082,4250007
"Q8BUV8",2501876.7,1042834.5,968534,3805890,1451147.5,504083.8,1325788.5,832771,1531070,1449525,823323.2,4543142.5,3695157.5,1070843.5,2658232.5,4103210,1280460,2238185,1213022.5,2312032.5,2407807.5,1434826.7
"Q8BUY5",4066476.7,9458292.5,279093,1288823.3,1431590,25131200,1246422.5,4232472.5,521633.2,1307555,8012842.5,404424.5,1303347.5,1983715,688221.2,554184,388305.2,822172.5,246488.8,552954.2,11813375,669465.3
"Q8BVA2",1778620,1912322.5,2802600,2152240,1634787.5,562421.8,1194515,688106.5,627184.5,1299822.5,522123.8,976706,864749,1829485,1520765,1213172.5,1414427.5,591119.2,722767,1396572.5,310216.8,1025403.3
"Q8BVF7",2036363.3,2888385,622648,1190190,2336457.5,839062.5,2163000,2932652.5,2025637.5,1955195,404936.2,378722.8,2164822.5,2818202.5,3171850,3688740,3041430,1329997.5,1015377.2,3485542.5,872063.8,1387920
"Q8BW93",452.7715,452.7715,452.7715,452.7715,452.7715,452.7715,452.7715,55388.925,452.7715,50487.575,452.7715,452.7715,452.7715,30997.0681,452.7715,452.7715,25807.6489,452.7715,64438.5387,452.7715,452.7715,452.7715
"Q8BWP8",3493583.3,2484057.5,1276015,1694710,2141637.5,2140610,2300542.5,3985525,933624.2,1133880,5034597.5,917517.8,1164365,1587660,1074477.5,1145245,567585,708672,236155,561490.5,1186295,584078
"Q8BWY7",1433260,972972.25,812466.5,833378.67,1018287.5,55979.45,1876962.5,1861440,409815.75,952057,378476.25,3786755,1599920,958959,628002.25,2582517.5,764120.75,1907895,853373.5,964944.25,181339,1413076.67
"Q8BX35",452.7715,452.7715,452.7715,452.7715,452.7715,452.7715,452.7715,452.7715,452.7715,452.7715,125481.5,92667.5669,452.7715,452.7715,94477.3307,8910.21,452.7715,452.7715,452.7715,452.7715,452.7715,452.7715
"Q8BX90",2250766.67,1004480.75,1481582.5,1393850,1415120,216107,1092807.5,2230607.5,1705715,2279987.5,43403.32,16929150,805702.25,1817625,329807,1707935,3831825,2428682.5,995824.5,2779242.5,249042,1143836.67
"Q8BXA1",3204900,2968780,278314.2,2716356.7,2517265,1128955,725519,5332312.5,1973435,2082105,1071757.5,676906,2690290,3044210,7129825,3925230,1608932.5,2186420,185912.2,1121957.5,2889735,2740676.7
"Q8BXA5",3692406.7,3498480,1710235,3004463.3,5484007.5,512240.5,3537505,2617755,2388957.5,3631385,613806.5,9596017.5,4277925,4072052.5,2458917.5,7270690,4019645,1931827.5,7391082.5,3847077.5,816337,3285916.7
"Q8BXQ2",2252146.7,1919637.5,1146302.5,1967273.3,2602427.5,678566,2193272.5,907106.8,1027597.5,1818972.5,438458.2,877698,1370595,2022885,1672375,2545297.5,1894967.5,1461470,2800492.5,2107217.5,576786.8,997379.3
"Q8BXR1",2065396.6667,221030,3561815,1172290,692446.209,94382.6982,125304.212,452.7715,265572.5554,155449.75,452.7715,355642,61570.177,452.7715,452.7715,88600.8,61246.1779,261748.5,20597.916,452.7715,951135.0833,107440
"Q8BXV2",5248023.3,12685175,10030432.5,7554443.3,4035150,13789475,3587047.5,8563835,1249212.5,3814797.5,2301505,2536570,4921630,3704100,3428550,9092432.5,5392990,2075030,3273192.5,4951262.5,618814.5,2510976.7
"Q8BXZ1",16795200,12332325,13323725,31617367,21781525,6434658,8246820,7235690,16374625,15669700,18634375,5716520,13046750,14604975,16080125,14196575,16451825,6033558,7956070,28026250,7816492,9686707
"Q8BYI6",657765.3333,250449.75,1591905,4405790,593591,219220,335953.25,592474.25,928860.5,3433525,452.7715,306678.75,1315747.5,1485360,610736.75,3681442.5,8415130,1610427.5,274964.25,9493417.5,602956.75,1368153.3333
"Q8BYI8",1574390,1191605,7986032.5,4884436.7,522363.8,978998.5,689523.8,3589080,230552,431352.8,783269,4456707.5,2691235,917396.5,1340405,5260727.5,966059,716483.2,504210.8,1442295,582398.8,533952
"Q8C025",28897200,56495500,5559365,11910500,93383225,15985450,136077500,9984615,8543768,45361225,21461525,4636090,5825080,49634150,9264298,18253525,4231708,6655680,6047340,9196318,10761512,6446543
"Q8C0L0",3970733.3,5371327.5,23459800,16652533.3,2988517.5,7474280,2854007.5,5213550,2343097.5,2190660,5412867.5,514688.8,971219.5,2774605,5384672.5,1501550,2435490,2018925,23271125,1970745,1268992.5,1039280
"Q8C0N2",14444700,4358992.5,994428.5,472064,43955525,1923565,1809950,655481.5,850763.5,20916400,290383,254841.2,837032.2,24398875,879567.5,24059350,1389435,794357.8,306746.2,1665010,155698.2,1414183.3
"Q8C129",21214667,31945925,11537650,10221107,25964875,36295025,16123775,7884465,8182832,23330775,5131522,4498975,3764372,29423800,12479525,10372418,44368650,3779848,5140728,28190725,8471992,4692050
"Q8C145",1068756.7,438926.2,3666730,1624446.7,1337322.5,255323,678116.8,204297.2,1482257.5,1020472.5,201228,342449.5,1289577.5,1253367.5,1650485,239870.8,1468230,323575.8,4705015,2801660,826594.5,1696636.7
"Q8C172",371534.6667,156542.4857,963426.5,2445583.3333,2239290,452.7715,5198030,545015,864264.25,1064783.25,452.7715,1541530,1043682,1408445,598158.5,9450465,971315.75,1007303.25,710992.75,2354510,157850.2365,1864083.3333
"Q8C1F4",235586.3333,214925.5,452.7715,343733.3333,245920.75,134282.825,184660,176044.75,742445,246958.75,441894.25,210324,232081,425546,665194.5,141042.5,416398,91728.4,30738.2729,189275,421866.25,173740.6667
"Q8C3K5",452.7715,452.7715,172409.15,852265.3333,452.7715,452.7715,807408.5,452.7715,452.7715,452.7715,1066244.9235,452.7715,452.7715,452.7715,14945.9067,452.7715,452.7715,452.7715,452.7715,452.7715,452.7715,452.7715
"Q8C3X8",5604723,4929548,850890,2925380,7302668,1744670,5056635,3941442,2888648,3334718,1795242,11037345,3046658,4714638,3939285,3474678,3726438,1577455,2633642,4854435,1063658,1875013
"Q8C407",4742660,4179015,736818.8,3819590,2493922.5,1142361.2,2170957.5,3850505,1413205,2672950,1450737.5,13222650,8709637.5,3004850,1805172.5,4104712.5,2383690,3304255,1519737.5,2986227.5,1445842.5,2830203.3
"Q8C419",166790.7,452.7715,10938770,993461.7,452.7715,1716926,3544852,452.7715,452.7715,452.7715,452.7715,191604.5,452.7715,452.7715,452.7715,452.7715,70961.57,452.7715,452.7715,258928.2,923329.9,452.7715
"Q8C4X7",259322.8,76118.55,115724.7,556588.3,452.7715,452.7715,452.7715,10548080,452.7715,59942.09,452.7715,452.7715,452.7715,452.7715,452.7715,3879462,452.7715,452.7715,82701.19,63187.03,452.7715,452.7715
"Q8C7E7",2919373.3,1414622.5,203334.8,555399.3,425284.2,2113347.5,293818.8,7790905,1454225,564140.5,50179700,683515.8,758101.2,828324,777212.8,205302.2,3320645,264382,746698.8,258707.5,3216020,843931.7
"Q8C838",7731476.7,13700365,1012811.8,2237466.7,23468467.5,557625.2,1290480,314674.2,1211762.5,8427300,364552.8,404321.8,1303938.5,18685620,2438000,582201.8,1025606.8,683102,152260,2552555,295573.5,717276
"Q8CAQ8",59137067,105157875,7721215,19557333,24042550,217668750,24268550,27503575,12282600,39226275,124316000,7254722,32897000,51418125,14684675,7596632,7043992,15694350,3491875,8709120,236046750,14888067
"Q8CC84",275751.6667,227144,452.7715,278762.6667,129660,208670.25,191899.45,399040.5,91090.725,116715.75,110810.0059,319768,106747.75,220477.75,452.7715,102977.1243,221047.5,219232,195469.7353,177233.5,117482.3536,131512.3333
"Q8CD26",644420.7,759602.5,318153.5,700482.7,539128,337641.8,818082.8,1783202.5,272359.5,509044.8,489250.5,1144707.5,757030.5,752121.8,566110.8,1154850.8,927379,402431.8,92477.2,820370.2,469786.5,458334.3
"Q8CFE6",677159.7,591675.8,3540077.5,1191470,944655.2,2099387.5,717506.8,1584450,579863,1015709,1928922.5,5955052.5,1129065,1160832.5,984789,990703,2137142.5,1375392.5,373155,4803690,691741,903908.3
"Q8CGF5",3375646.67,335917.75,743564.25,4705236.67,299165,31551.43,785846.75,5449490,376380.75,102365.18,1936632.5,1634005,296114.25,143604.5,1066111.25,603988.25,57396.05,228790.75,1446837.5,73462.2,277283,1608953.33
"Q8CHK3",5122563.3,6292237.5,4476352.5,6936380,6983387.5,2029922.5,11031457.5,4689010,5122152.5,6423037.5,1076047.5,2981675,3147367.5,5680962.5,5315125,9130555,5472740,2206110,2301387.5,5944140,718362.5,1284376.7
"Q8CIA5",1027206,684789,1281915,1217466.7,4977930,145596.9,1550772.5,1263549,768956.8,2517535,195728.4,549901.5,2015957.5,1469805,1219425,532604.5,1104890.8,328971.2,644225.2,1895657.5,153339.1,478123
"Q8CIA9",207217.4667,432690,250009.75,402747.6667,334794.25,58902.022,205507.25,246695,177950.75,274758.5,452.7715,256030.5,98350.475,412478.5,428465.75,538414.25,469302.5,109506.925,107730.1886,272005.75,452.7715,79953.3
"Q8CIF6",5178330,5250815,1160690.5,1749953.3,5449237.5,983581.2,3828927.5,8925657.5,2364937.5,4231312.5,1081300,2257022.5,1540992.5,7839092.5,5134075,5891137.5,7143680,1178472.5,3054582.5,5150317.5,2090845,1753196.7
"Q8CIV2",2683160,2404290,903306.8,2408780,1551410,1215290,2399185,2043087.5,1166827.5,862622.5,1606597.5,796108.5,876378.8,1035067.5,949635.5,2403897.5,1073697.2,775072.5,799529.2,1970872.5,667982.8,919692.7
"Q8CIW6",220604.3,604845.5,880549.5,607392,340222.2,1375540,1010306.8,333998.8,127891.8,717042.2,889343,899055.5,341298.5,386013.2,192214.2,38453850,256919.8,1939175,152563.2,321604.5,271884.5,137281
"Q8JZN7",6333573.3,9017600,629674.2,6056136.7,1841582.5,6440222.5,2440457.5,1911227.5,985059.8,2072467.5,2045155,931511.8,1236072.5,3069387.5,811460,1165505,1038925,1401955,781344.5,1425962.5,3421357.5,987762.7
"Q8JZQ2",17463600,34049325,2292592,6001290,7446360,51187925,3661948,7485712,2711315,8774400,22574225,1947165,6875600,12361625,4287270,2123645,2668605,2994690,1439728,2147782,32694325,4079200
"Q8JZU2",145964333,170853500,1795712,20782167,66845650,2446130,15353200,43959450,11147800,105108250,1160058,10289750,17868275,131793775,36920475,7911648,6461050,6281805,2281040,12911000,2913640,11686233
"Q8K021",8678310,4286958,17250775,21052300,4440038,3293210,8390048,14372350,4684300,3163442,2249872,6592022,5003825,5005140,1077880,3806290,5132428,3838422,6741158,3033910,2178790,4516097
"Q8K072",680987.6667,328946.75,28584.0615,633830,589062,452.7715,193358.75,409484,445477,607398.25,452.7715,932397.25,188082.75,526514.75,226089.75,887893.75,913773.5,525306,1188857.5,1638157.5,173079.25,1026417.3333
"Q8K0C4",13271133.3,2927082.5,5089032.5,7828126.7,8512722.5,1224892.5,55177725,19229700,1641130,5515617.5,490217.5,1718325,3011577.5,3443882.5,21010375,10414975,2979195,5426260,16143250,3372307.5,1830952.5,6012543.3
"Q8K0D7",6528756.7,4600362.5,6876915,10363100,7664980,1687260,3540212.5,2126815,2001975,3596692.5,1678795,2698887.5,3289975,4527695,2731535,2609980,2269420,1069715.8,3387445,3271970,896679.5,3073193.3
"Q8K0E7",452.7715,452.7715,119917.9265,452.7715,2218971.0512,452.7715,199714.5,63896.9544,219188.25,1595225.1109,411382.25,266562.75,399048.75,452.7715,280488,851115.25,452.7715,960387.75,44428.8711,89729.725,452.7715,739845.3333
"Q8K0S5",775827,79001.98,1008365,2415747,379274.8,16040210,103267.5,452.7715,108240.2,267975.2,452.7715,452.7715,365191,348834,91603.99,169339,604491.2,102409,138578.2,587182.5,452.7715,383359.3
"Q8K0T0",1897066.7,419410,26757025,32987433.3,980228.8,433231,654695.2,690000.8,855824,2744822.5,239018.8,557191.2,326101,1119240,673094.2,1472091,2597135,488501.2,5006970,1512767.5,567024.2,226028.3
"Q8K0U3",75357.8173,452.7715,166317.328,274661,130915.1521,452.7715,86181.3,452.7715,78190.8,95744.18,452.7715,86698,452.7715,99797.6876,28477.9219,452.7715,452.7715,74155.8459,452.7715,452.7715,452.7715,452.7715
"Q8K1A5",1855393.3,1813402.5,1026528.8,3478203.3,1555072.5,1391062.5,1822270,833488.2,1647135,1106432.5,921286.5,5780005,1214415,1109102.5,1469527.5,4241640,684136.2,1463997.5,2899855,1637515,776417.2,843925
"Q8K1E0",3514940,3511965,2153297.5,3457156.7,2516412.5,1023801.8,1477082.5,2349077.5,2549182.5,2611045,1840067.5,18130000,3064742.5,3152825,434002.8,2396395,3190747.5,2524032.5,1154950,3693792.5,825762,2723213.3
"Q8K1G2",930650.7,173528,196110,367030,557123.8,172904.2,2090747.5,144921.3,559136,501032.5,1228560,194615.8,434612,767958.5,536065.2,224761,760604,285101.8,123788,448556,689086.8,754050.7
"Q8K273",6246273.3,10693382.5,3184555,4590560,8684952.5,2186397.5,4171632.5,4082102.5,1840087.5,4234127.5,4713905,6590447.5,1820727.5,5696272.5,2636252.5,3734790,3024035,2059727.5,952131.8,3717765,1777330,1816536.7
"Q8K2A8",1798493.3,1718700,582829.8,1598336.7,2344335,893729.5,2569995,1669352.5,1152912.5,1196997.5,4240920,11336700,2175315,1012011,1246490,1536847.5,1144725,871263,1324051.8,1510045,773353.5,784060.3
"Q8K2C8",6374643.3,14030675,1826065,2205416.7,11152350,1007113.8,1851927.5,3668722.5,1053131.2,7178067.5,644459.2,1602602.5,1168692.5,6685185,534015.8,2580100,1376140,902375.8,789628.2,3779852.5,650762.2,2025283.3
"Q8K2C9",124352000,17020700,34613400,75312633,22677725,4683365,34768150,63251325,37335625,15460175,5652152,12244200,22965300,16881725,12092550,26941150,13063525,13603825,29080475,18379050,3538282,16938167
"Q8K2P7",264771.6667,452.7715,2646187.5,3275730,77678.6,119798.275,37505.2311,452.7715,167716,668086.5,452.7715,390181.25,797339.25,380488.75,92382.7428,895655.5,1769180,440822.75,74170.475,2684317.5,452.7715,345522
"Q8K2Y3",2632060,641871.8,170127.6,114978.5,1324420,487745.5,909691,637329.8,1617137.5,562826,348731.2,401605.2,518580.2,1035563.2,504299.5,108399.6,4453567.5,267686.2,283605.2,458445.2,550695,847644.3
"Q8K358",3948090,3023440,1738810,2924030,4908468,1335985,2989418,1237588,2400168,2740690,465479,1983442,2074815,3048295,2301088,4622868,2285212,1743648,3672640,3876418,862667,1606723
"Q8K3K7",125267333.3,282976250,550406.8,2487536.7,150760250,7192095,8320252.5,33333900,5123212.5,128419225,551877,5267250,3875497.5,135964000,11383850,44021175,5272900,6880595,2409905,32954375,2017537.5,5500750
"Q8K3P1",452.7715,452.7715,452.7715,452.7715,452.7715,452.7715,452.7715,452.7715,452.7715,452.7715,452.7715,556068.6998,54426,10818.1961,154178.75,64821.525,13087.3615,18337.4546,1823287.5,452.7715,452.7715,21015.2333
"Q8K458",452.7715,452.7715,58479.6237,452.7715,452.7715,452.7715,452.7715,452.7715,452.7715,452.7715,452.7715,452.7715,452.7715,452.7715,452.7715,452.7715,21292.45,452.7715,452.7715,329011.75,452.7715,452.7715
"Q8K4C2",299238.3333,118925.662,72161.0953,85198.236,529572.25,452.7715,345773.5875,238695.5513,155755,259116.5,452.7715,401887,303450.5,391944,331830,691543.5,332174.5,122471.875,109951.6895,152249.25,189138.5,610665.3333
"Q8K4P7",239336.3333,140716.5,193141.25,507176,254391,452.7715,246146.75,151654.9853,118226.075,271861,452.7715,753026,78701.775,334330.5,92242.35,115867.6,99857.75,60750.7,172884.5,148821.75,452.7715,192255.5785
"Q8K4X7",8369156.7,435552.2,6843070,1970953.3,1193072.5,312886,800517.8,495210.2,7121757.5,2524040,119040.7,516011.5,451255.5,1888290,3619060,2313300,3217607.5,4874075,8988010,4124355,828857,892469
"Q8R087",502448,1033296.5,153747.2,567289,524783.5,343016,521287.2,927665.2,262818,616224.2,621710.2,352160,686768,670870.8,736024,801650.8,539344,345797.8,298693.8,598386.2,416115.8,447494.3
"Q8R090",6581420,452.7715,452.7715,452.7715,452.7715,452.7715,534497,452.7715,35450.7931,56431.3559,452.7715,452.7715,201230.25,22103.2014,452.7715,274993.75,452.7715,100336.5,452.7715,96176.7,452.7715,452.7715
"Q8R092",684361,425494.5,1428642.5,1625283.3,641644.2,508088.8,832424.8,452874,430691,486871.5,829088.2,687969.5,802525.5,466044,437847.2,861164.8,1074401.2,444025.2,1006684.5,1250442.5,132657.6,561284
"Q8R0I0",13635166.67,81911.23,350900.25,318054.67,264526.5,356848.41,6413795,1119798.75,314165,995899.75,186962,1789325,363133.75,246533.5,3422115,81078050,116156.62,473381.75,119346,267415,1167222.5,352761.33
"Q8R0T6",83823.3667,452.7715,452.7715,452.7715,167967.5,28465.8422,21105.9546,491827.75,103118.15,238451.5,452.7715,452.7715,120273.15,35982.0914,138288.75,237754.75,82497.3,68711.4,452.7715,23035.5657,110812.625,193631.6667
"Q8R0W6",811725,273296.5,648681.5,1992943.3,1013467.8,266033,857043.8,1055441.5,468776,518965.8,273594.2,624383.5,718175.5,270410.8,441167.5,453230.5,321377.8,357846.8,411326,766007.5,315956,281368.3
"Q8R0X7",8736610,13951450,3058085,5944133.3,12763350,1518892.5,5305912.5,4390120,3961192.5,10054695,385433.2,7993640,2905160,10822157.5,7878550,23069950,11243925,2425105,2246497.5,31745675,1510702.5,20615566.7
"Q8R138",3537526.7,1558890,4880265,786872.7,6614925,1916682.5,1102842.5,1019759.8,6939545,4088190,1876025,573300,1919992.5,3644175,1457105,1836232.5,1900735,966331.5,311178.8,1393127.5,2043662.5,3063846.7
"Q8R1I1",16698683,33824500,9588358,20577767,22046825,49405100,32523412,16780730,18220650,11252558,51072825,4754748,11632430,19833010,8913462,21343732,17008275,8935658,6247892,7817948,46485400,9773020
"Q8R1K1",6593566.7,4974280,4316707.5,10614900,3287195,1238510,7784285,3990007.5,1967385,3237965,868912.2,1059202.8,2581047.5,3830442.5,1602067.5,7268325,5862895,1520432.5,12433950,8540930,964057,2455293.3
"Q8R1L4",71553.6043,85580.8695,452.7715,88341.6832,290114.75,80094.2263,43020.5018,452.7715,87270.425,131113.012,452.7715,1853882.5,537857.25,174284.25,444117.75,347168.8333,52133.6089,128809.275,452.7715,49759.1445,35215.1003,151708
"Q8R1V4",24233967,40066975,6634642,17627733,26737800,10360345,42897450,35590450,7401125,16323300,27887850,28928350,27513975,26096125,13471625,38670350,9807238,13393375,9102065,11132352,6084742,10466300
"Q8R2N1",17854.6365,452.7715,98775.801,601467.3333,460447,452.7715,2802480,452.7715,122412.65,49992.575,452.7715,452.7715,196683.75,42590.907,1456036.5,386665.75,23203.0897,759585.75,452.7715,475595.25,381888.75,5515030
"Q8R2Q6",320327.6667,24764.3509,217896,561568.3333,217562,53065.7355,235294,46227.6762,121343,109100.25,121933.4636,78202.8567,130764.25,157346.25,185253,42321.9587,148690.75,60384.325,301603.5,91407.825,452.7715,151967.3333
"Q8R2Y3",1739733.3,1973722.5,405364.2,1024308.7,4390442.5,163443.8,663052.2,462323.5,367249.8,1802045,249914.2,1232280,312001.8,1693937.5,627655.5,644226.8,272661.5,240395.5,545864,677709.8,122638,235466
"Q8R3H7",2978563.3,1515127.5,714135.2,5870930,2115885,505699.2,1341762.5,1021963.5,4370592.5,1832135,1626032.5,2595322.5,6924570,2141177.5,3476607.5,2759447.5,1373770,1717772.5,436063.8,2972997.5,1994330,2413700
"Q8R3L5",749214,229496.5,734141,353277,1007995.8,1652570,5001205,291045,1874810,646704,372756.5,685643.2,310247.5,798958.8,1946620,919187.2,1199410,601142.2,922319.8,1459170,385509.2,636794.7
"Q8R3Q0",4248850,6060067.5,1904945,2888963.3,3244457.5,2705140,4181522.5,2719757.5,1360230,2318965,8841692.5,2791035,2054385,3648597.5,1846345,1279642.5,1372937.5,831914,998542,3083540,727214.5,883800.3
"Q8R429",10304206.7,276828750,2690135,43009400,6637740,48856200,1748722.5,10319195,6818277.5,13523312.5,235265250,50862850,70832825,185429000,85842075,11852687.5,40501807.5,14432675,829503.8,12086775,309407000,15424500
"Q8R493",167644.3333,452.7715,30690.4759,60265.3333,452.7715,452.7715,452.7715,452.7715,167704.9457,452.7715,452.7715,452.7715,452.7715,452.7715,452.7715,19196.8553,452.7715,32304.65,452.7715,452.7715,452.7715,19806.9613
"Q8R4H9",689786,623082.8,149774.5,836215.3,721817.2,167199.2,1921687.5,1264707.5,554144.8,671557.8,142192.8,2141002.5,1497630,577286.5,1105717.8,2515817.5,745694.2,795489.8,215602.8,928049.8,261786.2,595912
"Q8R5J9",41347133,38016875,45561775,50047800,38766200,41205975,27301425,39544025,21002075,33898100,112488500,40355600,24974250,43891125,53736950,24974950,62713750,16935025,6080775,55072500,25335050,27002600
"Q8VBT0",21373533,13320925,9251485,56288700,13881475,12305650,19124200,11104065,11186775,14564625,8013828,23826500,9584292,13072025,8202000,22251450,16542750,7692552,20517850,25718950,5965482,9232243
"Q8VBZ3",11261767,12100700,8504860,11403267,8872572,5761415,19527725,10697375,4405400,6992505,8488895,2215620,4755732,7093570,4889995,20487200,6198200,5302845,5676502,7833925,2756635,3165617
"Q8VC65",430807,357376.75,101679.475,5193770,792289.25,149005.2661,241793.0965,452.7715,612123.75,847591.75,98936.8192,150100,335585.7637,755468.5,5359635,743343.5,1627762.5,351788.5,1718627.5,1650690,356600,221802.6667
"Q8VCA5",1025929.5849,452.7715,1764090.3348,156245.3333,452.7715,452.7715,45036.8389,452.7715,263533.75,114610.5874,452.7715,564539.9431,62061.825,452.7715,1842752.5,6287815,452.7715,512981.25,452.7715,324354,271742,318527
"Q8VCA6",1707960,1137862.2,683636,1705250,949167.2,2266432.5,840275.5,280424.5,613716.8,629129.2,1769275,1194020,460873.8,1077957.5,601980.8,1241430,576882.8,889594.8,648808,744254.2,1286552.5,491902.3
"Q8VCB1",695606,869063,463285.5,595315.7,609741.2,369507.8,491524,303676.2,200150.8,591220.5,389272,384574.5,129539,586598.2,509640.8,637181.5,616981,351750.5,625539.8,919671.8,228181,204254
"Q8VCD6",1408413.3333,196543.7758,3408482.5,2771053.3333,781307.1958,255934.638,8082.6259,452.7715,87291.25,90209.15,4253390,90244.525,82527.275,67862.1171,66913.8267,235282.5,274277.5,156607.25,1133034.5,70990.4448,893298.8367,163747
"Q8VCH6",4613470,869690.5,1287822.5,2490436.67,569870.5,101432.99,16653375,10745365,2613705,773079.75,79203.26,2017275,124145.45,453317,9096535,12172637.5,1622195,3404275,1108030,2659385,632373.75,4643183.33
"Q8VCK6",28023.0423,452.7715,452.7715,452.7715,1003876.25,452.7715,452.7715,452.7715,452.7715,269918,452.7715,452.7715,452.7715,734096.25,109378.75,72716.657,832266,452.7715,452.7715,54742.15,452.7715,452.7715
"Q8VCM5",2433560,3614297.5,426917.2,1134033.3,836926.5,4201172.5,1047155.8,1103210,524020.5,929833.5,4177725,588550.5,695005.2,1370290,1592965,785101.5,386894,644357.2,349720.8,551944.8,3798370,477656
"Q8VCM8",15151933,13848475,11305675,24125667,16079525,4967598,25589175,7974528,5115450,9491130,5479345,20485775,3356105,12493375,8085315,18983200,9340722,4880940,9076582,10996300,2976588,5385650
"Q8VCR3",638673.3333,1481892.5,452.7715,249574,189798.25,1988112.5,370873.75,281189.25,77951.55,229292,1092195,73107.8,344027.75,290567.5,182454,230970.7092,90942.4283,134861,452.7715,117947.75,1534340,149375.6667
"Q8VCX2",924838,581758.25,316521.309,916325,619188.75,286687.722,1236562.25,1159485.75,813212.5,707729.75,452.7715,3402932.5,3096760,1190950,848969.5,3408000,1517397.5,1336545,285902.75,733365.5,134929.875,1485183.3333
"Q8VD00",856225.3,714882,439720.8,811884,607012,452.7715,1316952,2877692,1141371,1388332,452.7715,19301540,1268875,512373.8,1771220,4657332,1766535,1778388,3167008,794890.2,407906.1,211752.7
"Q8VD31",5071736.7,18159050,864398.2,2751433.3,8004797.5,895372.8,3486272.5,9601412.5,4439727.5,8246685,2085462.5,3311832.5,2344725,8404720,5610467.5,14136800,9078140,1002922.5,418399.8,14570425,747987.5,1933103.3
"Q8VDI9",2068066.7,2350382.5,1148870,2807646.7,3243190,449298.8,2497937.5,1230711,1443230,2330997.5,320185,5268535,1337602.5,2861202.5,1509020,3086145,1849642.5,1301790,1708335,2016320,563203.2,1234183.3
"Q8VDN2",129040667,46620500,393605750,262959333,74746000,277559000,505528250,86426700,81236100,68109975,36145100,168712750,162975250,69634450,120252750,493500750,101153000,98723775,47970525,152517250,83784675,140916000
"Q8VDP6",17473333,15061950,21291475,37745300,19881775,6560520,22544650,13096900,19448600,13736375,4113135,38523525,13316700,12867300,10828650,31850050,19840325,10009570,5824912,21462300,6507578,16993300
"Q8VDZ4",3587360,2042635,5185902,3488283,2202592,1450498,2468000,2192065,2441032,2399778,1644702,2363880,2687650,2197070,1789895,1960530,2314890,1138410,3145858,4177230,1363198,4350780
"Q8VE91",248627.67,244331.75,452975,473647,71828.07,1837855,1983272.5,102362.55,385388.25,376976.25,4034495,2746327.5,104584.71,100135.98,1082035,484198.25,526334.75,204804,741774.5,745036.5,1124342.5,595044.33
"Q8VEF1",713358.67,977183.25,1469855,1383170,331944.75,191400.75,245344,256181.75,233641.25,674151.25,201948.25,752284.25,189745.5,658549.75,571270.25,235835,971634.25,314669.75,617132.5,1765105,52831.95,94992.63
"Q8VEK0",5217147,3451558,6854620,6054650,4165902,2565055,10931125,29136875,8472358,3200158,4056222,2723735,3713808,4840272,4641940,4381215,5174715,1832098,2951118,5706028,2181730,3325673
"Q8VEK2",2910196.7,4204287.5,3043417.5,4707203.3,2515607.5,788347.8,1415467.5,1509540,684839,1760672.5,523755,792245.5,624242,2235680,756431,1347445,718895.5,820113.8,728904.5,1192520,256696.5,1205610
"Q8VEM1",438336.7,271635.8,605490.8,374348,388865.5,156096.2,359822.8,615100,255112.5,336414.2,259732.5,194343.5,423742.5,355929.5,265843.2,185104,609310.5,323362.5,250941.8,601349.8,165397.2,334857
"Q8VEM8",134308667,93926875,28906825,75892467,49096550,367499250,70172625,60705775,30720350,40992350,149301000,90448300,50568975,74541175,58927700,31068600,21436825,42742425,11529050,18313200,282340000,31802433
"Q8VEW1;Q8VFZ5",950475.33,542485,75035.35,853373.67,1003362.25,203253.25,5602377.5,689068.25,385386.75,1878422.5,161805.68,83823.3,532775.75,1463159,943288.32,1161364.5,1808335,798131,3817300,3846615,447065.25,672179.67
"Q8VGD6",452.7715,474614.25,21571.2564,452.7715,452.7715,1351100.75,452.7715,452.7715,808754.5,681503.1471,452.7715,452.7715,452.7715,452.7715,598309.75,1239804.2192,438264.4623,452.7715,452.7715,452.7715,452.7715,530075.0958
"Q8VHB5",452.7715,144223.6,104930.7,579873.7,452.7715,452.7715,768184.5,461167,69095.02,135729.8,452.7715,2507102,106287.3,452.7715,100257.5,8412398,53306.69,25188980,452.7715,31368.49,452.7715,43399.15
"Q8VHE0",6266540,5471937.5,3159765,6399096.7,6930367.5,1908612.5,8388877.5,7078835,4843465,5699827.5,779523.2,21756400,1872835,5520707.5,3641177.5,8835632.5,5119842.5,2598352.5,5321777.5,8694480,1387847.5,2545903.3
"Q8VI59",1093690,636590.8,1196510,1144316.7,956232.2,203486.5,711351,416890.8,384721.8,796325.8,185100.7,579780.8,630577,900545,683827,769996.2,1183160,398515.8,665813.8,1453672.5,288951.2,787921.7
"Q91V01",25797367,24254025,1828210,19849300,30917925,5511495,44705025,20166000,8847578,22673150,1371555,11108338,15954500,19626425,18708525,53326525,8984918,6538658,20960350,16993700,2459485,11901533
"Q91V04",2789026.7,1209090,407067.2,1374800,2601875,459372.2,3290077.5,3956525,2275222.5,3035442.5,312352.2,53760425,3168877.5,2143647.5,2785167.5,5844885,3450840,3444770,1399910,5122490,663744.2,1811506.7
"Q91V61",40308800,6804320,16204450,22323400,16119275,4035825,4907238,1452608,18820175,15304900,9964310,11649750,45407475,23275775,69348325,4595892,9721218,15794350,3291750,3984045,17383750,16078200
"Q91VC9",10668233.3,13795425,777838.5,6241473.3,5817355,24230600,5572762.5,3919335,1563007.5,5886095,7915775,1635382.5,5535882.5,8208337.5,5881135,2043770,1804542.5,3629482.5,2091640,1731680,23389125,3195470
"Q91VK4",4869166.7,372276.5,10549892.5,4905103.3,767157,680658.5,791098.5,452894.5,1115400,804017,323360,546399.2,1722257.5,873457.5,919495.8,712084,1808705,857416,933338.8,3178650,382684.8,1045270.7
"Q91VS7",79931933,145013500,3052200,14110767,200180750,7224612,9972770,378760000,75544775,102044650,4503792,8924748,9480692,98623400,38253975,23332575,7824168,2998510,16638300,20130700,2955292,33052867
"Q91WR6",177487.3333,222445.25,452.7715,46340.3117,309948.5,452.7715,158712.5,80625.5829,77611.15,156712.75,48170.2784,112807.35,48590.6386,171941.75,56309.95,120129.4215,73733.075,452.7715,24815.741,86968.5592,452.7715,52832.1667
"Q91WS0",16436267,44754700,3967790,14178067,8628015,56231300,23616500,15466225,6022285,8884272,68630400,9081900,8474065,15560100,13008150,6416420,1961655,6002032,3442412,4409488,33256350,5221607
"Q91X21",2514383.3,2253300,209189.8,2039023.3,1291872.5,695503.2,1509440,1538237.5,889892.2,1553685,728354.5,2315002.5,3554020,1819382.5,2299477.5,4701945,1942865,2598417.5,1771995,1813907.5,963731.2,2088980
"Q91X78",3009450,1205917.5,1800495,1730703.3,3223035,588140,6301625,1730662.5,1443502.5,1981750,384916.5,545210.2,1172130,2093932.5,2302357.5,6195645,1806182.5,3188775,3417925,2018872.5,535049.2,2380823.3
"Q91X86",249184.6667,452.7715,103751.5294,2722753.3333,234402,74279.3324,88031.1,99426.35,130694,152046.75,452.7715,73949.4065,452.7715,103438.125,452.7715,1026964.25,167498.75,821087.25,452.7715,123792.75,452.7715,292278.3333
"Q91X88",1182383.3,1361255,161392,1475453.3,413755.5,355905.5,584436,470441.8,491476.8,388007.2,352886.2,983661.8,1983890,555310.8,745528.2,779821.5,370608.8,572324.5,883941.5,367852.8,624861.8,695030.3
"Q91XC9",8974253.3,5588477.5,1226402.5,3364583.3,8965342.5,2412380,3231515,4634522.5,1125245,7217322.5,1209312.5,544016.2,992938.2,9612757.5,3835687.5,2631595,3050275,1004838.8,3421722.5,5193032.5,2452427.5,1821290
"Q91XE8",32642600,47396125,1885825,5032957,68924450,7679052,44112925,87527475,9920630,24202975,3422012,10789100,8669502,29631300,7211958,10665755,2753798,2891682,12351025,4915928,1409868,7662030
"Q91XL3",1378373.3,599474,353616,741872,879045.5,195115.5,790460.5,524277.8,291915.5,529539,483710.5,464969.5,729537.2,1015159,522275.2,551058,369907.8,456510.5,506351.2,318248.2,226617.5,557755.7
"Q91YT2",988027.67,780514.5,450146,1480243.33,934397.75,329006.46,2137057.5,1336760,372509,624004,1105437.5,2024632.5,305875.25,588241,95143.22,1678148.54,288652.3,385425.5,340224.25,783476.5,313552.5,422137.67
"Q91YX5",1466423.3,1223857.5,2974437.5,3696936.7,11159790,943775.5,2519687.5,1982900,968572,2342180,140593.3,781093,837268.5,5288352.5,1058653.2,11708575,1216675,300923,1215607.5,1136862.5,836066.8,1921493.3
"Q91YY2",535279,313977.25,315376.25,771664.3333,155819.5,248930.5088,364787.5,395999.5,149839.5,181714.9804,452.7715,277441.25,1788362.5,169851.25,164254.25,499498.25,341744.5,443988.75,240157.75,230718.75,132712.2954,591909.3333
"Q91ZB5",452.7715,452.7715,452.7715,156861.3333,452.7715,452.7715,452.7715,452.7715,452.7715,452.7715,452.7715,452.7715,452.7715,248571.75,183608.5,452.7715,452.7715,452.7715,452.7715,211173.75,452.7715,26312.6776
"Q91ZB7",352838.3333,34881.7691,323741,422713.6667,452.7715,452.7715,82407.05,119369.5,146701,145540.25,452.7715,151355.9674,100893.75,140810.6102,73909.725,45103.0736,503382,24366.8238,452.7715,534576.25,452.7715,58360.2113
"Q91ZB8",452.7715,23816.7978,452.7715,452.7715,452.7715,452.7715,435648.0382,452.7715,452.7715,452.7715,452.7715,452.7715,452.7715,85843.5374,184883.5,452.7715,452.7715,452.7715,452.7715,452.7715,452.7715,452.7715
"Q91ZD4",143621.3333,452.7715,264391.25,209888.6667,151906,2108773.1949,182137.5,452.7715,284627,177110.25,452.7715,42840.6545,97614.925,106517.7,997693,146426,327227.25,95536.125,452.7715,554390.75,243175,229486
"Q91ZN5",4380230,2400952.5,372599.8,3198370,1592982.5,978538.2,2191842.5,1550110,1089802.5,1865605,1238130,4486830,11564300,2109025,3726307.5,5043755,1855087.5,3170732.5,886226.5,2504942.5,1449937.5,4164326.7
"Q91ZU6",463753.3,255652.2,2072275,1478450,633349.8,675477,1164392.5,609540.5,399773.8,567670.8,712230.5,123727.1,324503.8,448415.5,445126.5,267555.8,193889.2,1078442.5,506038,359480.2,650475.5,1143160
"Q920L1",26476733.33,337096,3499635,4882010,3387040,229201,2795920,8820557.5,1283695,1958005,59367.23,1643495,3192112.5,1841367.5,717169.75,2913367.5,1998255,573925,7031165,1581272.5,335469.5,2374690
"Q921I0",1052591.3,2051227.5,174038.8,2884866.7,935546,547763.8,2543922.5,3349417.5,628523.5,765229.8,1308670,787922,811064.5,1038841.8,548712.8,1667995,987917.8,805920,725356,1442945,282588.2,2189230
"Q921N7",4522253.3,12322900,211146.1,949613,3080102.5,13211200,3058060,2685415,445675.5,1956285,3914085,815850.8,2741697.5,2983025,2657822.5,1240237.5,443951.2,952889.8,657757.5,951933.5,13142100,949944.3
"Q921T2",2233970,2031995,667059.2,2755030,3096002.5,751242.8,2318247.5,2292367.5,1057652.8,3457395,4418420,1302155,633609.2,3093995,5541557.5,3313497.5,4528270,1330440,4418495,4759437.5,748245.8,819541.7
"Q921Y4",1469163.3,1003901,474654.2,799546.3,2430105,204908.8,914815.8,866322.2,1018637.2,1813290,1197592.5,2582365,2714275,1836275,1728627.5,819288.5,1197473,812546.5,334215.8,1431922.5,744881.8,1324833.3
"Q922J6",245953.3,278367,18369375,1178670,386120,270178.8,731806.2,253642,2780822.5,679195.8,247170.2,123001.7,8036382.5,301639,638643.8,1396402.5,782641.5,1869647.5,270633.2,844228.2,564448,1885666.7
"Q922J9",2545130,378605.5,1388177.5,11129666.7,2180817.5,483273,4782252.5,120902.9,1434042.5,3461187.5,156075,235862,310363.5,3191055,1306225,570431.2,5653805,5750627.5,1002088.2,6031710,1105977.5,1364170
"Q922P8",319267.3333,945470.2745,1644462.5,431992,452.7715,452.7715,452.7715,452.7715,452.7715,452.7715,452.7715,452.7715,46897.675,452.7715,452.7715,372261.6685,31426.45,31313.45,120112,66402.225,195889,54249.3667
"Q922Q8",32368800,26948400,19728075,38520267,36504250,5698638,11741735,15837800,16904050,25146875,14309150,186939000,15973550,31537125,8800205,38884350,21231325,23228225,13471138,36947775,4255712,15624533
"Q923J1",645730.3333,415071.5,380422.5,513040,702144.75,230015.25,1048698.25,233939.25,400646.25,568217.75,452.7715,531096.25,331283,783217.75,423753.25,427675,890582.5,261641.25,333729.75,1490492.5,269258,534240
"Q923W9",452.7715,452.7715,452.7715,452.7715,452.7715,452.7715,452.7715,452.7715,452.7715,33903.7121,452.7715,17690.2984,36206.5314,83589.4983,87254.25,452.7715,452.7715,452.7715,452.7715,452.7715,452.7715,68928.1
"Q923Z0",2298383.33,1165645,3228037.5,1492320,819832,147751.42,77098.98,28033.98,578655.5,808737.25,166875.75,32259.97,438756,1314335,215686,57742.15,137588.75,38824.02,1521002.5,201193.5,379999.75,268042
"Q924Z4",16991133,20357225,2137325,5111857,14287550,1233808,20478950,32992900,9003680,9992910,1234990,2869232,3848290,13283775,4018740,17500450,8327918,3409105,2661762,6488108,1374300,2305093
"Q925I1",13439333.3,26315375,1398465,3658306.7,7463167.5,19186100,4817047.5,10982325,1821267.5,9659575,12986875,3769127.5,5340485,12658425,3303522.5,2899710,2834482.5,2707007.5,826462.2,2076902.5,18312000,3763740
"Q925U4",307068.6667,266465.75,452.7715,48968.4583,393330.75,22623.5981,426975.25,386946.5,148435.0263,331533.25,452.7715,759985.75,131685.3,350376.25,161672.25,482762.5,282447.25,148556.75,144652.75,1484702.5,452.7715,156579.3333
"Q99JG2",612623.3,425137.8,15122980,779974.7,452.7715,452.7715,380683.3,452.7715,90769,169098.9,207778.2,452.7715,566177.2,188644.9,571751.5,388321.8,212841.6,349432.5,29579.32,452.7715,452.7715,128277
"Q99JH8",436985,577998.25,70847.98,314470,1066592.5,564568,1122245,835850.75,503490.75,630910.5,226628.25,1218842.25,1184271.25,528682,454340.75,792021.75,231242.5,396420.5,232347.25,354640.75,353826,274977.67
"Q99JP7",865432.33,175837.75,15550725,11508590,980475,105111.85,106617.57,91859.88,158827.75,156399.25,387003,229331.75,191776.25,197524,196278.75,154085.5,264617.75,201416.75,1332847.5,148133.25,267961.25,105873.47
"Q99KC7",35585.4229,452.7715,452.7715,452.7715,57975.1857,452.7715,452.7715,95560.214,145118,452.7715,452.7715,711076,154592.25,28632.2406,33623.45,54156.783,62957.1504,161720,452.7715,452.7715,452.7715,93708.1333
"Q99KF1",29631300,36390775,14537675,28411700,37596075,11246725,38713375,57731950,19607325,28682175,40977700,20270050,31096000,41789775,36789025,31604850,31467450,18755575,11816450,26434150,12575925,30068167
"Q99KG5",516332.3333,452.7715,226916.75,768138,349771.75,111566.825,720289.5,9796457.5,537692,373791.5,452.7715,2278727.5,1496022.5,180646,565324,2385215,232131.75,1940085,1470597.5,856981.25,193429,1975456.6667
"Q99KI3",5175073,7977518,2981320,4203360,6093250,1840158,4448490,2717982,2052488,4051492,1350838,4734872,1758180,4219688,2612072,2935002,2356082,1542180,1403240,4385738,1247825,1950067
"Q99KU0",1415546.7,1698027.5,1941452.5,1565410,2433617.5,767169.8,3104300,3263317.5,1920205,1129999.2,2521145,3084385,1678835,1600185,1474675,10405277.5,768409,1501752.5,1239817.5,912402,1031302.5,774392
"Q99KW9",6669637,5355125,9570802,7805257,6167648,2255922,5288238,6227722,2978560,4267752,1351260,4466565,2760388,7342528,4122468,3462788,3736795,1679705,1786590,3395158,2223618,2319323
"Q99L43",13054667,10885000,28261350,41114233,18979925,14413775,10536660,11951300,10112448,10899515,3800572,4068878,6335078,9054905,5920575,8874612,10731598,4363190,2933235,12472675,2576218,6967390
"Q99LG1",191404,104769.5265,494881.75,849889.6667,108273.625,248492.25,369305.5,482956,208055.25,232194.5,106138.4473,524462.5,239651.75,158485.75,241009,601861.5,1119654.25,1491755,205249.75,472064.5,452.7715,903191
"Q99LH2",1144656.7,1126376,1770415,1659223.3,1442962.5,869286.2,1409882.5,725802.5,1140275,1182230,211258,1762095,603249.8,945093.5,1292412.5,1247455,803661,948034.2,492985.5,1218500,373533.8,592970
"Q99LI2",4549600,2969035,2432042.5,5764253.3,3304840,2476710,5432892.5,6566977.5,3575082.5,2655907.5,3199377.5,1970755,1948965,3666380,2418965,4820477.5,5332095,1538682.5,2526502.5,4204577.5,994369.2,3770916.7
"Q99LJ8",113407.2667,78084.95,64867.6283,54821.2657,27244.7542,84912.6017,454637.75,452.7715,32326.8,44931.175,452.7715,114229.5,25057.5841,48870.9,452.7715,154517,64863.6,78779.95,73014.65,121012,452.7715,42636.3333
"Q99LR1",13447033,12633300,28038100,20407400,17635150,3503560,6311005,3938050,4614295,12784050,3559770,2290962,21247575,20380050,7545090,14861450,17791625,5270702,6595468,16818425,2734522,36015500
"Q99M02",25526.3,14044.1856,32443.4154,44127.8,60426.384,452.7715,452.7715,452.7715,20052.6103,452.7715,452.7715,452.7715,101052.8828,452.7715,452.7715,11630.5307,83067.575,452.7715,13803.6826,29680.4617,452.7715,452.7715
"Q99M08",172237.67,187097,197334.75,267086.67,234270,57584.38,232612,101872.7,114494.48,156549.25,185403.83,1833015,110480.55,120227.77,789064.75,244099.5,88578.38,127191.5,108407.8,164274.5,117162.38,122263.67
"Q99MQ3",93844.4,46573.3567,202122.688,452.7715,452.7715,82655.3541,452.7715,452.7715,452.7715,31553.3475,452.7715,452.7715,452.7715,452.7715,452.7715,452.7715,56929.3495,36906.1519,452.7715,452.7715,218619.25,452.7715
"Q99MT6",452.7715,452.7715,452.7715,452.7715,861977.25,452.7715,246417,88766.1297,452.7715,187295.75,452.7715,452.7715,452.7715,127882.7,452.7715,452.7715,73391.6,452.7715,452.7715,452.7715,452.7715,452.7715
"Q99P65",3771253.3,2139490,676727.5,993446.7,6720617.5,630826.5,9499932.5,1478147.5,1038000.5,4359685,458654.5,2219562.5,2821740,9503595,9168995,1093387.8,8811950,1153780,1112225,11504400,1422695,1554483.3
"Q99PD7",83052.7,348160,305848,395712.3333,99473.3582,452.7715,452.7715,452.7715,62661.7955,45388.2277,452.7715,47724.6655,52691.4954,61218.7857,452.7715,142820.75,42544.6,24009.524,105369.725,49879.3,452.7715,94296.3667
"Q99PL5",1741943.3,1445155,2466605,1763873.3,5154792.5,1034378.8,698417.5,1406580,1843415,4675852.5,796440.5,42312675,4755905,3142942.5,1295377.5,855685,1342917.8,5034132.5,1389190,1036507.5,1779635,3421943.3
"Q9CPQ1",44185267,179604750,7780802,20260867,24232100,307047500,38136250,45400800,12054625,34843775,144721250,26140750,33586200,46620125,47803850,13952225,7875348,22049700,4690118,11636950,207053000,16446633
"Q9CPQ3",18691133,36601375,4966892,6885003,9740455,28886400,3743740,8491038,3015758,9220468,12662348,5254620,10187135,10531568,6365688,4402245,4527285,4430532,2317150,4144228,22646525,5768847
"Q9CPU9",1958540,1245179,192838.6,856307.5,2363892.5,721982.2,1321348.5,3562012.5,1292811.5,2801490,373092.8,2387290,2057250,3234797.5,2272530,586115,1747245,1386813.5,1133022.5,1164017.5,747348.5,543518.3
"Q9CPV0",517970,452.7715,134930.9268,965833,517561.75,452.7715,514761.5,52605.711,355322.75,272736.25,452.7715,172284,310626.25,173731.75,412617,109315.4509,208268.5,98015,949813,338486.75,113497.589,260336.6667
"Q9CPV9",156574,166365,5212050,735966,564295,128998.995,452.7715,452.7715,192799,494119.5,107912.1485,288899.25,269627,1073627.25,626831.75,118363.575,1401542.5,98043.125,176598,1225300,285709.75,287820.3333
"Q9CPZ6",6124933.3,21230975,1133334.2,6057426.7,13616275,1111398.8,2927615,6504580,1942745,7760087.5,1982092.5,3593197.5,2443755,11181075,2769312.5,6742660,2069792.5,1529865,2321247.5,2207245,806027.8,2628216.7
"Q9CQ44",160119,129513.3682,452.7715,175994.6667,160370.75,452.7715,152048.25,72991.1932,68666.675,62160.98,452.7715,73696.125,88404.05,74050.6562,100268.0601,39174.7,452.7715,26208.05,147678.5,69049.5886,452.7715,27041.7706
"Q9CQ54",25224133,86598625,4055875,9511883,16179925,188279500,15871525,17505550,3723012,15877950,90680500,12591478,23745675,21840975,22399600,4436070,3510475,8362638,1472035,5006368,133033500,7762373
"Q9CQ56",5744393.3,6870222.5,2453355,5580630,3764227.5,2691847.5,4140880,4545357.5,1951665,3561697.5,4068450,17656800,2167750,4621912.5,2523717.5,4388665,3541922.5,2392737.5,3445802.5,4293825,900553.2,3061600
"Q9CQ69",62527133,188036250,13081800,25781200,30401675,177102375,36106900,54857400,11236200,32528125,120311175,14912425,36745550,53145325,52452500,20344250,8375320,17170150,6114730,15934000,153478500,18276533
"Q9CQ88",3833306.7,3504245,1416915,1865283.3,2182145,710065,3867117.5,11515100,997407,2155345,316423.8,7942020,2111935,4128555,2415705,5869182.5,4425202.5,3533100,680677.8,1940052.5,438596.8,1796236.7
"Q9CQ91",7000706.7,46370550,1555275,2172006.7,9679380,45799300,11537057.5,10993225,2934097.5,9699302.5,74520375,1941720,9388960,11929627.5,12858200,12864400,1507562.5,6106300,602179.5,2260012.5,88265975,2171050
"Q9CQ92",3395303.3,1198112.5,474006.2,2752010,1612070,3540347.5,1132057,984102.5,619239.2,1221285,3546790,2136543.8,1395357.5,1248775,1421000,786853.2,854758,1372172.5,737425,1104737.8,3524027.5,1307100
"Q9CQB5",30274900,33140600,12114750,40004067,21645375,29078225,49085025,41224925,10581820,18127175,60143775,51228725,23532050,17621908,17613325,40911500,28033950,12039375,9826825,35284900,15482150,10983767
"Q9CQC7",32443900,59249600,11844700,14459267,25096400,99057750,14675300,33882075,6346592,26422700,93148975,11866700,41384150,27682050,48546550,12291150,4948350,26480175,2877725,8262918,218433250,10867780
"Q9CQE2",1614483.3,2428192.5,171866.2,746400.3,623367,5205045,679373.2,428895.5,344189,551871,2423310,404425.2,1021213.5,977479,701093,314586.8,212970.2,198295.2,107819.8,323908,4699940,429284.3
"Q9CQG6",876893,1147105,542390,1517790,1635307.5,513219.2,2210465,660247.5,475743,883245.5,419736.5,1281190,350421.8,914332,602593,1288500,495595.5,402698,874094.5,795944.8,523452.3,330020.7
"Q9CQH0",907793,452.7715,32240.79,705931.7,904758.8,452.7715,11093400,924657.5,414892,452.7715,608033,1307660,2523232,83690.28,309592.8,343628.8,353728.2,518941.8,874548.8,199451.8,778286.5,1954503
"Q9CQH3",51166233,157982000,7728995,18555567,39006375,266914250,27974725,47313575,11670050,35113550,158554750,25627425,50365125,46895025,59792825,11926850,7273410,19455075,4210985,10731150,243433500,13982833
"Q9CQN6",283706,4308805,112067.57,112287.77,1066071.5,1108904.75,564174.5,653563.03,257942,747399.25,576973.25,845266,119875.4,569844.75,257106.25,310492.81,400190.25,470883.55,56198.43,165479.54,34050.59,66762.27
"Q9CQS4",2243986.7,3939572.5,1329300,822845,874197,4698790,1939985,732854.2,515002,1200560,906805.2,389448.5,481563.5,1652960,850089.5,578572,777088.5,427784,216438.8,523093.5,1979927.5,573893.7
"Q9CQS8",14987367,12028350,3770302,8554247,9334728,3387308,8275475,9812558,7156520,9041802,12999575,84764400,7112328,8712610,6155618,10554358,9611452,5898802,4453928,11125665,3315160,4298217
"Q9CQU3",4001710,5224585,1972565,5002427,5021440,1579850,16356075,9922685,3059988,3645302,2669805,3551872,6487065,4389740,4227475,11823950,4333728,3655210,2476975,5097868,1706698,3756967
"Q9CQV4",2092800,2130977.5,1051144,2412496.7,2133235,517196.5,1407362.5,1364712.5,713391.2,1576975,1483215,1054962.5,521472,1551930,654552,2976237.5,1764427.5,437857,1142297.5,3102965,456705.5,1170990
"Q9CQX2",98503300,124456000,31058825,73431633,193456250,49031850,61258775,70773500,45335625,122596500,45449475,278797500,71916475,74592175,74292250,103917950,17440175,25342025,23882925,30618775,62231750,68932167
"Q9CQX5",1954820,1310577.5,1764572.5,1564206.7,2122290,827180.8,2211557.5,2381032.5,1439837.5,1334695,1274950,2450200,2695502.5,1491345,3525587.5,4335017.5,2023740,1887745,1344675,2587055,1448735,2480236.7
"Q9CQY5",14872800,17457825,1340741,8171527,22112150,2912998,20988025,8746725,6472298,12332225,4967650,18233825,9297178,17634975,7315090,18233600,9740718,5871082,2763042,9576940,2067770,9022500
"Q9CQY9",452.7715,20881.0607,452.7715,154973.3333,452.7715,47397.2326,452.7715,452.7715,452.7715,452.7715,43103.7039,452.7715,452.7715,452.7715,12859.0695,452.7715,452.7715,452.7715,452.7715,452.7715,112587.875,452.7715
"Q9CQZ0",183096.3333,263038.5,452.7715,200540.1352,389019.75,452.7715,432770.25,597055.25,204715.5,190171.5,452.7715,547098,299295,252715.75,268508.0584,682844.5,128725.75,332958.25,169710.5,149709,452.7715,129276.5667
"Q9CQZ6",26145567,80035350,4238748,9789837,16110725,81944900,9019682,22905100,3842948,16722400,63729600,7634772,24348300,22832225,23469275,6874312,3234485,10883800,1345638,5175180,149409500,8871997
"Q9CR20",11737900,19807575,4539078,13107267,22541875,4995415,14728150,24467825,5750275,11361775,15343575,39493900,12924775,11526282,3826982,19390925,9273218,4478972,6484415,13554125,3125880,9568453
"Q9CR22",330633.33,577532.5,374284.25,575398.67,631763.75,638598.5,110440.07,336813.25,537146,455452.25,1225842.5,333016,374276.25,712448.75,25249.96,92609.94,436730.25,260955.5,151049,258682.75,102252.83,208791.67
"Q9CR23",2025170,1988812.5,5057850,5886980,2062865,505102,9437350,4282462.5,602607.2,995222.2,487286.5,3223402.5,828942.8,2082177.5,607369.5,645500.5,1659292.5,1214482.5,784793,1802102.5,453535,1180926.7
"Q9CR33",393609.67,151400.39,617369.5,340179.33,249825,139460.5,410359.5,383575.75,633704,352069,121239.15,3780935,2470387.5,300824.5,598904.25,747673.5,414491.75,1576327.5,41542.09,235961.5,127768.62,1336623.33
"Q9CR60",7427270,10248212,5032438,9837580,8839540,2819442,4199132,2528620,3645842,5620652,8055215,14422750,8242225,7625218,8692602,5727832,6019430,4390842,4713620,10063680,2399414,6278737
"Q9CR62",63422367,142147000,15344025,47749867,39423000,594267750,48726725,44500500,23908900,34331075,222599000,17380525,63000400,57291700,58379125,16183575,16663250,19067300,2048850,12729000,338160250,19889833
"Q9CR67",18993833,15792175,12410075,21197767,12574175,4512242,38110425,17397450,9032880,10855600,2353112,19043900,8662962,12581825,7901268,27031075,10929520,9794048,10243270,15508075,2970570,14051167
"Q9CR76",2172166.67,3986952.5,68421.5,308903.33,1085750.5,6411412.5,832102.25,838515,203411,666156.75,2140207.5,118972.75,644675.25,1227075,730178.5,462832.75,266262,273782.75,94244.65,212861.13,3629222.5,326143.67
"Q9CR89",2960503.3,2195600,2083242.5,3665750,2894277.5,825824.8,5279597.5,3536055,1708770,2435467.5,750694,8110677.5,6252970,3361877.5,2415970,6476250,3011670,2104487.5,3880627.5,2716360,886687.5,2379823.3
"Q9CRA4",6220126.67,1136347.25,3640832.5,6605080,1477607.5,281765.75,3730752.5,4300635,1948175,1875865,30252.22,1790400,1475090,1352815,16426475,7666427.5,1995445,3573977.5,3216212.5,2310085,721864.46,4886666.67
"Q9CRC0",14249733.3,11348255,2979992.5,7353080,19630525,1012550.5,10531385,29551775,8549780,9463680,1378788,70489575,14251775,13875375,20622725,10288315,7762532.5,4647917.5,9382462.5,7844410,567470.8,7015183.3
"Q9CTG6",727273.3,432962.5,636990.8,823713.7,955251.8,125743.6,177762,548179.5,572019.5,1437847.5,188740,2023860,556769.5,2673057.5,901227.5,362108.8,3007457.5,358511.5,794921,1630047.5,462572.5,522207
"Q9CUS9",93432.2667,452.7715,452.7715,119803.3333,452.7715,452.7715,452.7715,452.7715,37050.6115,36579.3215,452.7715,452.7715,51104.45,83843.664,137116.25,198599,111256.5,94560.8,162058.75,153227,79217.5255,84753.5
"Q9CX30",1637563.3,2779715,3223667.5,2281656.7,2049860,2393352.5,1418844.2,1345550,1377562.5,1531885,967258.2,4105942.5,1192492.5,3968662.5,1185669.2,1470330,3055195,558685.8,2328062.5,2492747.5,684376.2,598892.7
"Q9CXB2",180445.3333,574554.2198,452.7715,452.7715,904130.75,55854.8685,452.7715,175543.7213,535048.75,548232.75,1026499.1798,452.7715,452.7715,376995.75,571118.25,424756.9147,452.7715,452.7715,452.7715,89646.45,452.7715,296477
"Q9CXD6",1723700,3205452.5,452.7715,309817.3333,1245800,2785940,1278847.5,250620.25,352189,1399035,503154.25,275256.75,1007706.25,1134887.5,1593985,254319,206664,386807.75,112127.825,240840.5,2742680,249398.6667
"Q9CXJ4",6674070,17279625,724483.2,1667153.3,2781442.5,26195925,4771775,2228240,861161.2,4045792.5,10215145,642679.5,1211465,4888207.5,2812280,1387055,500430.5,1294277.5,745721.8,927325.2,20422175,1018006.3
"Q9CXT7",4129173.3,4435722.5,636160.2,3425390,6466577.5,900348,2259777.5,1182472.5,816255,3658680,636719.5,1856390,1186200,5319847.5,2988312.5,995037.2,2216402.5,1016285,1334060,2978985,1102890,840610.3
"Q9CXY9",6122197,5682325,4417528,5055760,7208500,2000628,4653525,2504568,2944212,4459450,1068760,3608082,2670530,4939952,3386295,7910722,4718170,2276038,4775172,4512500,1338978,2170937
"Q9CY24",1128826.7,2285150,420003,536634.7,2497277.5,735648,2971612.5,2516052.5,1499315,2194257.5,649417.8,727080.2,336735.2,3018602.5,1930920,2145695,2420352.5,846719.5,267010.8,2027632.5,255087,394952.3
"Q9CY27",41051633,67749425,12848700,32721333,45615375,10085735,37600325,25212075,10848625,36507125,29332300,27180375,19429725,41585600,19612175,21672775,10687490,7712505,10037722,15070950,6364132,18636333
"Q9CYN2",12616767,11182900,4061355,8630203,12585500,2725500,8109765,16802250,8837350,9446710,6781002,63133475,16421050,13041475,12725500,13403025,16707175,5779988,7181930,11798250,3405575,7465427
"Q9CYN9",5191550,2252942.5,6600725,8904233.3,2076520,809778.5,3281837.5,3230052.5,1405230,1758670,1249787.5,2021875,1930545,2087600,1456825,3257310,2658585,2126152.5,3026242.5,4651435,866745.8,1729673.3
"Q9CZB9",665981.6667,2001962.5,226007.75,524904.3333,690899.25,133351.3765,967074.75,524279,537666.75,697828.75,410005.5,666637.25,145893.75,693121.25,152037.7378,1021198,640799.75,326769.75,1554622.5,959576.25,452.7715,479642
"Q9CZW4",1634636.7,2687872.5,7699517.5,27923133.3,1320190,401685,3112940,1483655,823198.8,1401090,836073.2,1449490,1761105,1758067.5,848219.8,2282547.5,1690402.5,2172182.5,6365227.5,4323307.5,875420,2140256.7
"Q9CZW5",15594033,19639275,7349382,11045467,8961978,17626375,3517835,8207780,4099922,9575085,15976650,2874655,5623472,13576450,1212092,3611180,4615585,4213012,3216300,4712578,9975735,5052343
"Q9CZX9",12729733,23924125,9169900,10582770,17320650,5328895,14002050,7633100,4654432,11984575,5975552,9943738,4494262,13017425,5132698,7436578,7265442,3268200,3994372,9888105,2911722,4742593
"Q9D0V7",996247.6667,1175095.75,1638460,1719823.3333,780980.25,923823.75,1429695,2375207.5,497124,826817.5,3844022.5,1708347.5,1040566.5,1431350,557507.8905,925320.25,1060070.75,967263.25,363989.25,918101,452.7715,786416.3333
"Q9D132",712026.3,1523951,452.7715,546624.7,1537828,452.7715,853676.5,3964464,166195.1,1273848,452.7715,452.7715,3169872,452.7715,452.7715,452.7715,452.7715,452.7715,3489157,396971.5,452.7715,31422150
"Q9D162",1306020,2767587.5,1238194,1573483.3,966915.2,2120077.5,985925,2177710,606795.8,1081882.5,7358405,1309535,619801,1210613.5,1196392.5,1830895,1185821,620692.8,254582,1234805,895965.2,330454.3
"Q9D164",6707106.67,1476977.5,19107250,3734570,337437.25,307499.25,387090.75,80302.05,145417.75,802639.25,2967820,1117177.5,1151597.5,391333.25,622391,721520,184536.25,807678,3865500,238651,4789285,601613.33
"Q9D1D4",34059767,46971050,14721700,32784567,42487275,16703625,39887050,52072800,17121675,31585900,29702050,91458400,45784000,37126275,31409650,47789400,29197225,25018000,16542675,27497275,11433830,24246067
"Q9D2C7",2010093.3,4210260,216553,1257586.7,3180492.5,1174455.5,8103392.5,7576600,1943162.5,2540412.5,1313720,1846140,2493860,2330800,1591742.5,7633237.5,1832362.5,1467300,990590.8,2608137.5,942456.2,1104470
"Q9D2R6",20362533,39484675,1635570,8105980,5789405,33461900,7996892,14534350,2604670,5587770,18171150,3980960,8470158,9161282,3849300,5920568,2237730,5386155,618230,3082030,33146575,5108260
"Q9D304",488683.3333,452.7715,407115,153609.7138,138372.1257,976027.5,1437865,2526537.5,452.7715,107479.3258,278759.5,412953.75,1146650,452.7715,136219.7822,7624825,452.7715,1980822.75,118844.75,515584.25,452.7715,1745296.6667
"Q9D3A9",96256.0667,43294.1079,9125892.5,8833793.3333,39899.5492,452.7715,18704.6822,452.7715,54025.255,452.7715,167482.2459,1182270,43862.3155,42260.311,77585.3,59844,68447.0875,31186.0375,496338.75,452.7715,452.7715,452.7715
"Q9D3B1",12227300,21660350,1154382,4679913,65644400,1883635,13182500,7783405,3385625,19928780,452.7715,3610018,13290320,14555850,10485750,4049928,1211653,1347068,4931700,6503550,565961.5,7971517
"Q9D4F2",2036293.3,3557020,2918267.5,1974896.7,3373767.5,553284.8,2428897.5,997755,782614.8,2001957.5,213775.1,1148430.8,522167.8,2611042.5,1297785,3787615,1142282.8,697482.2,1439095,1392735,215602,525864.7
"Q9D517",29315100,82314900,10660538,84376467,22193975,15662000,32101175,7909598,5190205,17905175,2202562,3321225,2891185,17632250,6596142,9730742,6966635,2294555,14677800,22735575,4712430,4678567
"Q9D665",126002.3333,92722.625,49824.8161,573415,179000.75,452.7715,627412.5,1087596,30642.675,160814.75,452.7715,199666.5,111435.55,171160.5,1129357.5,305804.25,34541.2178,83673.125,11844.6135,50948.625,32867.5149,1255810
"Q9D666",776433.7,450783.5,176270,502269.7,347991.5,215893.8,333512,142580.3,312298,442982.2,312292.5,441154,188131,351724.5,1214937.5,812721.2,332098.5,425320.8,918772.2,266101.2,277036.5,493308.7
"Q9D6G9",167595,176389.5,4140887.5,2473353.3333,452.7715,452.7715,452.7715,452.7715,452.7715,452.7715,452.7715,313336.9568,71598.7,293461.5,296114,452.7715,452.7715,164677,452.7715,452.7715,324067.75,19437.9072
"Q9D6I7",393778.33,947346.75,238914,546406,735043.5,173592.5,757716.5,445968.25,318449.5,643303.75,386079.5,839735.75,758165.5,1062311,950944,477158.25,834541.5,257702.75,66459.98,760938.75,516929.75,413128.67
"Q9D6J1",1037370,273515.2,1275292,21609430,3656420,1659885,261649.6,231052.5,1610200,1095400,452.7715,1089903,179476.8,1589675,7189388,2599958,881027.8,803612.2,167964.7,309277.2,623406.5,346446
"Q9D6K5",6898337,11718875,1773820,3855860,4459668,8979192,3808268,9282645,3080535,4201280,24120175,4792620,5429322,6664695,4323120,3825812,3461918,3196308,1825818,3811640,11792975,2901687
"Q9D6U8",19960367,75558125,2673750,12147667,8432805,154430000,9257345,27568525,4506052,9339682,81084350,2839068,19903225,18677975,12599950,4682988,3157090,9122370,3329742,3704710,101612450,9203500
"Q9D771",500854,384411.5,388743.75,797210.33,437919.25,367890,3150292.5,902259.75,662478.5,1121642.5,78810.72,2761060,286700,1062974,608392.75,880611,4931990,263960.75,8975735,3175702.5,273010.25,218071.67
"Q9D7B7",4886646.7,3775665,282538.5,2138386.7,2319045,759880,564074.2,195212.8,1820390,2186187.5,345182,629375.2,588568.8,5161282.5,4850740,705375,764988.5,837139.8,622691.8,1216607.5,818458.8,1603330
"Q9D7D7",452.7715,452.7715,452.7715,143323.3333,452.7715,452.7715,452.7715,452.7715,78978.15,452.7715,452.7715,131878.6,443009.75,452.7715,212260.25,810044,452.7715,134984.17,104863.825,28787.425,452.7715,1229983.3333
"Q9D880",5897150,7250042.5,427106,1357046.7,2949605,8769535,2801797.5,2904597.5,985129.8,4178450,4900397.5,1194257.5,3752370,5202425,2105885,1013065,855895.5,1552707.5,582999.8,1195842.5,11676700,1349176.7
"Q9D882",2520116.7,3047190,7604017.5,9247693.3,597105,1534490,1002104.5,1897610,2039540,375145.8,3437537.5,4016832.5,2311017.5,354994.5,981957.2,5966795,448541.5,1903875,966993.8,4358750,895264.2,5801140
"Q9D8B1",271996.67,325120.25,413981.75,1357443.33,230273.25,887841.5,1103127.5,119298.84,716121,180615,174372.98,2340955,277798,123483.1,282347.25,1003454.75,211743.5,550376.75,66094.55,426608.25,194984.75,233443.33
"Q9D8B6",3227186.7,2546792.5,161636,939767.3,1583040,1818100,642959,6729640,640838,1681850,1025628.8,2481777.5,3627612.5,1643510,1663945,492035.2,381763.5,835921.5,298672.2,197136.2,1300962.5,1366853.3
"Q9D8H7",2029343.3333,1281550,452.7715,504185.6667,1259882.5,6037495,810389.25,834837.5,1009414.75,1064010,3088045,487125.5,1141040,1349682.5,1427547.5,566794.5,381695.75,637161,37614.7372,357970.25,7845882.5,1006057.3333
"Q9D8I2",68276.8667,49731.325,585533.25,131899,162967,45524.3096,452.7715,121152.25,176100,1095932.25,22294.9138,74762.55,67258.575,819199.5,250375.25,227705.25,4982260,48899.425,65204.2,1387262.5,93803.191,82382.1667
"Q9D8K8",457025,423199.25,452.7715,50232.8,54546.4,92858.1895,95197.4,187103,452.7715,36784.4933,452.7715,452.7715,70973.05,77435,28728.0704,18248.9436,36547.3013,27331.075,99583.225,452.7715,54811.4196,452.7715
"Q9D8N3",1155609,69699.4119,164626.9328,1446133.3333,143788.2251,452.7715,908776.25,137110.5961,114591.6,512656,452.7715,452.7715,452.7715,272432.8932,1581132.5,1908200,924721.5,446531,408100,802700.25,452.7715,452.7715
"Q9D8V7",1828090,1816547.5,2393060,2806863.3,2485552.5,220396.4,524057.5,956497.2,1200990,3006275,580955.5,66271700,9137120,3497977.5,1214510,6270217.5,6997075,2674995,756070.2,2958602.5,668628,2656420
"Q9D8Y1",10182696.7,17959600,754217.8,3051480,3874895,26717650,3450030,8325702.5,1018141,4058557.5,12283000,796823.8,4759810,6134825,5895682.5,1557177.5,922101.2,1497400,743147.5,1071080,31967375,1885826.7
"Q9D958",17496766.7,11315891.5,8099745,16770300,16941360.2,4262947.5,16390350,31216150,3944358.5,10826615,10537420,379917,245943.8,15492706.4,2003620.5,135716,350568,6686822.5,227322,3164082.5,4435530,10872646.7
"Q9DAM7",294362.3333,452.7715,201582.6694,607226,71087.0893,452.7715,452.7715,452.7715,572435.25,66084.6126,452.7715,229080.25,148651.5,452.7715,282353.75,248953.75,452.7715,74935.65,118212.475,187197.75,452.7715,148908.3333
"Q9DAV9",328725.7,3116987.5,316136.8,424881.7,1649402.5,528878.5,1218480,1723520,694462.8,619547.5,3686552.5,605167.5,296010.2,630004.8,1058047.5,394483.2,319250,600203.2,638392.5,243555.8,665392,292135
"Q9DB43",3591473,5518402,1154152,4405693,2525730,1747352,4144742,5583392,1597970,2692358,2095468,8846752,5601888,3921868,1199085,1827100,2667600,1945998,1477930,2931078,1724890,3101930
"Q9DBG6",42725533,41156575,17846125,40995267,76771700,8934290,51872475,45904175,34910325,51416875,12026550,108492825,38948825,43868725,34778700,66934550,32057975,26121825,38914500,40778400,10530845,25719100
"Q9DBH5",58979967,63460775,21477775,38899733,48827825,25662075,88410350,133767750,27015175,49549675,32762625,113611500,98887100,59453525,42522775,110318500,51287650,34621025,36476100,55501875,17611400,40928167
"Q9DBP0",452.7715,452.7715,452.7715,235844.3,198110.8,452.7715,920078,452.7715,25208500,150820.8,452.7715,452.7715,503964.5,452.7715,248715.2,5584440,452.7715,199935.4,314449.5,262351.2,452.7715,125342.8
"Q9DBU0",2273113.3,1548682.5,224250.2,1145063.3,1446750,580927,2247412.5,1823950,1307920,1321610,263053.8,2890867.5,4936505,1667957.5,1930702.5,5494760,1642665,2491032.5,263264.8,1003018.8,1016289.5,1319256.7
"Q9DC16",18687467,13041700,12862175,21286900,16626500,2426410,16953075,14420650,7355502,11453275,2136175,28581275,51227725,18715525,14168975,17694375,10612788,12134425,4390400,9028475,3952580,35129100
"Q9DC60",1234753.3,1194197.5,659093,1411300,494704.8,743308.8,1973472.5,583047,274327,463889.5,713610.8,1013717.8,878332.2,556836.5,382115.5,736858.8,558337.2,365503,426243.2,519936.8,706677.5,430186.7
"Q9DCC3",387543.3333,182953.5,32581.025,533066,452.7715,124065.275,403671.75,321900.25,91077.1,51929.5,214408.75,191961.925,40394.164,60717.375,53566.975,337631,84661.275,117764.25,146697.5,131701.25,452.7715,107115.3
"Q9DCC8",43240300,48382200,2100950,9279703,14518375,61015350,8747790,13689375,4420512,12006008,18326025,1406525,11024562,15638550,2780282,2471820,5218368,5103548,2317558,6049075,35601750,3442605
"Q9DCF9",1355866.33,345771,70410.55,1804240,482179.25,80438.65,272517,568549.75,1723067.5,289686.25,261991.64,26673775,1091402.75,228169.25,1426760,1125715.75,327634.25,1411590,604301,2879485,732333.5,1211863.33
"Q9DCI3",3032633,3048685,1999422,2583270,4326668,1257145,3133328,3244630,4039012,4435830,923442,1487740,1768888,11707575,2940558,2574850,6181908,1180275,1766982,5115560,1918330,1201977
"Q9DCU2",244753,1008666,2980008,312409.7,4623348,452.7715,22574700,6763238,5881195,617253,509879.2,91653.35,5900790,2761648,737535.8,1129961,452.7715,12733400,32075.75,66314.88,2770678,5347980
"Q9DCZ4",25276200,79325425,4820272,8025593,10948790,113768100,10310462,14707100,3981218,12558175,58638650,2932038,14251575,21393325,10600172,3534368,1773130,5243165,1024192,3156750,136900750,6075903
"Q9DCZ9",57229.2186,452.7715,89486.7419,119989.6667,144715.25,452.7715,465391,452.7715,118249.15,77531.55,452.7715,294665,49176.0455,140098.25,80719.7783,56324.8874,278135.75,57711.625,902258.5,139816.75,20921.8498,26707.7
"Q9EP73",418645,1140231.75,34869.7604,99657.8843,453171.25,452.7715,62318.9895,452.7715,177051.25,330433.5,452.7715,629866.25,452.7715,344262.25,204286.5,51715.6996,786028,33320.8436,52296.3418,964192,53733.39,53956.7
"Q9EPE9",8941770,7095077.5,5261822.5,8517263.3,8453952.5,1940682.5,14177525,7325067.5,4298425,7704997.5,629560.8,33532800,5654045,8134902.5,2438425,17483875,8877165,4778672.5,5453600,9607177.5,1773107.5,7329210
"Q9EPS3",831176.3,413983,265165,994307.3,364998,162412.8,264817.8,533173,355854.2,402441,106495.9,344957.2,1391385,706974,733047.8,988484.5,456257.2,474458.5,185013.2,485703,699544.2,1014627
"Q9EPW9",94714.4333,452.7715,22462.0366,452.7715,202334.25,452.7715,41246.425,452.7715,103465.575,258067.75,452.7715,452.7715,60474.525,260415.5,188751.75,124207,760133,33825.3981,452.7715,241999.75,452.7715,40474.9333
"Q9EQ31",452.7715,452.7715,452.7715,69472.7667,28169.8329,523654.7051,358941.5,452.7715,124012,59422.561,452.7715,452.7715,452.7715,80031.125,281833.75,60582.15,47403.625,16708.8319,3177897.5,170780.25,452.7715,98813.3667
"Q9EQC1",1195530,1457165,276040,244080.7,444973,297744.2,683393.8,14464300,341881.8,785317.5,452.7715,1461562,473666,1291145,926689.2,734341.2,950266,329204.5,399266.2,371102.2,422998,319014.7
"Q9EQD0",334553.3333,452.7715,82446.575,1406933.3333,104163.3801,346021.4647,185883.75,76406.9373,94054.175,691003.625,452.7715,172147.75,439247,116241.552,197242.25,1176022.5,327674.25,369986.25,95857.15,228202.75,67320.6033,346636.6667
"Q9EQK7",1232443.3,616861.5,933210.8,7679986.7,663140.8,393921.8,1142590,653603,610769.5,520044.8,116515.9,7368345,405260,610111.5,314756.5,1824117.5,539610.8,331445.2,1418242.5,712261.5,166204,589938.7
"Q9EQN9",399151,337474.75,653412.25,770932.33,278440.25,157497.5,285090,1307391.25,56960.03,192930.75,47940.94,254080.5,192259.25,149598.5,89014.98,707601,217326.75,328318.5,748557.75,216510.5,67052.61,139649
"Q9EQQ2",4018710,3139672.5,2757847.5,4907966.7,3631087.5,388876,2668255,3678910,1764727.5,3055712.5,354618.8,8239117.5,1996805,4761072.5,661209.2,3981247.5,2882337.5,1713332.5,4653032.5,3960527.5,418646.2,2348996.7
"Q9ER00",9913790,18997100,16106325,13866133,11735825,6194990,3910708,13021575,7105698,9065668,3290988,10541062,2489158,12448350,1466992,6014665,8853452,8296638,15948200,8770905,2811162,6854670
"Q9ERK9",55479.1333,40633.7734,51482.525,452.7715,158759.5,21831.7092,81290.7,452.7715,96699.975,184876.25,452.7715,40187.875,74392.4,394769.5,173283.25,79908.65,648959.75,43695.25,33567.2,333865.75,452.7715,58784.8667
"Q9ERS2",93765133,445196750,19005150,38321767,67596625,784347250,45466425,109946425,13918650,64831500,326275750,30635025,84824550,123552000,117317750,21645650,15152075,46787575,5046238,14735075,772765500,27553933
"Q9ERY9",2402243.3,1089399,1540455,3277213.3,3110860,208025,4244410,11054075,1731345,1914552.5,79857.9,3332742.5,1774297.5,1536507.5,1895872.5,5785285,1481702.5,1289765,2384362.5,2912972.5,583618.8,3017450
"Q9ERZ3",685281,452.7715,696859,582124,96698.85,452.7715,183094.25,452.7715,91454.75,71754.025,452.7715,590903.75,478696.75,50077.5,452.7715,102475.925,97507.675,294180.25,452.7715,68839.453,175276.3817,600234
"Q9ES90",452.7715,8408.1712,452.7715,452.7715,115867.6339,452.7715,452.7715,452.7715,452.7715,132226.999,452.7715,452.7715,452.7715,83399.153,64015.7681,268130.0984,421471.5,178307.6096,452.7715,230865.75,452.7715,452.7715
"Q9ES97",21293133,31377225,44018000,43237500,40032175,9253790,41529925,19453050,13917125,17069775,11358915,45544775,10167602,23720050,19429875,34508200,18522700,12176425,6889722,20805250,3990318,12421467
"Q9ET38",452.7715,574998.4,452.7715,452.7715,452.7715,452.7715,18744450,452.7715,452.7715,452.7715,271980.8,452.7715,452.7715,792450.2,348253.5,452.7715,452.7715,452.7715,452.7715,452.7715,768613,452.7715
"Q9ET80",27129.75,686739.5,771093.75,229850,185291.5,1081157.5,19964.5,28226.47,71733.77,88779.52,43382350,71714.55,110966,1104750,1170178.5,88303.8,151492.9,148128.25,19593.92,360847.25,3378507.5,266706.67
"Q9JIF3",3352516.7,6885515,980091.8,1469890,5060860,1925070,2009290,4885315,999250.2,2365350,632184.5,1613490,1974152.5,5456535,2290522.5,581473.2,1930232.5,589797.8,4796482.5,1551447.5,1144120,762337.3
"Q9JIG8",7738620,4553610,25092450,20566400,3617517.5,2121857.5,4115525,2940085,4705072.5,5499370,3601960,9345210,8645705,5386205,11734525,8656072.5,8340740,4696257.5,538384.8,10241695,3175322.5,4066350
"Q9JIM1",29852400,7776280,3717560,5791833,10382250,9196990,19282075,36801075,12266450,8572198,8372875,4259828,19816650,13799975,17896600,8845065,22363550,4292285,24163150,42040100,10894625,13538533
"Q9JIP7",452.7715,569152.9,452.7715,20462420,452.7715,67642140,95687.23,452.7715,413157.8,711876,452.7715,452.7715,452.7715,81670.81,2291868,58007800,185987.9,63279.03,520479,627183.5,179717.2,452.7715
"Q9JIS5",4097390,1018349.25,7891080,28234200,58312.55,658197,1035330.5,49078.37,217869.5,191182,172784.92,564336,627577.25,259484,224180.25,587824.75,591100.75,991195,72596.52,93757.05,248976.25,397500.33
"Q9JIT0",452.7715,23859.2537,98597.225,94774.0333,44969.506,38423.5718,452.7715,452.7715,28038.7084,16969.1152,159021.9437,7301.2836,452.7715,25849.5483,23409.1485,30383.7356,7031.5812,12943.1554,88604.375,452.7715,452.7715,102625.4
"Q9JJ06",971545,609373.25,89163.53,369088.33,517599,192985.5,1991717.5,1792295,908750.75,858490.5,242902.5,3217387.5,3914632.5,812974.5,1893480,4540027.5,1187665,6372572.5,253310,1532520,389994.75,3136753.33
"Q9JJK5",346787.67,604100.5,361244.75,407064.33,362119.75,270811,853029,3080457.5,562766.5,458925.5,98340.38,3256695,1079587.5,506935.75,418009.29,656457,664588.25,668552.5,497494.75,407556,133178.2,474445.33
"Q9JJR8",5326127,4890852,8285588,10065813,5038422,2962412,10192378,5813405,2496590,3721692,2894200,4200052,1291511,6154698,3799588,6526462,5856078,3508542,2345350,4662562,1347052,2409950
"Q9JJZ4",5415630,5295930,4577135,7711030,7113622.5,1204550,1403082.5,1452632.5,2824802.5,5536470,3339102.5,5237057.5,2329812.5,5651522.5,929673.5,2529500,4027917.5,2847592.5,8733585,5688975,1099009,2289996.7
"Q9JKK1",8899403.3,18205725,13724775,9454746.7,7778140,3932385,3266385,6036842.5,4828502.5,7612447.5,1660345,9459492.5,2124575,11268075,550029.2,2216185,10751100,3615322.5,1680482.5,11876225,1027143,3356166.7
"Q9JKN1",1527823.3,1301487.8,624525.8,1334886.7,2601930,439591.2,2795087.5,2921705,1749807.5,2070265,356222.2,6301015,3823527.5,2074860,1955642.5,4363787.5,2330292.5,1634780,636255.8,2447975,466932,1655056.7
"Q9JKW0",13245933.3,13277500,8340880,14308466.7,11552927.5,1037354.2,29412300,18931800,6444740,7177645,1132645,2864355,1344827.5,13026875,4735925,17035750,10429090,3374600,7990705,10716550,462614.8,5959660
"Q9JLJ4",452.7715,452.7715,332721.5,426231,452.7715,452.7715,595367.75,1731504.25,452.7715,34602.4618,452.7715,452.7715,452.7715,54424.8961,452.7715,452.7715,42862.4213,452.7715,948466,452.7715,452.7715,452.7715
"Q9JLL0",547236,208994.8,915740,3695636.7,542866,780220,1635457.5,619218.2,1303832.5,502377.5,1292420,172434.3,224456,604046,592522.8,1146197.5,1568342.5,590458.2,164610.1,951560.8,1357017.3,537022.3
"Q9QUJ7",2180373.3,477854.8,3126047.5,2176753.3,633383.2,284318,512059.5,528314.8,1455605,861691.2,415702.8,353939.8,2048252.5,776324.5,1311920,542019.5,1626110,425141,607035.8,1210340,1020823.5,760258.7
"Q9QUK6",576499,422429.75,224974.61,1057468.33,1590050,181178.94,446657,138807.23,1078567.5,919174.5,67330.02,179546.75,460551.5,1787107.5,1330720,401670.25,2423075,898006.5,99788.57,1036021.25,654316.25,848981
"Q9QUM4",95609.5,97428.05,452.7715,67600.7667,78197.2737,166387.5,81291.7663,71603.4641,775214,1195190,452.7715,47153.075,37098.6145,1041675.75,186096.25,151826,6938647.5,452.7715,452.7715,6949740,137753.4429,452.7715
"Q9QXX4",7274433.3,437311,259856.2,1045610,790757,104210200,20704725,70730275,2320292.5,901607.8,772155,3483812.5,5907582.5,879975,1947022.5,1391052.5,797208,2963302.5,599593.2,1735412.5,2915722.5,1002778.7
"Q9QXY9",5390346.7,3771790,1910285,3304756.7,5651982.5,1402095,2739757.5,1995247.5,1398710,6746725,556599.2,1383700,595082,7700167.5,1507062.5,2065542.5,2884190,920717.2,2387207.5,4398960,1520192.5,2271630
"Q9QY33",2402183.3,3069267.5,4235700,5017296.7,2191912.5,1852225,2805082.5,151506.4,824100.2,1465977.5,1162449,1631652.5,1083535,2184737.5,1864665,2465185,1279962.5,552038.8,709967.5,2925612.5,1192072.5,1100180
"Q9QY42",452.7715,452.7715,4147038,20295170,452.7715,452.7715,23521.57,452.7715,452.7715,452.7715,452.7715,452.7715,16442.38,452.7715,145090.2,18850.39,8257.131,223803,1797005,452.7715,452.7715,452.7715
"Q9QY73",2132646.7,2431220,1424857.5,2481996.7,2088802.5,962144.2,3948460,4573752.5,1544460,1164740,948906.8,2554835,2497007.5,1747455,1318505,3465160,1461800,2336050,877930.5,2015645,788736.5,1609686.7
"Q9QY81",501225.3333,205999,218283.75,584796,180057,452.7715,724552.75,506692.75,575857.5,2019170,257812.5,571099.25,154250,1553812.5,1421235,1629037.5,4225847.5,460972.5,255591.75,4336922.5,139855.575,146786.6667
"Q9QYA2",23937067,40863300,2648195,7513910,14121900,36027600,8476068,11896475,4191952,13974450,13253725,3863952,11697275,16284250,17501925,8526578,5705998,6713210,2497415,5214552,26692575,6813000
"Q9QYE5",75874.7667,327708.75,385148,205562.3333,452.7715,1261917.5305,452.7715,452.7715,101608.85,452.7715,83580.1118,452.7715,37998.9259,452.7715,246908.25,452.7715,452.7715,452.7715,119809.3,671011.25,305270.7092,241043.6667
"Q9QYE6",2968296.7,4058175,978234,3494023.3,2527587.5,1637015,2532722.5,5925570,1543130,1955745,2363890,5593090,5166267.5,2597737.5,267491.8,2718780,3037980,2197252.5,1173737.5,1969102.5,1118395,1935233.3
"Q9QYI4",2703890,2182055,1407765,3187840,2461865,1002595.2,4626870,4177037.5,742530.5,1134682.5,9138490,2870572.5,1106830,1468450,1359540,4722745,1015242.5,1111560,722401.2,1683380,545600,2178073.3
"Q9QYM9",24448.7575,452.7715,759796.25,50321.3333,452.7715,452.7715,452.7715,452.7715,452.7715,45454.2034,452.7715,452.7715,452.7715,129219.025,452.7715,452.7715,452.7715,452.7715,452.7715,452.7715,452.7715,452.7715
"Q9QZI8",2582290,4074588,3886805,3479280,4647120,2235580,4458428,4538200,2483788,3229622,2004600,2999630,1440890,4310872,4256128,1655612,2149422,1619392,1116538,2211962,1500940,1118627
"Q9R049",7527016.7,5565625,3630682.5,6791523.3,4777292.5,1341000,5186515,7852890,1756360,3027117.5,1749010,1311947.5,1072614,4478922.5,407773.8,3146780,2805842.5,1181875,1968587.5,3990750,784332.2,1487270
"Q9R0K7",998103.7,363130.8,38235025,15100600,434479.5,355395.2,642140,125615,508378.2,232123.2,541921.8,263922.5,329065.2,504223.5,519628.5,318671.2,438445.5,260103.2,175857.8,139901.8,554773.8,184552.7
"Q9R0M1",452.7715,452.7715,452.7715,452.7715,152980.091,452.7715,452.7715,452.7715,95709,414251.5,452.7715,452.7715,452.7715,318588.9875,262965.2808,452.7715,855234,452.7715,452.7715,1151297.5,452.7715,452.7715
"Q9R0P6",19429400,14189200,3588355,15098900,14525700,3000118,12205125,16740250,9595852,9503060,6061055,61146750,25047150,11635825,16890000,17007225,15577925,6877145,14121300,16671350,4559750,11013233
"Q9R0Q3",14098433,18568450,6010538,12669267,19574225,5368208,19645200,23333700,8264228,12857425,12664650,43825525,15261450,15455125,14508400,22232350,12146300,10265735,5878788,13418650,4951195,10965027
"Q9R1J0",14488933,14884525,5607662,12700700,14212675,1002707,30875025,22136075,6239325,11246825,1034275,6464448,3474022,11726050,10536700,18827800,7221348,4748062,14824575,8608002,1694298,12131933
"Q9R1W5",4657230,625103,580388,760895.3,1036630,855983.8,2115935,2256470,33591300,1695175,577966.8,266479.5,1802602.5,1900792.5,1243861.2,632433.2,3548637.5,855927.5,217898,2104907.5,1546355,1392706.7
"Q9WTK3",5130076.7,3171010,3089570,4565016.7,5385162.5,1318652.5,4525702.5,1671505,2861597.5,3420945,718557.8,2353490,2719755,2929547.5,3402972.5,7728112.5,3065642.5,2177250,3901997.5,4559105,1044777.8,2029683.3
"Q9WTL4",452.7715,452.7715,452.7715,18781.4137,452.7715,452.7715,388376.5,452.7715,452.7715,452.7715,452.7715,44188.575,452.7715,24850.0902,452.7715,90166.3619,452.7715,70033.225,522281.5124,452.7715,452.7715,452.7715
"Q9WTS2",1620120,2869887.5,588965.8,903287.3,1303517.5,357575.2,3130435,243387.2,685137,777441.8,317733,2459797.5,7579135,1563610,1273172.5,5992567.5,1633385,1732527.5,335424,1011268,682615.5,478640.3
"Q9WU03",115859.3333,46047.7105,289138.25,1137726.6667,101049.325,156137.175,1274603.25,955182.75,1134397.5,276053.25,452.7715,5853767.5,3232747.5,128286.575,663344,7224102.5,455486.75,2421160,727841.25,2194305,86391.7219,1412036.6667
"Q9WUK7",452.7715,452.7715,20566.8971,452.7715,195159.5,452.7715,452.7715,452.7715,84730.1392,105111.875,452.7715,452.7715,452.7715,136802.075,452.7715,452.7715,72183.7739,452.7715,66779.9196,41830.6345,452.7715,452.7715
"Q9WUP0",196376.67,183157,370928.6,26566.23,210742.25,242094,153909,268085.75,13909025,399388.5,21748.96,41929.89,215956.5,155708.5,257063.25,106134.8,251902.75,180086,33299.22,27821.14,31576.36,201132.33
"Q9WUP4",964618,784930.25,383351.75,761436.33,1704385,434659,1118682.5,595515.5,1220170,1270932.5,48495.82,952405,483468.5,1604912.5,823920,659384.5,1622980,377214.25,292886,1574292.5,310131.75,660366.33
"Q9WUQ2",24251667,26111675,17570225,25460767,23390975,9524002,41157300,29300500,13542000,24949875,14450200,78892200,18142625,22296275,8801682,36041975,28391225,11871900,14656375,25888275,6345418,14159533
"Q9WV18",282437.6667,452.7715,6870062.5,2812710,452.7715,452.7715,452.7715,1182969.4694,452.7715,329599.2822,2605302.623,452.7715,255782.9621,452.7715,146740.719,180867,66938.1558,107538.2,231328.0415,367124.5833,452.7715,193866.9813
"Q9WV55",64020433,46108275,41226850,74443967,41391400,29073050,18648325,39257150,32282300,36532750,100486675,50547225,21714850,33386425,6172758,21077975,33780500,31042000,61633825,50433300,18217000,32889600
"Q9WVD4",1600426.7,750463.5,890475,1429173.3,1832580,234697.5,10508600,1527135,492410,1133255,252414.8,1327660,574633.2,3462875,1712627.5,2295457.5,1809865,1023981.2,1226390,1757245,550560.5,1157293.3
"Q9WVK0",869425.33,298819.25,87711.01,854503.67,674576.5,224891.52,3063500,66707.71,575620.25,482304,112615.72,118068.57,327095.5,966446.75,709885.25,289061.5,483173,457516.25,949447.5,1162080,291521,332369.67
"Q9WVL3",5973806.7,8260587.5,705551.5,2731680,3554500,14433750,9002972.5,3625400,2321175,3962897.5,210268.8,554176,1898400,4445815,1238162.5,12707475,6609432.5,10901800,1453047.5,10243245,769087,11717700
"Q9Z0L1",56322.7079,452.7715,452.7715,452.7715,64709.6655,452.7715,37358.9619,452.7715,402519.75,657890,452.7715,452.7715,452.7715,617569.5,452.7715,60112.6726,1366180,452.7715,452.7715,982335.5,452.7715,452.7715
"Q9Z0M6",434182,494838.8,139297.3,114337,1518430,275854.8,415371.5,563481,3930182.5,1324387.5,630481.8,191326.2,579612.5,1312560,533262.8,1000308.2,6748945,484181.8,258032.5,5155427.5,250811.5,297456.3
"Q9Z0S9",3843290,3866092,1278982,4525893,2433715,2039260,5170395,6274685,1550608,2156522,7264780,9260435,7243148,2695218,3936720,6637192,1715180,3772778,1063354,1630500,2175630,4149023
"Q9Z0U0",612002,248727.5,1132569.5,1204620,340122.5,298470,1053012.5,389124,365012.8,459435,262247,335354,239337.8,464843.2,301689.5,1034546.5,1337082.5,184836,872322.2,2025682.5,342104.2,295816
"Q9Z127",24778566.7,1090482.2,15996975,27269066.7,5448252.5,1239075,1757460,2142275,1968252.5,4271795,962277.2,10632060,101271675,4705450,6133980,8369497.5,11366422.5,5867165,73083225,18213450,6597237.5,7409413.3
"Q9Z1P4",182502,452.7715,89557.9,169194.3333,359715.9963,452.7715,452.7715,452.7715,452.7715,452.7715,452.7715,452.7715,121062.75,452.7715,225223.5,50350.0552,452.7715,43245.8374,452.7715,452.7715,452.7715,44867.9817
"Q9Z1P5",480914,794231.75,472601.25,394447.3333,886378.75,391762.25,914503.25,227694.1639,48583.9166,355947.8657,331139,580856.75,712989,372568,50877.7808,188764.8266,221554.224,333252.75,2094342.5,171600.25,452.7715,207454.6667
"Q9Z1Q2",18712433,14881125,17450225,19567833,17632925,9361150,15058700,5361488,8092680,14364625,5235658,2663470,6677890,19246400,5257080,11782150,12036650,4082972,5055760,11547325,9706952,9307170
"Q9Z1X2",3362476.7,5933927.5,2931562.5,5325183.3,4414872.5,1263172.5,6361040,232171.2,1460382.5,2165997.5,1469452.5,961204.8,2293392.5,2647765,905694,3473480,1472320,939940.2,6890402.5,2232280,790835.8,1888980
"Q9Z222",1357870,120889.02,245892,350053,203261,166748.48,721099,683052.25,275572.5,424788.75,564692.33,474737.25,1415412.5,367201.75,295371,1374475,706213,972895.25,69136.23,619213.75,456472,642730
"Q9Z261",41308.65,89717.03,61674.27,903004,697457.8,167244.9,7172250,156174.2,2251740,1382558,62494.89,5293862,23952180,452.7715,87943.14,66708750,158605.3,359669,105484.4,980947,452.7715,11589800
"Q9Z2C6",1307690,82979.22,452.7715,2051873,5722480,740448.5,619106.2,367101.8,2537325,3117272,54576.09,270476.8,3070308,402632.5,232266.5,327843.8,547385.8,155449.8,225049.5,895084.8,251400.5,17251780
"Q9Z2G6",4681016.7,1937752.5,1878500,2963743.3,4528210,552964.2,2980682.5,3446050,1569382.5,2258355,511931,10318710,2455997.5,2755640,2053215,5332057.5,2265875,1234387.5,3380285,2506320,621340.2,2197643.3
"Q9Z2I0",23810733,48400300,1971362,1817493,12279650,40321275,6550122,12698650,5357992,12035275,29362200,7012178,8037380,13179525,5874992,4165598,2716192,4463825,1122052,3957282,41841200,4455503
"Q9Z306",513055.33,236942.25,2708087.5,782446,1191810,86194.6,10842447.5,1914092.5,66202.93,1100238.75,103921,57268.57,303830.75,1230810,1111075,3776802.5,791184.25,40504.78,129638.42,176397.5,104367.4,237978.33
