"protein.id","Adrenal","BAT","Brain","Eye","GAT","Heart","Kidney","Liver","Lung","MAT","Muscle","Pancreas","Prostate","SCAT","Skin","Small","Spleen","Stomach","Testis","Thymus","Tongue","Urinary"
"A2A699",515288.3,201686.5,4654492.5,827242.3,300302.2,159772.8,539860.2,184973.2,810742,296832,530780,179438.8,587417.5,469102.8,587256.8,191535.5,266685.5,182341,282679.8,190218,768143.2,781783.7
"A2A8L5",1729323.3,546380.8,2780220,2710020,1906277.5,139523.3,4542572.5,4483482.5,2095745,766897.8,75434.7,1487595,2855697.5,549110.5,1276795,2343470,513647.5,1533217.5,907897.8,13891725,880196.5,4324226.7
"A2AF53",NA,184004.5,60878.55,194414,211352.25,104030.5,178610.5,145101.25,98396.3,98462.48,84526.63,114090.55,169758.75,NA,119481.25,184037.5,103342.85,34947.8,255950.5,141417.5,NA,NA
"A2AN08",855926,434888.8,923376,1044363.3,728723.5,570255,933854,293379.5,1405112.5,1298292.5,379639,1378985,1066412.5,686200.5,1082945,886451.2,1111723.8,1339195,1889477.5,1201560,1175525,1296006.7
"A2ARI4",1280403.3,422744.2,337655.8,740760.3,1069257.5,177465.8,1290950,1477747.5,73595.4,468568.5,141093.8,514677,457379.5,517413.2,611215.8,1679947.5,297028,1087875,158049.5,548871.5,204755.5,459547.7
"A2RST1",310345,NA,NA,NA,NA,NA,NA,NA,111013.9,235018.7,NA,NA,NA,NA,NA,2207827.5,NA,2960637.5,NA,63194,NA,263540.3
"A6X919",2177996.7,1958342.5,2255835,4214300,1825430,375542.2,610507,4404805,911865.5,3277190,147130.4,2061140,347090.5,2577180,2314697.5,1459372.5,6907180,443296.2,2519380,2725290,721650.5,561407
"A9JSM3",862695.33,1119050,167860.67,654009.33,1439012.5,70663.27,981221.5,1244475,457413,1000669.75,NA,6792005,1185190,1127637.75,758672.25,5015550,192523.25,1849020,90460.35,610366.25,182288,2518343.33
"B1AUH1",1596563.3,NA,911971.5,1094993,NA,NA,646310.2,NA,585746.8,NA,273289.8,23648.5,200626.2,NA,165544,NA,411342.2,280008.8,NA,392193.1,NA,1442950
"B1AWN4",NA,663438,NA,NA,NA,NA,271348,NA,520267.5,NA,NA,NA,155465.75,NA,168604.75,1532102.5,NA,154033.75,NA,80591.63,NA,2082260
"B2RU80",1068993.33,276810.5,65693.75,140378.67,646835,205571.75,730661,1013455,3141852.5,858519.5,75958.52,132376.25,178781,539920.75,524118.25,176714.25,1385280,161863.5,77013.35,152398.75,587331.75,351310
"B2RXV4",361808,167196.25,240733.5,355530,267866,NA,981813.5,201994.25,220601.5,353337,83820.05,295390.25,793654.75,433813.75,318018.75,2254250,969332.25,146765,NA,1718047.5,250925.5,282121
"B9EJ80",1302206.7,1027006.2,2419870,4565163.3,1090137.5,427813.2,1403280,1052240,1352495,1234545,132455.3,1997345,303723,1001432.8,367006.2,1482187.5,1855187.5,738267.5,4182615,3498892.5,342515.5,790070
"E9PUL5",81479.8,106687.48,6723117.5,348865,33561,216976.33,NA,17174.95,56691.4,30839.45,61056.35,250287.75,177591.25,73083.6,159078.5,76341.2,49355.47,44350.3,53466.8,29207.85,88941.4,56764.17
"E9Q137",7381337,6667258,2675615,7054893,6559932,1083095,8648865,3553655,2365655,4320228,1602835,1489285,2482382,5941045,4222058,7006698,3211328,1877298,3041605,4820575,1115902,3383053
"E9Q9K5",NA,1901975,NA,702389,247039,3760095,NA,NA,176682,NA,105304000,603430.5,488083,2246632.5,9232520,NA,526931.3,366675.2,NA,187441,7024585,NA
"F7BWT7",3350120,1534177.5,993473,1318586.7,1232787.5,356091.7,3153037.5,1197435,3562012.5,1772940,747402.2,1144790,10644275,1823427.5,1747910,13221200,6459312.5,4823005,264944.8,737994.2,919486.2,6844423.3
"G5E829",15829300,5885352,72352175,31343700,23031150,5494278,14995150,4876800,17881500,14326600,4004370,10049845,16563100,19708075,12817625,34884425,15405550,11831875,9089088,23436750,9268435,16239467
"O08530",1377433.33,658472.5,6439930,945383.67,1204990,464273.5,533589.75,1682312.5,8193365,1187682.5,302573.5,1805664.25,404838,1415815,942707.75,313416,1114420,263620,81531.55,648924.75,882390,422904.33
"O08532",31548433.3,13208500,21583825,7722550,7915400,21781075,7742725,3400022.5,18076025,8738575,292061250,2610235,30670000,9941207.5,50014350,8769760,12294100,11770650,964266.2,2737512.5,28947200,22123466.7
"O08579",9288240,9662420,7758727.5,8944053.3,8760172.5,5772992.5,580625,3457555,3750010,5663795,11863025,3394917.5,2902007.5,6469262.5,439898.2,1558253.8,7771552.5,2620987.5,2649217.5,12595475,2019797.5,5166456.7
"O08581",1350510,NA,7869230,5124976.67,380322.25,NA,5020967.5,39294.28,377115.25,32971.53,NA,3442817.5,3046852.5,NA,175758.75,2445835,91164.17,943727.75,133916.25,86526.73,NA,1756766.67
"O08705",484072.67,117825.75,154838.5,177560,NA,NA,NA,29917180.25,18091.1,258928.75,NA,NA,NA,224793,NA,NA,278644,42176.68,NA,NA,NA,NA
"O08707",NA,NA,NA,NA,105756.7,NA,NA,NA,355486,78123.5,NA,NA,NA,199336,135024.2,NA,241462.5,NA,NA,NA,NA,NA
"O08715",3354416.7,11005475,445471.8,1107103.3,1752922.5,9470790,171298.2,1137205,339458.5,1691685,4836680,1193432.5,322840.5,2445252.5,115253.2,205033.5,271615,643219.2,1556070,864307.2,4509252.5,410059
"O08786",68487.25,NA,NA,NA,NA,NA,817387,NA,776293,137635.75,NA,14085475,NA,NA,NA,703143.75,391990.95,868757.5,NA,NA,NA,NA
"O09047",455566.33,758614.25,370056.75,197079.33,3198357.5,559986,261231.5,328859,545808.5,1226750,296837.25,281482,387382.5,4356842.5,2707395,532147.25,110788.95,414687.75,90588.17,1049771.5,410173.5,611927.33
"O35074",19624300,613160.8,704951,6270063.3,7405022.5,3758502.5,1722887.5,3008505,15091625,5794762.5,1449610,1710532.5,3127600,2879175,1723790,2725560,3909642.5,3822477.5,4888045,3263637.5,4125660,10176070
"O35114",16797200,20975250,4868335,7508013,22516950,9470300,8554625,52637525,22768675,23794175,8592330,7564198,8284168,35884050,21069375,12191700,26548975,11566300,4846255,16171800,8427382,13477467
"O35153",2441493.3,2928692.5,537971.8,1172196.7,1699712.5,409876.5,419855.8,1574892.5,770572.5,1412095,810311.8,3912640,2511635,1556832.5,705766,1034212.8,1065462.5,1392862.5,508391.5,779197,568654.8,1053077
"O35166",8261043.3,6737390,3347082.5,9344000,8751855,2364977.5,4843332.5,11569000,3892780,6480330,11176775,24018000,6210947.5,9379595,988594.5,5207882.5,8237447.5,3883012.5,4352377.5,8630312.5,1952335,3964643.3
"O35372",421724.67,987888,470184,202560.67,3005040,477321.25,1528952.5,892062,477660.75,1678487.5,641204,1474042.5,244560.5,943559,147405.25,1517565,369213.5,650632,142971.4,393779.25,NA,85210.33
"O35379",3921826.7,3584845,600796,4183500,7345542.5,2287890,3070075,354660.8,1811025,3985482.5,1121365,2739597.5,1750262.5,5483485,5387645,1565192.5,3874865,2739097.5,2192487.5,3660590,2821045,2895653.3
"O35405",2219763.3,488640,7443927.5,2127586.7,782143.8,254126.8,861977.2,800242,786209.8,813963.5,223887,1697552.5,1662135,898576.8,1869007.5,717166.8,2936700,3250542.5,3970290,3559602.5,810243.2,914791
"O35445",419075.33,764653,179080,456968.67,508073.25,91702.85,574779.75,750521.75,245975.5,333509.5,203115.5,485920.5,104715.7,515166.25,NA,420274.75,261463.25,146616,51152.38,271731.75,NA,207552.67
"O35457",161814.67,NA,NA,NA,177514,NA,250997.5,NA,422532.5,47475.4,NA,188196.75,NA,NA,92995.8,65173.73,48376.8,NA,NA,67885.2,NA,70090.25
"O35516",1341343.3,803906.8,548717.8,2343050,2435800,227526.5,759702,1507672.5,1206175,1255515,368061.5,360561.8,952942.2,2409670,1738017.5,383062.8,1228052.5,651171,968167.5,1857500,1244840,1415123.3
"O35526",2231806.7,714038,85948150,4523480,275792.2,204305.8,134802.5,42323.6,118445.8,542488.5,139130.5,325967.8,1385940,351683.8,443822.2,706580.8,210677.2,1240865,121374.7,231512.5,387923,560363.3
"O35598",14685433,4978788,6112435,14616767,12855575,2799898,16213450,5843168,14206500,12518775,2387305,10409515,36222600,12148700,11872000,36377300,26295200,13144025,4500672,15555300,5027060,25350933
"O35604",12423967,21489250,3876192,16940000,11031175,4766478,4216965,32359075,13218325,9327240,8119042,2831002,3341775,19358125,25490575,4272225,16726550,3300285,2419762,21916875,7109455,3692677
"O35659",NA,NA,160839.5,NA,NA,NA,NA,NA,963333.8,NA,NA,562280.8,NA,NA,NA,211713.5,NA,146371.2,NA,NA,NA,NA
"O35683",10743366.7,29636500,2223410,3462543.3,5587892.5,86786250,8921280,9600270,1425085,10127385,22453150,375258.2,9378355,7544162.5,9750295,1515487.5,872046.5,5466852.5,701746.5,1656105,66352975,3670720
"O35704",4302836.7,989936.8,784623.5,19292566.7,1635287.5,245947.8,5776030,956243,2964460,1864887.5,116364.4,1194192.5,705459.5,1932577.5,2423632.5,10675650,3680382.5,2852637.5,1399265,2757237.5,713637,7628206.7
"O35714",NA,NA,NA,NA,123184.2,NA,NA,NA,112198.5,817255.5,NA,NA,32048,920529.8,1075177.5,146973.2,1570395,33939.5,NA,1749305,NA,NA
"O35912",5797900,NA,NA,1299080,13266615,NA,NA,NA,7166405,8336397.5,NA,1423215,7186187.5,NA,25556575,1629755.2,NA,2912022.5,2942407.5,8580977.5,4593335,5728513.3
"O54689",NA,NA,NA,NA,NA,NA,NA,NA,94887.75,1085665,NA,NA,NA,713555.5,130247.25,243455.25,2207795,NA,NA,1008387.25,NA,NA
"O54707",NA,NA,NA,NA,NA,NA,NA,NA,21161.7,16238.45,128564.35,NA,NA,63997.75,26347.53,NA,105670.7,NA,NA,40397.75,NA,NA
"O54734",52006967,43174450,19715500,41493167,65449600,10280218,64850425,42482800,34562175,38827625,19146875,79812375,50738850,45910900,46199075,60055250,41928150,25710925,43816125,50874775,11495578,31993633
"O54885",19571.55,NA,NA,NA,97509.5,NA,NA,NA,177268.25,214219.25,NA,NA,NA,204324.75,NA,NA,854521.25,NA,NA,126457.5,NA,NA
"O54957",NA,223083,NA,NA,263534.75,136766.75,NA,114499.6,1188345,6166092.5,NA,174033,169344,5593697.5,264669.75,674111.25,9834110,80018.32,NA,68615925,NA,NA
"O54990",349411.67,NA,1949265,40944566.67,8023957.5,NA,4950932.5,295569,1170622.5,NA,NA,2433732.5,19555575,NA,122648.07,1368417.5,122560,1518782.5,2177522.5,96458.05,NA,439024.33
"O55003",3788656.7,14660750,398209.2,2016910,7062752.5,6439195,1126645,2884612.5,329059.8,3365445,8233105,238880.8,848353,5948367.5,4445690,263908.6,126473.5,379411.8,150471.5,476265.2,10002437.5,426500.3
"O55022",50538467,79211050,47307425,67146233,71113350,22480250,53425400,216725750,48041025,50812775,11836525,57489550,118599150,56578025,35374900,96899000,31283300,16576250,48019175,47859925,11246480,55850533
"O55100",1234800,1809007.5,16686300,12924766.7,295138.2,1869617.5,1618440,105927.1,578590.5,329243.2,1392902.5,272446,442941,486840.5,791308.2,275142.5,167646,968997.8,420453.5,1496065,981650.5,1700926.7
"O55101",2412253.3,3574057.5,149730.2,795790.3,10140742.5,9184770,13420175,10730362.5,6535492.5,7364182.5,5872280,12378625,7052762.5,6489705,5323182.5,7655030,7503277.5,5964682.5,2802852.5,11131647.5,3505520,2009360
"O55143",96333800,143207500,145161000,133625333,101602125,1130545000,132584750,68990300,107538750,72865475,104743675,196127500,94822400,103215875,72408400,178007250,69450000,73743275,71419375,95814175,64486875,114102333
"O55242",14474000,15178150,3743060,7199820,48727125,1810578,5738812,39925800,5283040,11828525,2209715,2057112,7217412,28601375,11140075,6613792,5648790,2406542,2609840,5260812,1745675,5398470
"O70174",61121.45,NA,692776.5,724549.67,NA,NA,69999.35,NA,NA,NA,NA,NA,164140.25,NA,NA,NA,NA,NA,NA,NA,NA,NA
"O70228",4708583.3,4569525,8531115,7792196.7,6839742.5,2315685,5000922.5,3512445,3377797.5,4602730,454343.8,5603015,2344067.5,6801110,4673297.5,6441135,2052132.5,2096787.5,1563537.5,2209582.5,2058805,1680096.7
"O70281",647147.3,225567.8,237955.2,217890,236506.2,200226,54098.1,334808.5,198802.5,330659.2,NA,409120.2,307770,442475.5,843571.2,134864.5,440977,188269,189911,141637,148116.2,354285.7
"O70472",1410320,947433.2,933473,1436553.3,1204897.5,766912.5,1631655,1216682.5,629031.8,1106287.5,645567.2,1210870,278845.8,1232610,860336.8,2108227.5,1465005,537619.8,744239.5,2379840,266691.1,429998.3
"O70496",3305997,4729338,2696352,4172763,5769665,2008590,4199538,4176818,2364702,3977458,1533685,2662265,1096427,7943795,1989352,1224932,4802690,1263535,2072862,2854790,1348115,1444937
"O70503",72106033,77105725,15811200,70956200,54977250,3994565,27637900,35477600,15255475,52719000,1064246,21135075,10629825,49430600,34513700,41295425,23293025,12173750,14074800,30317850,4606835,32116300
"O70572",4832443.3,3649577.5,2304157.5,13862366.7,7132515,4799957.5,24585025,4066282.5,2906140,4069425,360183.2,7814197.5,2095012.5,4240885,1506022.5,18385075,3446820,3961927.5,1153697.5,5766975,900758.5,4186630
"O70577",367186,NA,675866.5,137789.67,233460.75,NA,80601325,NA,NA,NA,233463.25,45366.17,NA,NA,NA,NA,30102.5,NA,NA,NA,NA,NA
"O70579",5511500,2862830,770195,2406773.3,8211092.5,474730.5,7319135,3063615,1966807.5,3933847.5,158088.4,399741.2,1148800,4354697.5,2064285,1709680,2471805,929070,4733270,7816175,1539512.5,2375893.3
"O88186",23991.9,NA,NA,NA,NA,NA,NA,NA,213834.5,NA,NA,NA,NA,110941.6,203273.2,NA,2403555,NA,NA,NA,42061.8,NA
"O88324",NA,NA,87707.25,NA,NA,NA,NA,NA,43941.37,334513.5,NA,NA,NA,192938,41220.43,41363.1,525163.75,NA,NA,1612605,NA,NA
"O88455",69876800,4486937.5,5337127.5,10966900,3511637.5,457961.2,6165290,16062800,3398590,6676062.5,378675,13360500,1705422.5,5235177.5,3241872.5,12875175,6206407.5,3256807.5,9376160,9135142.5,1302577.5,979763.3
"O88551",1860256.67,418347.25,249977.75,3865543.33,242015.75,NA,663038.5,1313055.25,649152.25,560986.25,194102.25,NA,4239547.5,1331715,18308550,NA,99285.43,41949.83,21435.4,10798075,1333977.5,704085.33
"O88587",36866900,41044400,7042020,16702700,19823950,5885535,19753750,136456500,8845015,21084025,7951530,12187225,20746650,21050600,8531058,24626250,11483875,5639028,3064265,16342800,5791960,13893900
"O88630",3706057,5289805,1361470,3209613,3432085,1401878,1467692,1812038,1230840,2517812,2393555,6131160,2817192,3639540,1359070,3145480,2517155,2344180,1059972,2471122,1032535,2209223
"O88736",2105840,790449,893461,2096270,1325550,1115275,2691137.5,4129210,734714,705721.8,151820.2,977234.8,646106.2,641315,8204292.5,1965227.5,507911.5,513961.8,2112355,924079,468258.2,3230546.7
"O88786",NA,NA,NA,NA,NA,NA,NA,NA,NA,NA,NA,NA,26287,NA,21521.25,NA,NA,NA,NA,183343.75,NA,50969.5
"O88967",4241560,6616582.5,358237.8,1330946.7,2045960,6548702.5,2078317.5,3469780,853077.2,2203547.5,5241725,1151387.5,3503425,3075705,1449070,1219477.5,918773.5,988755.5,293155,1160562.5,7455580,1059930
"O88983",11799067,13889625,8127598,10591233,12339750,6263220,9412520,12013925,6342615,9812525,11783250,8692942,4348095,18632000,3001828,6582975,15840075,5004448,3574042,10895125,4677945,5127460
"O89001",4403783,6605762,12046925,5868870,6009278,2275138,12162825,5446068,4326075,5449732,1377690,12785725,14699250,8387612,6512360,9018558,2751988,17805800,2105652,3157962,3197298,7313807
"O89051",4723097,3658680,4727850,6154950,8263675,4272042,7628962,7622378,5867222,3659425,2116578,3599348,8415058,5414138,6018635,4269070,4127002,4286262,2088495,8893035,2802020,3669737
"P00158",15793400,116203275,1544355,3746093,15175225,233241250,10254050,27676175,3810270,15818650,97547075,2672795,21382775,17018300,14034752,2980418,2012292,3534418,1424810,3559118,162009750,3034277
"P00397",986885,3398385,46386.15,342858.33,866746.25,6242072.5,373691,734121,418258,1010704.5,1292180,1151186.5,1027358,366402,894203.25,175403.25,33230.67,362091,134112.27,374585.75,11033937.5,220005.33
"P00405",218833333,1072443000,58802950,67444900,102301475,998507500,158528250,331705250,72809100,169979000,1109379250,104572400,173457500,198928750,221756000,66028000,44897900,100763375,31229600,64082400,919715250,66552833
"P00416",3523873.3,6858012.5,NA,790740.3,1498625.8,12629675,1620609.8,2083622.5,2211985,1831010,5131247.5,4882540,7822965,1313359.8,3367207.5,767174.8,557499,1081032.5,1043918.5,1546472.5,78264025,620563.3
"P01872",1456020,1208432.5,NA,456834,4219677.5,396856.8,415129.8,574290.5,2586765,16993975,384379.8,924456,2420287.5,12929425,4049227.5,1416310,69603100,624684.2,496190.8,11843100,1222518.2,1233436.7
"P01901",48822333,34145875,3236425,7083250,78159575,7006870,17024450,98858775,71525400,95031725,4900272,9780540,30112725,118404500,67626050,99687575,172846500,24115000,7093668,212280250,11458800,24869900
"P03888",12540266.7,58206525,1660370,4292176.7,16058525,173005750,11852375,15578100,3465940,19594625,48556450,3693235,12724975,17363950,13085150,4747272.5,1580762.5,9971472.5,993922.8,2794512.5,119230875,4013286.7
"P03893",696642,1587076,NA,219435.33,1104192,3044910,328280.5,862450,183721.5,974747,1034943.5,439830,1566992.5,368377,900641.5,217300.75,23103.3,352248.25,63312.93,184143.5,6663147.5,193501.33
"P03903",116734.67,600361,NA,47144.1,239883,1348145,73861.37,250534,94023.1,184986.25,537263.75,NA,142795,128965.93,221905.9,269706,NA,31508.62,NA,22060.5,259854.25,114552.83
"P03911",4870633.3,16939925,782389.5,1702866.7,4696277.5,51874800,3484767.5,5488702.5,1464592.5,5086795,15895275,2567475,7139950,4905107.5,6101655,1129616.5,601654.8,2126342.5,553930.2,1595527.5,58383625,1540270
"P04223",84383.23,NA,NA,NA,65748.57,NA,NA,NA,281352.88,386185,NA,32751.37,NA,250900.75,94389.07,94914.57,861622.75,NA,NA,557507.25,NA,NA
"P04231",1613616.67,1242112.5,49299.25,103470.6,2404015,385629,745958.25,483413.25,1570112.5,8601470,212457.5,1285455,480360.75,5508312.5,3295330,2976592.5,17300100,381003,124094.15,21867900,607470.25,803497.67
"P04235",NA,82689.2,NA,NA,NA,NA,41661.35,NA,372058.25,5080120,NA,143866.5,NA,3217217.5,134346.27,281254.5,4514965,NA,NA,12882900,NA,NA
"P04441",4019343.3,5656062.5,256731.7,408117,11152450,2139967.5,4660185,3675965,9641312.5,44237675,1050607.8,4075097.5,2038815,30117000,10944525,13703925,78642275,2124167.5,383412,72426400,2504442.5,2665720
"P04756",NA,NA,NA,NA,NA,NA,NA,NA,NA,NA,84257.77,NA,NA,NA,88651.07,NA,NA,NA,NA,NA,88978.25,NA
"P05622",5469683.3,3707655,1665707.5,3717833.3,5094627.5,1991092.5,6612500,1622712.5,4419540,3518340,1646535,1378942.5,3270775,7040345,10385575,1698837.5,14569825,1400295,499271.2,3042845,6330702.5,6470786.7
"P09925",7562556.7,13719150,329949.2,1379293.3,3777835,9451795,2756895,5997995,1135003,3233815,5506692.5,1334795,4438587.5,6159615,3737175,1303045,884594.5,1162290,238988.5,746625.8,6906672.5,1628570
"P0C8K7",185508,110882.12,262714.5,137861.67,420766.5,NA,734444,168920.25,62130.45,184809,NA,1920255,171356.5,454185.75,106678.85,30004.2,345460.25,76466.23,210517.6,58022.87,NA,89728.1
"P10417",393514.33,351841,616779.75,1911623.33,2753557.5,114503.35,578569,272171.25,348272.25,2180697.5,NA,518659.5,497263.75,2899650,541037,583074.25,3637930,497410.5,91739.07,2883095,228416.5,587246.33
"P10852",44876400,13085850,82488850,92580400,52443300,3689242,58162700,6911872,10546650,23581200,12978475,165579000,110567250,31673175,32366925,117829000,46322675,21973425,91333050,53599450,11319025,19248200
"P11438",22794667,35328850,5033168,12650600,39274475,15120875,19016925,36161325,22485525,26111450,19876125,19481350,12944700,31447250,42081275,14302275,17573275,7910020,10759588,19511350,19181900,9313400
"P11688",7781350,2110660,749365.8,1850043.3,8648130,3685542.5,2319292.5,10242010,5035530,6813575,1671830,3561730,15230725,6721005,12400750,6562967.5,4886367.5,7937090,727966,4608992.5,6406387.5,14642866.7
"P11911",NA,NA,NA,NA,131146.7,NA,NA,NA,658021,6424592.5,NA,521682,NA,4707750,NA,507209.8,21433275,NA,NA,1095024,NA,NA
"P12023",2902416.7,1785107.5,12493175,7269203.3,10422900,932889.8,15151075,2053220,9487787.5,3089470,3484247.5,1726517.5,3255127.5,3537285,3354622.5,3942265,2911867.5,3616672.5,1242732.5,2171800,1812612.5,2950423.3
"P14094",30390600,18108075,269571500,127068000,18833450,132105750,371576750,27735425,24694975,15694400,73881600,13126700,79998350,9457948,51084375,348463500,13219050,48183575,16562875,35913775,94116625,42208467
"P14901",4403926.7,859774.8,218910,3693790,2028327.5,416361.8,933633.8,1963730,851897.8,1627477.5,1214620,352865.2,179885.8,2307992.5,309229.2,95954.4,27495300,361277.5,1321382.5,2405312.5,767160.2,1619153.3
"P15208",6991770,3562000,1706572.5,6171363.3,6341350,3343060,4936072.5,6577162.5,2402342.5,3799895,3653740,3691930,3518432.5,4079275,2498292.5,5574782.5,2198060,1725820,858071.8,2638910,1590677.5,2703586.7
"P15209",362780.33,1891215,8219690,1663406.67,2250822.5,NA,NA,67022.6,207529.25,540747,110163.2,408134.75,387676.25,1534782.5,391363.5,NA,249567.75,NA,72964.73,196355.25,305898,230369
"P15261",2247526.7,4204525,877297.5,1461906.7,6926882.5,1186560,1435047.5,864388.8,4279702.5,3837975,1016978.8,987616.5,1867410,5950997.5,4236020,3905315,6287177.5,1766732.5,725567.2,10376705,1933300,1597220
"P15530",NA,NA,NA,NA,NA,NA,NA,191774,461713.8,4467777.5,NA,281194,NA,2652247.5,NA,500031.5,11286200,NA,NA,427639.5,NA,NA
"P15920",4111406.7,4986195,2888180,2615456.7,2487507.5,884853.5,5547655,3314282.5,1872030,3352127.5,438403.8,6187752.5,2288225,4679175,2883582.5,11344250,5652532.5,2468937.5,1190567.5,5949780,1133005,1873186.7
"P16092",617196.7,653714.5,1110381.8,930754,1496682.5,244618.8,431138.2,354590,573957.2,666266.5,210217,635274,572507.8,1835757.5,545556.2,223071.2,599713,225366,197863.8,394954,790058.5,1091563.3
"P16390",281145,520460.5,13852425,2588490,178887,82399,NA,107241,544460,376375.5,220377.5,NA,324468.8,736430.5,649753.2,342946.5,3146702.5,202892.8,NA,5585615,903600,249752
"P16872",NA,NA,NA,NA,NA,NA,NA,NA,154184.75,408717.25,NA,NA,NA,511737.75,82609.82,NA,725570.5,NA,NA,663933.5,NA,NA
"P17047",50752933,35474250,5813272,63839933,56386850,14456500,64724250,152580000,27590775,34555425,10548995,16804125,41714825,60846300,86589100,18682650,28206525,19051475,16838975,53608300,26444225,25614433
"P17665",2667960,17635875,2886025,3621983.33,2545510,22115175,2554307.5,5996332.5,1984045,5270272.5,11480762.5,8106130,464856.65,2532867.5,4119380,1227709.5,1736210,3173300,39008.63,1675267.5,5992760,2209976.33
"P17809",6115390,4052735,16149275,415569000,3373295,3489010,18810525,4080272,2006252,3973758,2542502,2460470,9918235,7974195,6692025,3795642,10705385,6263780,4410362,6082250,6311135,4656083
"P18052",7909963.3,3249147.5,10317787.5,11932966.7,9035282.5,1642037.5,10774450,2161902.5,7255527.5,6772647.5,848441.5,2962680,9973895,8209140,3798855,4660022.5,10554400,2873515,2339337.5,13312825,4809357.5,9762450
"P18581",1769550,239547.5,2673620,3848636.7,393878,NA,464537.5,29930225,1300102.5,253802.8,1958687.5,5287002.5,270381.5,358802,925494.2,692034.2,3195307.5,541293.2,923066,905731.2,318485.2,134607.8
"P18762",NA,332050.25,69666.1,142407.7,134777,NA,87557.62,NA,800998.25,132841.75,178863.25,153763.75,160321.75,235164,204326.5,80941.27,409022,30424.42,NA,152483,169401.75,150119.73
"P19783",113690333,502953250,19534575,36575933,74821500,677578250,65314050,126806750,31829075,104139275,436835000,60033925,86051300,105384500,117913000,38338425,15715175,61695825,11701475,27714325,745511000,32392467
"P20491",5927630,4972272,3769640,2688257,16155575,3311748,5686068,3054692,10574835,11936350,1244125,1343202,4649018,17093460,13126050,4441182,30825150,2932678,1914850,19113725,4547752,4343527
"P21958",5536343.3,5020052.5,352164.8,1227330,8676480,786922,1772210,3437575,6146542.5,17976975,166380.2,1371350,1177310,17525675,5212492.5,14360575,28962800,2485152.5,630855.2,34717275,1229627.5,1802450
"P22646",164359.2,346021,NA,NA,223105.5,NA,128844,NA,669988,7583892.5,NA,206551.5,100227.33,7042757.5,1943442.5,706704.25,11547325,30729.9,75917.15,19374350,NA,NA
"P23818",170742,NA,4701995,451075.33,NA,NA,NA,NA,174683.75,NA,NA,NA,41220.7,NA,NA,NA,NA,NA,NA,NA,NA,59964.33
"P23979",145553.33,80670.48,NA,1838913.33,NA,NA,79020,NA,NA,NA,NA,NA,184141,NA,NA,NA,33813.87,30358.95,NA,NA,NA,270784.67
"P25118",848342,288683,88307.82,238735.33,566806.5,NA,260247.25,447971,394768.25,310662.75,89949.4,391722.25,217089.5,444703.75,272794,878578.75,533754.25,177788,332745,989669.75,183424.75,348694
"P26361",NA,NA,11225.65,NA,252256.75,NA,88327.75,NA,118984.68,NA,NA,35535.4,NA,NA,NA,2550112.5,NA,103513.48,54584.43,53640.22,NA,NA
"P26618",2150406.7,1146362.5,768348.8,740500.7,3229697.5,1046890,1551545,495175.8,4045575,1842820,770180.5,747903.8,1804160,3789117.5,3234945,827726.2,3219232.5,872410.8,819888,945400.2,5131097.5,3231020
"P27512",434720.67,193001.5,NA,NA,730795.5,125281.5,319939.75,172611.75,969924,2500390,146466.88,58236.03,139911.25,3481012.5,1016269.5,384954.5,6475760,79304.07,47175.4,5969705,242252.25,283839.67
"P28230",NA,692058.05,402249.25,NA,NA,NA,402199.25,6444060,NA,132634.5,NA,1871560,990973,145812.25,32738.87,539151.5,90537.6,5306742.5,NA,NA,96684.87,725862.67
"P28843",6327606.7,3721282.5,3654725,9037296.7,48786325,5877472.5,40259625,70680950,48588475,33789750,1953055,7394410,19974100,46340200,27735275,38671275,22488800,1012342.5,938375.8,31616825,4170422.5,19984566.7
"P29533",1200093.3,402258.8,906679,630723.3,1643515,874454.2,1120815,866788.2,2164540,3434587.5,235611,302923,1385510,1438687.5,279799,334400.8,10326275,417482.8,10004065,3740242.5,2768932.5,1115490
"P30548",NA,NA,403619,686873.67,NA,NA,NA,NA,NA,80313.3,NA,NA,NA,NA,126378.57,112094.07,63681.6,75556.52,NA,141997.75,NA,NA
"P30549",117042.8,NA,NA,NA,NA,155958.5,NA,NA,NA,NA,NA,NA,NA,NA,NA,23321.1,NA,112266.6,NA,NA,NA,NA
"P30730",NA,NA,158405.67,NA,NA,NA,NA,NA,NA,NA,NA,NA,NA,NA,NA,NA,27742.37,NA,398633,NA,NA,NA
"P30987",5410870,57242.8,47444.5,121169.33,183331.5,74916.65,2548190,534902.75,1389610,850285.25,NA,46307,87636.1,783462.5,109898.55,271332.25,3267040,332308,70714.85,6154567.5,NA,257531.67
"P30993",2134156.7,3367257.5,656734.2,577244.3,7955830,2097962.5,620452.5,550658.2,2542835,3322122.5,838875.8,1011176.8,1948825,13667025,6213785,1592790,1842945,944574,178489.8,1001637.8,2417097.5,1893216.7
"P31695",394267,63862.7,NA,NA,166541.75,NA,179290.25,NA,693758.5,117497.38,52752.95,NA,94445,89006.98,131449,NA,180682.25,52461.53,56117.15,151719.5,NA,81168.8
"P31809",1657233.33,1480477.5,486778.25,885490.67,1478962.5,952627.25,1834985,10037555,6713932.5,1810955,481187,1278822.5,22969875,1367495,1513497.5,14491300,2377830,332600.5,68564.23,721751.5,1349347.5,10314736.67
"P33766",NA,NA,NA,NA,NA,NA,NA,482033.25,1033070.75,NA,NA,NA,NA,NA,73165.3,107720.15,3064055,NA,NA,87063.03,NA,NA
"P34968",NA,NA,181154.62,NA,275497.67,NA,NA,NA,68115.63,NA,NA,NA,NA,NA,739951.25,NA,NA,NA,NA,NA,NA,NA
"P34971",NA,255895.75,131584.92,117306.33,101070.93,117149.5,144765.75,NA,529476.25,53126.15,NA,74042.1,NA,NA,NA,NA,120546.95,NA,NA,60587.65,NA,NA
"P35330",34875100,3587570,392885.2,1145280,12109350,3675340,15714400,6609367.5,44092875,12385350,2305765,1441292.5,3489340,9824617.5,9814222.5,4665072.5,23027925,3218787.5,1051413,39694525,8022925,4696886.7
"P35343",NA,NA,NA,NA,NA,NA,NA,NA,466532.8,201572,NA,NA,NA,298571.5,NA,NA,1163690,NA,NA,NA,NA,NA
"P35363",NA,NA,418433.25,NA,NA,NA,NA,NA,NA,NA,NA,NA,NA,25476.65,NA,NA,18100.55,NA,NA,NA,NA,NA
"P35436",202939.33,NA,255154.25,71843.13,NA,NA,NA,NA,NA,419930,NA,50305.37,20646.75,NA,NA,84835.77,NA,85117.8,39736.6,88103.65,NA,84724.9
"P35438",75869.6,NA,3044015,695401,NA,588165.5,2430240,NA,NA,3753250,NA,NA,NA,NA,NA,NA,1251366.1,NA,NA,NA,NA,NA
"P35546",79195,98777.37,432594.25,401052.67,101066.07,NA,NA,NA,NA,40431.87,NA,NA,128948,121342.25,130267,129513.75,49992.27,178632.75,NA,NA,396889.08,101220.97
"P35564",109737000,83805025,60832950,136194667,108593500,62189675,75116425,117336500,49179050,70303400,63306600,112406500,89728375,68771475,64585825,98957000,57824675,41366475,66091875,87884375,31187100,54584100
"P35803",1558946.7,1856640,65671800,47446566.7,2491470,1180827.5,2842035,740277.8,2580332.5,988968.5,587164.8,858312.2,4256835,1870702.5,2039195,676950.2,3094927.5,959784.8,6674195,1011155.5,1170029,1007362.3
"P35917",1290930,37637.87,60957.23,126502.67,258331.25,46283,396575.5,1392372.5,709650.5,680816.75,NA,141322.33,93310.52,272499.25,266198.5,248814.25,1377610,86292.4,37004.3,NA,429159.25,274078.67
"P35951",8945523.3,1080455,859255.8,836364,1023649.2,198246.2,790802.8,28715850,1774710,710500,585877.2,1169465,343209.2,818604.2,1973707.5,8736265,592669.8,5453590,720448.2,851751,448839.5,558958.3
"P36371",7707413.3,6312632.5,419201.5,1639536.7,11393775,869288.2,2102067.5,4026432.5,7336802.5,22404575,286748.8,1825427.5,1267382.5,23339925,5522752.5,18302075,36921650,2789502.5,798601.8,44658150,1418782.5,2480180
"P36895",293888.7,232863.5,414535.8,584392,960880,286172.2,379594.5,119232.7,434422.5,358868,151710,198634.5,580929.8,432138.5,350172,393159.8,328626.5,289038.8,235455.8,479465.8,245333,472346.7
"P37040",94866500,95251075,21804850,36977333,141031000,9511068,107897000,92242700,91369425,78683650,7482928,21001750,13362825,124051000,18552750,102770350,23811825,18081550,13153400,29787650,7280135,36059067
"P40240",17996967,6766608,17930658,18046633,26443850,4360262,11543850,3454878,39363475,19462775,4548880,7794218,46454225,15746325,46489050,18151425,34208975,13945650,3543015,17295800,28424600,59520900
"P41272",NA,NA,NA,NA,25449.2,NA,NA,NA,145682.75,735557.75,NA,85338.45,196067.5,708590.25,98269.55,NA,1139332.5,NA,NA,5675462.5,NA,160229.1
"P41588",53381.1,NA,232339.75,2886986.67,70172.38,53718.97,NA,NA,1212262.5,184043.5,57952.77,2766270,213798.25,NA,126717.75,375948.75,162751,609057.75,NA,51376.78,253991.75,64544.23
"P41593",81964.63,NA,NA,NA,NA,NA,2076105,194739.75,NA,36297.63,NA,NA,NA,27382.6,55764.9,NA,51168.93,NA,NA,NA,NA,NA
"P41731",1529413.3,767280.2,274071,2279266.7,2234170,695510.2,3040732.5,293448.5,1482740,1536852.5,788579.2,3992095,1172442.5,3021905,6034975,1342302.5,959362,1496480,304252.5,941379.8,853582.2,2280243.3
"P43023",225454,6371422.5,NA,583409.3,198363.8,14220375,NA,934417.8,1407140,264646.5,3532435,NA,2303560,3039065,6189390,NA,209567.5,172302,NA,692100.5,8011072.5,740171
"P43117",NA,NA,NA,NA,NA,NA,167106,NA,173934,NA,NA,NA,NA,NA,147737.5,NA,NA,NA,NA,NA,297935.8,81790
"P43252",279909.67,260514.75,NA,97901.43,345380.25,174652.75,222669.25,NA,326072.25,575745,NA,154954,172826.5,660323,306394.25,81770.27,2833790,93676.85,NA,723259.5,140179.88,213322.33
"P43406",17340600,5508945,8261660,62946900,13010250,4181918,10961075,10048600,11321925,10030198,6372788,2868182,11203375,11214025,21277400,14175875,10955478,12177250,9037495,8559252,7135478,18194967
"P43407",419273.33,301449,413774.5,404604,561181.25,319339.5,1992737.5,958597.25,422301,257609,227836.5,309653.25,571281.25,395157.5,804035.75,408685.75,211806,273337,73560.17,251409.25,368369.5,699478.33
"P46096",13533433.3,3718797.5,67526975,111950000,457803.2,1405070,928787.5,1360597.5,360095.2,778917.8,395631.2,560280,1555100,799512.8,418466.2,1500222.5,1265679.8,1249807.5,231930,2328095,619992.2,1727226.7
"P47740",16470100,16437900,11842575,47373967,17067900,5230310,68033450,67745525,23398200,13618225,2722022,32862125,18773700,17742075,14467025,53219900,21348150,19881350,8723785,41881700,5965682,20120300
"P47743",226311.33,NA,199195.75,79613.47,NA,NA,38509.17,684195.75,NA,NA,NA,NA,439338.75,34623.5,111497.3,83199.6,NA,NA,91339.12,37215.22,NA,166727
"P47746",43694.9,NA,2629215,141826.27,NA,NA,NA,NA,NA,NA,NA,NA,NA,82475.63,NA,58096.18,NA,18745.9,NA,NA,NA,NA
"P47750",128865.3,221143.8,NA,1079966.7,1276740,NA,NA,NA,NA,448287,NA,NA,NA,560345.5,NA,NA,NA,NA,NA,NA,NA,NA
"P47801",34671.1,NA,NA,NA,338468.5,NA,NA,NA,293157,116332,NA,39692.8,96315.73,32669.75,266224.25,NA,16857.1,NA,NA,43798.07,NA,62290.2
"P47936",92839.3,NA,NA,NA,NA,NA,37696.75,118719.2,173192,252538,NA,NA,NA,219952.25,NA,NA,732793.25,NA,NA,320627.5,NA,NA
"P48302",1522720,418011.5,926970,654170.3,640384.5,982749,1624347.5,920987,3664587.5,374100.2,NA,77755.6,502105.2,1032432.5,1095042.5,300461.5,415053.5,335354,262814,237041.5,541170,324830.3
"P48410",6867873.3,2508457.5,553394.8,1299556.7,2366130,3225105,2651042.5,1087288.2,3704542.5,5938207.5,879516.8,712054.2,309525,6836897.5,1238322.5,4332977.5,11709675,545793.5,1708640,11367975,4790300,1152083.3
"P48771",209066000,71505975,46921150,67440867,93645825,57007475,171825750,67796878,14770095,837628,37542100,76409000,19675025,138039500,14277725,31941002,27102525,12759940,19133220,46710900,25406200,61236507
"P48962",68662500,186093000,63961800,124122333,63133575,1056964000,40553975,13809200,42911075,42761025,687556750,13186148,143248500,84858475,163268000,33943825,16792225,29165400,7737822,30152425,596930750,46722433
"P49070",3510753.3,2478975,3335670,5711583.3,4789882.5,973842,1553642.5,783014.5,909540.5,2304535,1174410,1822847.5,1204087.5,2851520,836837.2,768374,1454315,614128.5,2325007.5,1756220,498834.8,1719516.7
"P49769",8172103,9877370,6562100,4726707,11920650,3863035,10455720,9220115,7148198,8514100,4154085,8522702,5860318,12433925,7568278,11309725,14213375,4068742,5750090,13175425,3746958,6388143
"P51675",146394.67,92677.88,NA,NA,509013.25,NA,NA,NA,232413,332596,NA,172994,134347.75,522191,499301,321611.5,149904.65,80980.23,NA,351994.75,NA,88525.97
"P51678",NA,NA,NA,NA,125608.67,NA,NA,NA,NA,71108.35,NA,NA,NA,248673.25,84265.6,110915.77,4676920,NA,NA,246242.25,NA,NA
"P51682",116871.33,151267,248007.75,27143.1,474946,134424.93,144043.1,110337.9,197202.25,390370.75,NA,92039.88,120783.5,884542,291473.5,139568.75,588528,78949.07,35330.85,322652.75,47722.6,59851.3
"P51683",394334.67,594761.25,NA,NA,2221312.5,NA,494513.5,151056,1060590.75,1065990.75,NA,NA,445511.5,2517512.5,1555515,178452.25,2018957.5,189004.5,75234.43,1111506,557274.5,618351
"P51830",3966506.7,3435192.5,8019210,1011500,1086965,1425755,1229445,1006160.8,1840670,833334.8,1314522.5,3215117.5,1729760,1305947.5,753902.2,1803265,2079800,651302,1442945,964966.5,1072700,1345303.3
"P52194",265994.3,NA,3576962.5,653748.7,969567.2,NA,NA,NA,3532805,1917967.2,NA,8775710,1367999.3,NA,1908465.7,16194499.5,179990.5,3749372.4,22185075,153193.6,1009771.8,NA
"P52795",4894170,1238930,1589757.5,1574063.3,2761192.5,591258.8,1500655,1480182.5,6149937.5,1571007.5,350905,1108114.2,2175607.5,1301085,2176697.5,2589487.5,2498787.5,610273.2,2463430,1347912.5,1024049.5,2559460
"P52800",111564.07,NA,677380,323937,54182.1,45313.63,130136.75,NA,475949.75,62544.22,NA,72206.6,222705.75,NA,610443,250828.5,170294.25,63746.52,69142.88,171120,862554,260843.67
"P54761",6799010,1683347.5,1087172.5,1486710,3964242.5,1939900,6671040,4209982.5,6114722.5,2833507.5,685194.8,1735090,4532150,2884327.5,2673357.5,5193822.5,4900720,1360795,804722.8,2793197.5,3965337.5,4295223.3
"P54830",NA,NA,5388727.5,528394,NA,NA,NA,NA,NA,NA,NA,NA,588405.5,NA,NA,NA,NA,NA,NA,28848.03,NA,NA
"P55086",NA,NA,NA,NA,NA,NA,439826,NA,103271.48,88629.7,NA,96335.52,454474.75,60738.82,176875.75,442849.5,101947.32,241862.5,NA,282636.25,32418.3,179219
"P55096",39624033,23009250,11588550,35133967,17448300,10742422,99357950,48863225,27722625,20514050,1051399,4951568,2956990,19859950,8564072,31342425,9840888,23592225,15145100,19996950,8541795,37531400
"P55284",1266186.67,896320,222931.5,126659.5,1033597.5,637178.75,351676.5,867366.25,7777890,886379.25,299753.75,149395.5,279502.5,759379.5,371170.5,99088.27,2099087.5,239626.5,284976.25,224925.25,889928.5,352970.33
"P55850",NA,NA,NA,97554,NA,NA,NA,NA,NA,419955,NA,NA,NA,163947,1955725,877466.75,286144.25,51273.85,NA,2275090,1246680,NA
"P56135",95192467,97322900,32654175,56592933,65871675,273467575,98995075,147222750,36436600,74965225,190690000,35603725,112483000,117731000,84554450,42220175,22937225,44791050,5789608,19608775,365661750,48767800
"P56393",1447763.3,14354275,364481.5,310164,2383462.5,26905200,1643479.5,3533547.5,1589322.5,3462980,7371445,1058344.2,151196.4,2536769.5,4089242.5,1176390.5,437578.5,2098452.5,NA,462719,4222510,468862
"P56395",36610933,67439950,5422265,11776767,156056000,9591715,94763725,208253500,40476675,62329800,8601635,87433625,22423775,59249400,25073700,46887400,7932160,6688490,6488960,14022800,8452360,15867167
"P56400",1028321.67,1160667.5,NA,655855,766591.5,1681875,407932.25,1219630,5203147.5,239882.5,110345.67,99925.73,372653.25,1266987.5,4813512.5,NA,40369950,154465.25,792428.25,516346.75,1540087.5,385238.33
"P56402",NA,NA,NA,232901,NA,NA,24043536.25,NA,NA,NA,NA,NA,334923.75,NA,NA,NA,49126.27,NA,235241.25,NA,NA,98667.7
"P56484",NA,NA,NA,NA,NA,NA,NA,NA,NA,NA,NA,NA,NA,NA,NA,NA,80929.75,7543.805,NA,658575.75,NA,NA
"P56485",180617.33,181262.75,32884.35,183321,153299.5,249638.25,240548.5,NA,135514.25,50438.9,NA,19815.73,136097.25,178933,159644.75,61036.2,754335,51116.9,43927.38,38086.85,147589.75,103523.97
"P56528",27046967,11870075,5563292,1376267,17579150,4156160,17821125,41269875,27315000,24097050,5465172,2186678,10224045,26844025,13007300,33926850,56001175,3079505,1193192,10103118,4387802,3963560
"P56677",647255,NA,99913.63,410983,507316.5,NA,8592392.5,126562.02,1152590,1118812.5,NA,3450500,10415105,648731.75,1027031.5,19650100,2342905,5025930,182022.5,4270892.5,323521.5,6971596.67
"P56695",5852366.7,4370522.5,14517150,16039166.7,2838800,12521550,3091727.5,2442287.5,2996212.5,2449627.5,20828350,8099477.5,3754662.5,3718377.5,2950455,7302580,1717240,2876495,815946.5,1564735,7798910,6382176.7
"P56726",584004.7,169058,297573.8,349221.3,449564.5,85238.5,488150.5,NA,239066.2,243468,NA,112449.8,184713.8,428639.5,606396.2,142490.8,298383.2,120274.2,111733,1328117.5,NA,415366.3
"P56857",NA,NA,NA,NA,NA,NA,NA,NA,4746447.5,362137.5,NA,NA,NA,NA,840078.7,669275,NA,7510322.5,NA,NA,NA,NA
"P57716",26768567,17307100,11121470,17554567,21583350,6258135,15449325,29790400,14963950,15475350,5039980,13821425,23902550,27125050,31229275,31948275,28410900,10633650,15857300,30143500,9627990,17517967
"P58021",19876567,13332000,8415422,27409933,12414475,9696965,19551875,10994358,10958625,14810800,5543282,36859200,43208650,17127175,22450675,67083725,18325450,35649925,7621065,13393475,8919042,23716933
"P58158",5188440,6681717.5,2263510,5492473.3,2176877.5,869058.8,4593727.5,6124145,1123485,1930222.5,1626477.5,1240105,3401005,2353280,2038677.5,2153005,1590110,1767507.5,599216.5,1641292.5,1386977.5,1774380
"P58196",4417856.7,2218815,1371651,1633970,5566187.5,1491345,4392370,2631985,8070365,3396757.5,928373.5,1074925.5,1868580,4967662.5,3957350,2050410,11198735,1850905,748397,1484440,1725420,4917420
"P58659",326116.67,96188,80399.9,177975.67,162560,NA,NA,NA,172008.75,87666.2,NA,NA,474483.75,82498.32,NA,NA,209522,31936.3,41115.45,157796.5,NA,194758.33
"P59041",1373770,4258532.5,613097.5,401392.67,763707.5,4687177.5,396399.5,1041266.5,172358,971251.5,2248297.5,361537.25,968599.25,1276100,297644.75,304553,213331.75,235928,50801.62,153732.5,6627670,334906.67
"P59268",104123.73,54207.57,389543.5,245049.67,208649,NA,291096,255774.5,140683.5,108624.2,NA,56339.15,128201.67,102893.3,300775,871688.75,252201.75,408215.25,167634.5,241345.5,114367,251485
"P60202",2117276.7,4269977.5,70668875,16581666.7,548117,659034.8,347642.2,187487.8,1501225,384670.5,1688872.5,624504.8,6037770,5350955,7671240,839122.2,1248834,559984,1906662.5,647367.2,6196207.5,1000252
"P61014",NA,1331070,NA,47530.43,182199.2,1476468000,205050.5,109903.8,3327215,706821.2,143553.2,76308.07,129102.2,82680.57,600910.2,2972088,154934.8,4315540,1368738,484116.8,433826,NA
"P61166",7894796.7,4645535,2915607.5,5759933.3,5265342.5,903248.3,9079455,14687075,3104242.5,5393030,3056625,NA,6186797.5,8781665,9079635,11639475,9825680,3604605,7275545,7621070,1214347.5,3201946.7
"P61620",22260900,20209850,6657688,18955167,25734925,4794850,26925900,20727500,18704075,22237550,1953898,360923000,13126650,19631800,25984500,56653200,22635950,21189775,8243228,29244075,4382368,9977563
"P61793",3200843.3,1637247.5,2697782.5,2245216.7,5750335,1293190,2112130,785177.2,4058682.5,5404740,1400490,1176697.5,6806967.5,6988122.5,13901400,5649185,10867382.5,3097540,1866482.5,6444140,5905395,8628150
"P61804",13404567,14359475,3807062,10541827,25813800,3665145,23402200,16516900,9997252,13840425,9191418,96473675,18989450,14868050,15282925,18641975,11552625,7206962,14416300,15120925,3078330,7270947
"P62812",NA,NA,9089080,1678356.67,NA,NA,NA,NA,NA,NA,NA,NA,NA,NA,NA,NA,88521.75,161033,NA,557129.33,NA,NA
"P63024",30764567,28584450,9197128,11438000,47430850,16748075,21205448,25437425,17277300,23385575,15734830,21173375,10113625,29360700,13927925,27900175,7235015,14933910,12153315,12924825,16054700,12538847
"P63082",19644933,11686118,73738075,38926300,15493800,5175062,70460100,21242325,12860100,15901950,2704318,12234525,8648558,21191800,24860125,15916750,22325250,12867375,5650845,19723325,5538448,7600267
"P63141",81707.17,162921,4704327.5,1026263,100186.8,NA,NA,NA,196239.48,172266,NA,NA,201736,226927.75,315464,106458.18,584876.5,88170.45,NA,622170,360807.67,109454
"P70126",65761.37,NA,356559.25,179664,NA,NA,NA,NA,NA,NA,568765.5,NA,NA,NA,83459.8,NA,NA,NA,NA,NA,61536.22,NA
"P70174",41448.67,22629.57,573374,NA,107001.5,74145.65,NA,NA,NA,64056.65,NA,NA,NA,247578.75,82209.35,31792.95,148653.5,NA,NA,41777.97,69659.75,21840.15
"P70193",246941.3,497390.5,890344.5,374757,856081.8,375371.8,145851.8,394168.8,108819.2,470963.2,1987632.5,247229.5,102800.1,663146.8,875424.5,641420.2,203190,537901,121028.2,654549.2,391900.5,145839.7
"P70205",1383906.67,532416.5,6170080,456988,287129.5,148211.38,114908.9,155556.7,95950.62,391327.75,NA,325468.25,539953.25,507468.5,645699.5,184206.25,63469.82,317026.25,NA,296457,583090.5,521360.67
"P70206",3715116.7,4623417.5,6456160,3254063.3,4460352.5,1025955.5,1447172.5,380129,4791425,2382735,1096792.5,720869.5,1691885,3867120,2866337.5,1356035,3695340,490613,4322752.5,4143970,1733765,3236833.3
"P70227",1372370,451925.5,542353.8,1254140,889643,402793.2,1188375,643268.5,4881375,4391052.5,1531404.8,5247067.5,1807882.5,2329517.5,3242585,9751807.5,12662650,11997225,1158582.5,11681750,1261080,3887530
"P70245",7217880,13485675,1406025,7228390,19041375,2432862,24685925,42753500,8522042,11141250,1941790,8793092,9001692,10167688,12201175,21111875,6125632,4653842,7885252,7093388,3130992,3946987
"P70263",NA,NA,145188.15,NA,50732.6,NA,NA,NA,NA,NA,NA,NA,NA,NA,131030.95,102076.2,NA,19395.93,NA,121803.25,NA,NA
"P70302",12461867,30796750,5939458,9574710,17690225,1774065,1703060,8313150,5386352,9819940,41327425,7942865,7505782,10602250,3804985,8925180,11467275,3854690,12207400,14605850,9383250,6276310
"P70387",2971016.7,2101895,502863.5,979709,7728035,1293120,1313682.5,5408092.5,3194005,4433272.5,846122.5,535038.2,1281682.5,7147672.5,6311715,1320187.5,8210535,636425.5,2065852.5,2037992.5,1759682.5,1744133.3
"P70423",NA,NA,1551220,575582.67,NA,NA,NA,NA,NA,NA,NA,2058350,156803.33,NA,NA,168150.25,195753,131395.5,NA,78267.2,NA,98817.23
"P70424",686786.3,185341.5,242527,793275,764639.5,237569.5,2714802.5,219280.5,1114822.5,584522,125099.1,397029.8,2409197.5,564893.2,2598430,5943905,1282600,1859345,167743,1151240,833721.5,4587336.7
"P70452",12405367,10453182,2450125,4567743,19623250,5161540,9517360,8218582,7555995,12383025,18547150,4615732,12622875,15497175,7699240,10644125,15406000,5757705,3835912,13824275,9430882,9672973
"P70669",NA,NA,60089.03,340489,NA,NA,NA,NA,707845.25,83566.75,NA,NA,62115.43,NA,NA,253502.5,NA,NA,138482.87,354237.25,307694,NA
"P82349",4086563.3,12139900,709854.5,622916.3,25326150,17928300,608592.5,1307190,3020527.5,11500950,15918825,800164.8,2417577.5,12368625,23828125,4534222.5,7366067.5,3835087.5,767375.2,1409437.5,5323892.5,2912513.3
"P82350",NA,1050081.5,NA,203482,NA,20938200,NA,213568.5,251022.5,NA,26022850,NA,654811.5,1031592,27517450,146954.4,NA,224841.5,NA,179568.5,8141877.5,211212.3
"P83093",696899,513541.8,2348755,2087106.7,478069,188253,627176.5,1205157.5,1118610,817502.8,840753.8,1533982.5,266830.5,815004.5,304056.5,1401427.5,1544552.5,770411.8,587776,1947987.5,160223.8,329190.3
"P97295",359820,NA,298378.25,NA,54131.35,NA,NA,NA,NA,NA,NA,NA,NA,NA,65476.75,NA,NA,NA,NA,NA,NA,NA
"P97300",36609467,18263500,152127000,58148033,64670975,8568095,22564875,15981650,21685825,25593975,38876700,9988260,41866300,31153325,49229950,41441725,17312800,20411525,10293568,25609400,16751175,29456500
"P97333",4062910,6806980,1918365,628741.7,5964142.5,3060010,3710137.5,1393732.5,15224550,4058692.5,702113.2,1228162.5,1360755,6877647.5,2814125,1278470,3755202.5,958259.8,796175.5,5059575,2216827.5,1258676.7
"P97363",3380150,542989,619703.2,1093797.7,1044429.2,215092.2,4614847.5,745721,2661685,1569912.5,158714.8,1026890,544945.8,1375115,1677110,9283905,2807167.5,2913845,1112237.5,2169522.5,393169.8,1633500
"P97370",31818467,19189875,14515725,28287367,18837625,6959775,9006375,9380378,12185950,15005275,2579325,18217600,20416475,18306125,37099125,9403195,21016800,4468365,13244925,35241650,8316828,30308567
"P97414",584407.3,NA,2741671.6,815062.3,205154,1782572.5,1263515,NA,376103.8,91194.5,NA,3140765,350510.2,121857.2,179102.8,1891140,246413.5,9796052.5,NA,122575.4,2283225,NA
"P97441",NA,NA,7764125,573217.3,287246,NA,NA,NA,NA,NA,NA,NA,NA,NA,NA,NA,NA,NA,466959.5,NA,NA,NA
"P97449",30189767,18605900,8788995,15283867,35157225,9511130,121588000,28873800,23445175,43517875,8944220,32440000,50235400,45362025,71018725,313733000,27862025,16573600,2713872,37962025,39028325,47991133
"P97468",946605,697115.8,NA,155934.7,5761735,489357,256163.8,191007.8,2410060,2954032.5,441356.8,5068850,1037543.8,3809867.5,1371772.5,176076.8,1232755,227421.5,151501,870028.2,1167880,665058.7
"P97718",145947.33,897414.5,526564.75,33726.8,153905,57937.05,203573.5,NA,230886.25,39737.4,NA,NA,171252,152151.25,93538.98,NA,NA,NA,NA,286266,NA,37677.73
"P97742",41020133,3234770,2245935,14288533,8234258,12706350,62760325,29251075,8824770,8591168,1034525,4846392,8522912,12041875,12796650,14416025,7676098,10016920,7170690,6834745,4794000,11752667
"P97751",NA,NA,63485.5,NA,NA,NA,NA,560467.5,NA,116246.23,NA,171155.25,147741,NA,NA,807171.5,194241.75,NA,NA,73234.12,NA,32218.5
"P97772",27242.3,NA,2635745,720353.33,NA,50266.75,NA,NA,45414.97,NA,NA,NA,NA,NA,370377.25,NA,NA,92026.83,68991.32,45058.5,NA,2084060.53
"P97793",157581.97,434234,130762.25,84811.23,235655.67,230156,NA,227158,25082.8,255644.67,NA,NA,5161.17,204117,NA,14320.3,46713.22,16851.54,NA,NA,NA,169730.15
"P97799",642408.33,225072,2582520,235375.67,NA,80664.62,62331.5,NA,NA,66812.15,NA,NA,NA,NA,NA,222303,68427.43,308883.5,NA,NA,NA,169663.75
"P97926",103517.25,NA,75095.45,NA,474140,NA,NA,NA,NA,50786.18,NA,NA,NA,NA,28596.5,NA,NA,NA,165567.25,NA,NA,NA
"P98191",126399.7,259284,3426837.5,13302333.3,343735.8,NA,1600547.5,NA,958514.8,136116.5,NA,105166.8,5881812.5,110167.4,1154707.5,9616240,148652.8,1098546.2,4753085,4033677.5,161157.5,11629933.3
"P98197",6551863.3,1528250,1908350,11388266.7,7812520,3461317.5,63713125,1302577.5,12562325,3038095,1752267.5,1432792.5,7395157.5,5675655,4214485,705167.5,3903710,892843,3132452.5,4886812.5,2497062.5,5740916.7
"Q00560",2106613.3,1094136.8,1083394.8,2021206.7,3625465,1050567.5,1157335,2574302.5,2548100,2887270,1171142.5,1353497.5,1388242.5,3190390,2771820,826059.2,3287802.5,683566.8,526462,3080412.5,1972825,2285633.3
"Q00977",NA,NA,84903.53,NA,NA,NA,154404,330792.75,NA,NA,NA,269505.5,33721.6,NA,155670.62,17063.5,NA,NA,NA,NA,NA,98173.55
"Q00993",2054530,1150555,989972.5,1094180,2173155,982421.2,1398352.5,988289.8,2331132.5,2525672.5,699678.2,815889.5,1883500,5213140,2199382.5,976456.2,15504200,1101045,2216107.5,4444262.5,4569237.5,2530880
"Q01237",250106.33,404648.5,339951.75,661456,83958.07,216585.25,840967.5,336689.25,359248.5,182662.5,299183.75,268582.72,115258,137126.42,372123.75,681986.75,153126.75,856546.25,377453.25,281318.5,163373.67,331319
"Q01279",3173503,3754220,2192015,3489177,16252175,1370708,5304728,102308800,3311158,4792025,1922255,2869805,5823455,21259800,20678525,3752010,3143172,3134635,1183022,10825175,6647148,6727703
"Q01815",1235176.7,NA,1773020,312575,NA,2933412.5,NA,NA,264662,114103.1,NA,NA,246497.8,NA,460652,311258,173106.2,281043.2,NA,NA,NA,234696
"Q01887",130909.67,NA,NA,107809.05,NA,46060.35,150852,NA,97801.2,NA,NA,NA,81467.9,NA,61312.57,78054.57,165142.75,43378.15,23570.43,NA,NA,95707
"Q02242",NA,NA,NA,NA,153103.1,NA,NA,NA,NA,315129.2,NA,NA,NA,221970,41707.5,NA,763877,NA,NA,1947402.5,NA,NA
"Q03145",1876283.3,177425,204975.8,1084753.3,683248.8,179868,654603.5,1064132.5,1772682.5,488673,121228.9,136807.5,431379.5,214557.2,510782,1635102.5,2196940,780949.5,159323.2,364720.5,472415.2,1875720
"Q03146",225463.7,NA,654508.5,1163726.7,332662,129676.3,1554830,NA,288370.5,227999,NA,385776.5,589938,226382,546486.5,887565.2,741250.8,505860,230024.8,1331817.5,328242,359142.3
"Q04573",NA,69774.97,428303.5,NA,NA,NA,71105.07,NA,85968.45,80697.55,NA,NA,NA,77709.3,48275.5,NA,486547,NA,NA,79527.38,NA,403591.33
"Q04683",NA,NA,NA,NA,NA,NA,NA,NA,NA,222940,NA,NA,NA,150431.8,NA,NA,838519.5,NA,NA,NA,NA,NA
"Q06335",2395246.7,6982495,3382602.5,4198590,5644752.5,2246720,2235240,2099135,1884080,1938390,2224745,668528.5,960203,3691692.5,1301355,857632.2,974695.5,1395825,3662842.5,1811995,849876.2,1891226.7
"Q07113",11633967,7824900,4790930,4404733,6766280,5843845,15810700,10179775,5210158,7315870,2496742,15079800,4526135,9845315,6987428,9583900,6892178,4705970,3185918,9331335,2806435,5444727
"Q09143",2480723.3,NA,2255587.5,1599326.7,679007.8,249263,531516,NA,350205.5,1102815,NA,17491150,9013245,948337.8,1113118.8,5715412.5,2525895,1807355,3469995,5347547.5,1314160,2056590
"Q0GA42",NA,NA,3859185,1186040,NA,NA,235480.2,NA,NA,NA,NA,NA,121956.5,NA,195617.5,NA,NA,NA,463154.8,NA,NA,NA
"Q0VBU9",NA,NA,396071.25,NA,NA,NA,NA,86713.65,NA,NA,NA,NA,NA,NA,NA,NA,127794.7,NA,NA,NA,NA,NA
"Q14BI2",NA,NA,10950130,1786983.33,NA,NA,NA,NA,NA,NA,NA,NA,341613,177158,NA,NA,54468.75,NA,NA,NA,NA,NA
"Q14CH0",NA,NA,1964475,1172113.33,NA,NA,NA,NA,22563.45,NA,NA,NA,73781.87,138870.5,184680.5,35082.85,NA,NA,NA,NA,135099.35,98996.8
"Q2HJ10",1008794.33,NA,NA,75175.87,187107.25,NA,1159362.5,NA,NA,NA,NA,1723517.5,717424.75,NA,NA,1086159.5,234553.5,NA,1880217.5,245626.75,NA,NA
"Q32NY4",2335730,974505.2,1709310,2088510,1691435,432290.5,1586075,578330,1371512.5,1370957.5,185292.5,2012120,1224952.5,1924082.5,850975,783843.8,1884910,571879,672463.2,3558707.5,988399,1546526.7
"Q3KNM2",4944956.7,9946132.5,1115600,4450270,4048310,3683757.5,2639630,2770987.5,990002,2879920,7182467.5,864023.2,1488337.5,4066600,3124935,1685747.5,1101197.5,997336.8,1138592.5,1896535,4501382.5,886990.3
"Q3TA38",2683913.3,7196675,342149,174046.7,7294247.5,212948.8,1115767.8,204942.5,232769.5,8090465,182272,551754,191764,9949970,614539.5,210749,664922.2,141841.5,77560.4,1033833,153038.5,322899.7
"Q3TBT3",751500.3,687104.2,554471.5,510676.7,1397975,427099.8,652077.2,852750.5,2629640,9572237.5,283669.2,1820772.5,1049920,5962770,2351860,2017140,16121100,463580,476520.8,10297850,713287.8,794106.3
"Q3TCT4",302923.33,158881.25,59596.38,258820.33,170638.75,117621.57,463256.25,315954.25,82926.98,188575.75,361948,2875180,1165797.5,230922.25,331106,6340550,319861.5,732307.25,64941.03,286261.75,63706.13,278417
"Q3TD49",154829.3,238637,424949,348254.7,211273.8,127694.5,447138,224961.8,182219.8,177901,197232,131166.8,163478.8,209082.5,252342.5,345803,293896.8,184225.8,2875327.5,371516,256405.8,85359.1
"Q3TEW6",296040,163476.8,322258.5,186216.3,159118.5,118356,982978,172680.7,385080.8,130226,166237.8,125902,431264.8,222072.7,342690.8,339901,877414.2,228311.2,730740.5,147642,178717.5,468338.7
"Q3TNW5",NA,NA,NA,NA,1012017,NA,NA,NA,37266.4,191526.2,NA,NA,NA,NA,112811.8,1224375,NA,2037097,NA,NA,NA,NA
"Q3TP92",1816163.3,1779485,723278,1543983.3,1289275,934298.5,1327822.5,700662.2,881204.8,1030890.2,615379.8,1253950,597534.8,1260365,1046988.5,2638877.5,1345747.5,602240.2,863476.8,1942327.5,955101.2,509863
"Q3TRM4",4794336.7,4124937.5,4415125,6656943.3,2563317.5,373044.5,9568255,1599510,2761842.5,2547062.5,2515999.5,1920075,544544.8,3228117.5,438426.5,4811805,1915537.5,1806265,1500112.5,1761142.5,402223.2,3115626.7
"Q3TUA9",882768.7,325535.8,878615,1090403.3,339207.5,277763.2,386295.5,361858,351926.8,367129.8,1016442.5,312603.8,528932.5,444017.2,646991.8,481705.5,717366.5,424770.5,411481.2,627639.5,319534.8,533649.3
"Q3TXX3",746597.7,736852.8,1539322.5,2386323.3,578487.5,245490.5,641335.5,424797.2,573293.2,629387.8,182170.5,664410,167264.2,595116.2,349789.8,1088472,1309322.5,359737,634168,1654517.5,173536.5,442093.7
"Q3TYX2",2154980,2938720,200210.8,3484546.7,13359425,1022459.5,487135.5,265712.8,796453.2,6843615,3821552.5,1129385,5641180,20682050,12497050,440002.2,396442.8,403529.5,540322,2292917.5,6035807.5,7179236.7
"Q3TZM9",2430790,1113855,2072715,5069803.3,2669352.5,494431.5,3773522.5,2080382.5,1452945,2093392.5,264235.2,12598325,2040422.5,2320960,1110027.5,3855990,2179337.5,1401912.5,2312887.5,2039902.5,693816.8,2736473.3
"Q3U0Y2",750982.67,1531670,24922.15,1149252.33,876832,16023.1,620279.5,384945.33,415937,672077,34227.43,3362937.5,830232.5,388891.5,286825.25,612226,199732,268622.75,1043023.75,406067.75,NA,409839.33
"Q3U1F9",448536.7,273817.2,1254227.5,1238190,274322.5,171620.2,143980,339273.8,2460617.5,1637285,158938.8,768673.2,424136.2,1515850,170860.8,168538.8,4411072.5,315329.5,1018612,8361917.5,142375,862262.7
"Q3U1J0",322091.7,NA,179335.5,119600.5,358241.8,NA,NA,NA,351175.2,546349.5,NA,30921425,147982.2,NA,NA,2766405,1971734,639547.2,1277025,27092580,NA,241904
"Q3U1N2",442316.33,NA,674148,840421,62939.68,NA,219121.75,146574.62,245275,197567.75,NA,70599.07,234926,123907.75,137074.25,368530,647032.25,357255.5,365238,862427.75,NA,636329.67
"Q3U284",2052400,856028.5,908509,2551093.3,2047585,249130.2,3043562.5,338807.7,1284755,1108055,290610.5,1062402.5,1665820,1028820,1120867.5,706247.5,1184462.5,607206.8,1610330,1177602.5,436913.5,669831
"Q3U2C5",378538.3,276755.8,309004.2,188246.3,432107.5,NA,797426.2,1732872.5,167050,232829.2,133388.5,707840.8,1894282.5,312795,431375.5,543184.8,528012.8,1060687.5,238781.8,566334.8,NA,338437
"Q3U2S8",95109.77,106553.35,NA,107585.5,850566.5,NA,130644.1,146778.25,502153.5,1520935,NA,75973.65,70636.95,1402890,370290,576406,4701042.5,65345.32,64685.78,1882777.5,NA,58319.27
"Q3U9G9",1988643.3,1019360.5,859795.5,2970986.7,2139055,1334232.5,3685462.5,1722077.5,3961665,5561552.5,869175.2,5471545,614123.2,4402305,1169041.5,4006245,9199110,2594720,5292557.5,10712250,1941922.5,1685806.7
"Q3UBX0",48403900,81460200,6351342,11187640,120950500,30924525,21869950,19443975,32310875,46523025,158960000,70704775,29356400,44508575,57134100,12601850,16428825,7489785,9062420,11526140,10910525,18528667
"Q3UDR8",7283837,7267215,1797352,6817170,3448092,2388755,6466520,12175175,2226608,3420605,2600312,11651842,11705575,5193198,5663872,14566650,5359968,6153925,1339998,3841475,2514620,5492900
"Q3UFJ6",NA,NA,NA,539509.3,NA,NA,620220.2,215582.2,184768.8,NA,NA,1790322.5,335150.2,NA,355367,1966282.5,NA,1644020,2542457.5,163245.1,NA,1026016
"Q3UHH8",380828.3,225212.2,NA,247977.7,197550.8,NA,227781,510140.2,285432.5,219010.5,NA,232877,570057,249023.2,215697.2,462164,325435.8,809387.8,667770.5,244285.2,138225.8,268600
"Q3UHK6",496708.67,851689,1968202.5,1194953.33,7246692.5,NA,120989,NA,NA,2026627.5,NA,NA,70352.5,2588422.5,332638,73407.2,283267.5,51061.03,102464.52,649683.25,NA,88185.67
"Q3UIU2",15266700,68562475,5269387.5,5638723.3,15632400,172437250,8877217.5,20805875,3844685,17416775,75600625,24162675,9401185,20247025,24182800,5841017.5,2331190,11593865,958493.8,2858870,106954225,3586963.3
"Q3UJU9",15773767,37910575,2841555,10558400,11721725,5063098,4912695,9142218,2822212,11824125,1266770,3248235,3771275,15789700,648689,1358140,2028125,1489822,1139585,3981552,1003684,4063380
"Q3ULF4",2699453.3,4366500,316467.8,1092233.3,1103845,5537852.5,930462.5,1392307.5,367646.5,1235382.5,2062107.5,331031.2,1066727.5,1733807.5,608914,373336.8,430325.8,534940.5,292761.2,377064.2,4607512.5,586239.7
"Q3UMR5",15776367,7589518,2065460,5940367,3925158,3992008,1856708,3012890,4755468,3814732,12437575,2310568,9898592,6755195,14448950,7199805,2644128,6058028,415220,1602062,67776275,16944067
"Q3UN02",7164123,5918888,4406752,5798067,5675812,10390645,17879175,6362592,4228798,4343780,1439635,8147045,2656238,5227088,3710420,22191775,6388210,2475930,4120215,4839682,1377560,1963343
"Q3UN04",1358453.3,519877,173890.2,616722.3,537820.2,188665.2,262480,224645.5,437484.5,444308.8,NA,229511.5,204219.2,712667.5,117216.4,130145.2,292431.5,112152.1,315629,304030.2,378732.3,251673.7
"Q3UVD5",NA,98003.8,54528.7,NA,NA,88765.77,NA,NA,NA,NA,NA,NA,NA,NA,18041.15,NA,NA,NA,NA,NA,NA,NA
"Q3UVK0",25165967,18237175,5315328,22473567,46620425,1592665,8410522,5478315,3274362,21132925,3474130,2361325,5309635,29042025,11749875,11739125,9690275,14792825,4271905,9614332,2057112,64929967
"Q3V0J1",637283.33,81955.18,744699.5,3209566.67,499225,57175.25,366029.25,76474.43,478321.75,233959,NA,NA,268377.25,141304.5,NA,85403.45,252476,61929,1357182.5,431842.25,148586.65,289443.67
"Q3V209",431734.7,296631,259224,415033,280662,146628.7,336387,444114,199087,330622.5,117334.8,523826.2,324163,381376,NA,500970.2,323763.2,202582.5,223198.2,333836.8,NA,108511.1
"Q3V3Z3",NA,NA,NA,NA,NA,NA,NA,NA,NA,49625.65,NA,NA,NA,82685.95,NA,31138.9,118008.77,NA,NA,84500.68,NA,NA
"Q497J1",NA,NA,NA,NA,NA,NA,325155,4316485,NA,NA,NA,NA,NA,NA,NA,3580547.5,125270.1,NA,130403,NA,NA,NA
"Q4FZC9",327155.7,244984,222066.3,785227.7,167639.8,243667.8,NA,262379.9,109928.9,343958.2,134496.7,217725.5,NA,325183,724951.2,NA,513601.8,160875.5,828453.5,572099,NA,240409.7
"Q4KL25",292226,NA,125875.32,NA,NA,NA,NA,NA,NA,NA,NA,NA,NA,NA,NA,NA,NA,94093.62,NA,NA,NA,NA
"Q4PJX1",3127183,4057580,2361308,3809807,5970770,1991958,5154702,3807818,1979900,3392975,960480,11888050,2849585,4368862,411644,2647145,2790158,2324268,1292738,2010812,1479370,2360440
"Q4VAE3",6752413.3,28269375,3158132.5,7400683.3,5303350,61575125,1946607.5,589771.5,2963097.5,4086160,59717625,1109766.8,6644097.5,7607645,7610967.5,1334195,2027165,729873,498019,1555887.5,63252200,1450520
"Q52KR2",299757.33,131759.75,342371.75,506267.33,195265.25,349951.53,177652.75,121901.2,140907.75,131553.25,117157.18,85104.5,94877.02,167409,241185,228004.25,283732.25,99987.88,266971.5,366746,151044,97587.1
"Q5HZJ5",NA,NA,121598.5,NA,NA,NA,NA,NA,NA,NA,NA,22775.3,19451.5,26885.85,36349.47,NA,30588.9,NA,NA,62447.5,NA,32877.5
"Q5IRJ6",4868600,3580960,746669.2,3479036.7,1421665,9891845,1330950,793221.2,795495.8,1039685,2468195,438865.5,1079573.2,1971415,505236.8,323089.5,305711.2,479282,419887.5,350096,5642957.5,928252.3
"Q5NC32",NA,NA,87817.55,172831.33,235785.75,NA,105696.6,NA,1184505.75,NA,NA,NA,107010.35,NA,28910.42,NA,NA,NA,49166.62,38560.87,NA,NA
"Q5NCE8",977988,3442402.5,218394.25,658924,317345.75,1082282.5,350888.5,53969.72,318450.25,395399,1331405,440672.75,599388.25,556704.25,399508.5,283663.75,189610.25,501131.25,134032.25,266889.5,1532827.5,212278.67
"Q5NCH9",80449.13,77307.5,NA,146088,45993.93,NA,59492.67,31477.2,NA,38593.8,71639.87,NA,NA,NA,NA,NA,NA,NA,NA,59032.05,NA,NA
"Q5RJF7",NA,NA,NA,1524566.7,NA,NA,430796.5,NA,NA,NA,NA,NA,NA,NA,NA,206601.9,NA,NA,NA,NA,NA,NA
"Q5RL79",483450.67,400260.25,153942.25,328457,1391165,NA,1053297.5,1020235.25,815830.25,1013234,94938.75,13015850,641132,375946.5,1651050,742394,471318.25,407434.5,619684.75,912147.75,195582.5,249026.67
"Q5SWZ9",64601,367067.75,NA,27254.15,NA,NA,NA,NA,NA,NA,NA,NA,NA,NA,NA,NA,NA,292528,515791,36252.65,NA,NA
"Q5SYH2",1991093.3,2160090,1565152.5,2632713.3,1818850,352261.5,1585505,1633217.5,569975.8,1601492.5,559169.8,2774747.5,748951,1346012.5,313919.5,1342052.5,1073599,647159.8,2632120,1798340,346982.2,1120793.3
"Q5SZV5",65993.93,NA,1029682.5,115471.77,NA,NA,NA,NA,34907.35,NA,NA,NA,NA,NA,NA,73984.05,NA,NA,NA,NA,NA,NA
"Q5U431",275130.7,134533,NA,NA,1020224,NA,993095.5,1428877.5,623650.8,620530.8,NA,1096420,3415145,289397,193299.2,6362322.5,330418.5,1881827.5,433892,216394,NA,7656186.7
"Q5U4D8",2436546.7,2684907.5,2448422.5,7042046.7,6626952.5,507158,3615272.5,640534.8,187515.8,6451037.5,111156.4,597527.5,1660932.5,3492887.5,691784,2800232.5,898007.2,546363.5,641396.2,1504677.5,NA,1290723.3
"Q5U4E0",NA,NA,138100.75,90710.4,NA,NA,NA,NA,230596.5,NA,NA,NA,NA,NA,NA,NA,NA,NA,NA,57208.25,NA,NA
"Q5XG73",6617707,5055925,2355160,11926533,6583252,1766178,1520205,6351930,2231398,3534208,3615462,2090588,506345,4856272,1432350,1111446,1763645,1895092,2876112,5613135,1029906,2878130
"Q5XJY4",6076316.7,9423240,266546.2,1280620,1904992.5,7634177.5,1707767.5,3140807.5,742882.2,1964392.5,5772272.5,1416372.5,2321050,3166937.5,1483720,724028.5,460972,843078.2,320974,578923,7447107.5,1298996.7
"Q60612",55283.17,NA,148490.75,28366.53,21795.85,NA,NA,NA,NA,20134.25,NA,NA,NA,NA,NA,NA,NA,NA,48803.32,NA,NA,NA
"Q60613",62232.4,NA,883556,NA,NA,NA,77357.65,55967.65,33326.4,65521.15,NA,NA,NA,NA,NA,NA,239613.5,NA,NA,263535.25,NA,NA
"Q60677",80109.53,72834.87,NA,NA,213323.75,NA,NA,147183.12,907726.75,2115310,NA,158108.25,133211.5,1270717.5,1856710,1647832.5,817997.75,76296.93,36551.95,4684542.5,163689,106612.97
"Q60720",12108733.33,525548.25,372105.75,140000.67,244996,212369,512023.25,97002.07,732651,111628.3,52625.65,2184460,1845282.5,121491,229621.25,509819.5,111212.7,909827.25,549535,321076.25,215468,486806.33
"Q60857",1500276.67,66840.6,572597.5,NA,289094,66698.35,NA,NA,402828,NA,NA,230429.75,412265.75,198096.5,453376,805483.5,1967715,24447.6,120498.75,453551.25,126550.67,98529.85
"Q60931",38018333,37770850,6645968,16892500,17071875,83146575,14621000,15994275,10857875,16435575,54046875,12342800,15091150,19996975,36870100,7474292,8209048,7597568,13900150,7136202,81747575,8836917
"Q60932",78476500,102003625,33628475,75982967,41444950,272702000,52247550,49829375,24725025,39239100,284469500,37816750,40912200,40311800,114351250,24190075,13558925,19163650,6875190,17289200,300889250,24981467
"Q60936",2150130,14408225,155508.5,1091510,208046.8,12857675,938663,1560620,346100,832555.5,18047400,1153137.5,608161,757476,1930657.5,229091.8,324034.8,1205062.5,102828.3,378825.2,18551525,266195.7
"Q61009",246267000,3094867.5,470220.5,12937033.3,6787270,429117.2,1650182.5,44186375,6908840,4979815,950740.8,2355102.5,4702955,4071090,7166165,4394235,5245312.5,974164.5,6338947.5,2942137.5,1575040,2234120
"Q61088",217177,735731.25,120483.3,132223,2052695,NA,583313.75,266636.33,597196.75,574577.75,NA,131025.75,143895.62,813453.5,744586,95069.57,177812,201558.5,35402.6,40930.1,74575.25,125129.17
"Q61089",148760.33,29656.4,NA,197715,293820,NA,550242.25,NA,344119,111438.7,NA,206773.25,307933.5,NA,723301.75,185004.25,33864.55,235290.75,166732.25,578787.25,278325,577498
"Q61090",1192880,847802.2,1133872.5,2889323.3,1182960,349088.8,1355530,1017609.5,1737232.5,948376.2,1086267,480641.5,2372617.5,904192,3687477.5,1520387.5,1452247.5,713512.8,471382.2,2432977.5,899592.8,3763240
"Q61091",67554.8,NA,NA,117627.3,NA,NA,99285.57,NA,35716.93,NA,NA,NA,NA,41812.55,NA,18076.75,120896.12,NA,NA,37712.4,NA,24548.45
"Q61102",3302180,3692040,526774.2,2214313.3,930161.8,8200075,2530055,4433560,1269555,1885007.5,6532305,1171052.5,1709322.5,2897897.5,2978852.5,1454675,1300197.5,796205.5,191240.2,911496.5,15785375,909273
"Q61146",46303.15,NA,355079.75,344443.67,NA,NA,636135.75,349366.25,660635,73123.95,NA,539144.75,658853.5,NA,164185.5,1007464.75,NA,753459.75,472279.25,70156.45,NA,715981.33
"Q61263",34766433.3,158827.8,980380.5,2181950,1179725,185942.8,2366865,326501.5,6795217.5,2707745,NA,628011,828626.5,1497305,3434532.5,2232740,4070840,2972505,6943957.5,9025615,396191.8,1093063.3
"Q61335",31554067,52630475,4938258,12937233,67747375,6188488,24161150,39144325,12805075,28951225,14482075,21029475,15770375,31740975,14898175,25375275,12881050,9668172,5428218,18321025,4216082,12406267
"Q61490",37518633.3,1633407.5,28390125,13113333.3,15866050,692658.2,9104460,23491450,39424075,11172132.5,291281,38391625,89526250,6934007.5,17727050,14826000,7068517.5,19913325,1872705,65355550,1747792.5,38610366.7
"Q61526",182359.2,159734.5,314772,NA,NA,NA,894580.8,1045939.8,479958,134768.2,NA,181273,530091.5,NA,716991.8,2393550,NA,572551,NA,158753.8,174975,845790.7
"Q61609",269880.3,105484.6,3208077.5,1388640,200825.5,NA,158350.2,306045,100161.1,247992,NA,372775.2,165886.2,221874.8,NA,562867.5,729574,223921.8,456618.2,1051637,NA,287579.3
"Q61712",1795746.7,912238,249369.2,1084703.3,1982385,851567.5,2091485,2037070,1966217.5,1255915,996752.2,18487975,1096482.5,1666875,1700572.5,1555015,1567962.5,1136461.8,517311.2,2370642.5,565433.8,1731100
"Q61735",16686067,7135832,8807925,8812687,26826250,7274818,8833060,11448218,29253250,19780450,4300085,9402938,15949975,12581775,26810800,14869025,19718725,6678648,4444425,33122500,18349175,10120410
"Q61772",71060.2,NA,1162418.5,525312.33,NA,61663.07,1032270.33,89119.65,124018.5,NA,NA,320815.25,130176.02,NA,NA,125545,NA,302893,NA,155452.5,NA,226251
"Q61835",88583.8,NA,NA,750972.7,61796.9,NA,NA,NA,1172342.5,126667.8,NA,1889567.5,7442237.5,NA,3822355,3057950,NA,7463047.5,NA,3386950,479497.2,15511066.7
"Q61982",59406.53,57167.8,NA,NA,59341.17,NA,36630.93,NA,142037,61266.95,NA,47211.28,25212.57,47416.7,127475.25,NA,177482.5,24091.23,NA,229084.5,NA,65908.83
"Q62053",NA,289946.25,NA,NA,219930.5,NA,NA,NA,143484.75,142764.25,NA,NA,NA,115773.77,NA,163105.75,216830.5,68636.93,NA,96229.2,NA,NA
"Q62186",30680367,31649225,25042800,25594900,33015600,10076482,48084650,62274725,22776575,28970825,26436125,75448750,19338175,36270825,49298425,63806275,44013450,25639525,7697920,32618350,9095478,14717867
"Q62190",2229113.3,473338,906523,1681243.3,8276247.5,494738,866774.5,1158947.5,1672082.5,3935882.5,656654.2,466912.2,1724677.5,4387197.5,3358735,7172925,657238.2,5178427.5,608989.5,755589.8,1683095,4628300
"Q62277",13104900,4012425,104670300,97143266.7,2042135,727454.5,1558407.5,457440,644385.2,1192370,729856.8,3585072.5,1290017.5,1786587.5,1754767.5,1776065,1953670,3491995,179298.5,499001.8,1252129.8,911247
"Q62312",1903923.33,729535,197217,339669,1000742.5,324428.25,1008165.75,368974.75,2209402.5,1796720,196521.5,252361.75,539961.75,2667012.5,2036632.5,428904.75,3332985,411509.25,98311.62,2236217.5,966417.75,1483593.33
"Q62351",5293323,18413525,9025032,13648500,3722405,12407600,10273575,10689350,4007752,3555432,5419482,6496758,1213720,4390440,5499885,27573200,19501775,5490042,5510175,11400400,4224325,1236313
"Q62371",613352.3,514852.8,201369.8,398509.7,1628375,281839.5,358856,270626.2,846398.2,1225582.5,289026.8,348337.5,610671.8,2876575,1560230,392820,570988,569146.2,108333.3,640054.8,1594695,1285113.3
"Q62442",147609.67,343483.5,12324177.5,830517.33,NA,327989.5,NA,5858470,132739.25,81420.73,2776377.5,NA,122966,128974.33,232292,NA,103208.4,130923.02,NA,NA,411776,128141.67
"Q62463",317853.33,158807.75,NA,NA,556184.25,NA,270806.5,557120.5,84933.15,69805.62,NA,60260.57,197587.5,222687.25,288300.25,64460.2,276069,217594,130534.62,230668.5,405722.25,571275
"Q63961",11429900,1830500,510320.8,961732.3,5052247.5,3985260,12606375,7076902.5,17393250,5062567.5,1023058,1944365,1754070,3346775,3670800,1047156.5,19910400,798287.5,482456.8,3323180,4607645,1808296.7
"Q640L3",1057976.7,386539.2,493935.5,1506490,525178.5,896021.8,1190585,831761,820668.5,544448.5,3886417.5,4162155,291907,566146.8,529585.5,725214,719796.2,633237.2,527081.5,976534,587871.2,572470
"Q640P4",110633.93,121183.05,NA,95068.45,272821.25,113530.27,NA,NA,177143.25,188974,133133,113158,182456,410103,1849622.5,NA,45357.05,50967.95,NA,53333.53,493053.25,355616.67
"Q64310",21828833,20370625,6042372,12787933,33934375,11908600,35369600,30740350,16872900,18598100,14177625,33977475,26328700,17023700,16061300,51538450,15182875,13442475,15061225,20922275,6895478,10274150
"Q64326",1654043.33,NA,NA,NA,182739,NA,NA,NA,NA,60430.65,NA,NA,NA,154831.75,NA,NA,NA,NA,NA,NA,NA,NA
"Q64436",1186656.7,7270596.7,15825447.5,7210153.3,554111.8,17984500,1466113.2,2433415,1051480.8,4253535,10548285,3580242.5,1189487,1113449.8,8147767.5,4233822.5,5671212.5,18234775,1899452.5,1574830.7,4099827.5,2103600
"Q64445",NA,21830.6,23719.2,109464.63,NA,NA,NA,NA,NA,NA,NA,NA,NA,NA,NA,NA,NA,21897.73,NA,16072.87,NA,NA
"Q64487",1328160,1300462.5,4411050,1832796.7,2076180,NA,2007347.5,3253845,733343,692163.2,NA,92565.7,500340,1114511.2,244707.8,504534.2,279594.5,1071990,521197.2,409020,191887.6,415582
"Q64518",2579183.3,1531600,3852222.5,1051076.7,3211172.5,1402620,2469152.5,659491.2,27933550,11620725,443455,3840080,1805382.5,7588890,4864375,26407575,50895250,17897400,680537.2,31661675,2841112.5,2501206.7
"Q64676",NA,NA,2990822.5,268427,NA,NA,6200507.5,NA,52509.4,NA,NA,NA,NA,88090.27,100743.2,NA,NA,95037.6,522799,NA,101247.3,NA
"Q64692",NA,29280.1,48318.83,NA,26151.87,NA,NA,NA,82090.2,129852.5,NA,NA,NA,157212,72330.55,196650.67,409418.75,NA,NA,142321.6,NA,33350.45
"Q64729",616922.7,333589.2,330422.2,440585.7,1343902.5,155337.8,1075027.5,419348.8,471973.8,736124.8,151558.5,558083.2,636203,703439,425470,895296.2,892392.5,381400.8,664275.2,1617280,342576.8,664855
"Q66JT1",1264190,NA,NA,156656.67,NA,NA,92386.52,NA,462136,NA,NA,260667.75,515799,56244.6,316333.25,65810.9,NA,534274.75,55580.7,255925.75,145248.5,2012630
"Q68ED2",72102.33,NA,1971702.5,641021,NA,NA,61277.2,NA,NA,NA,NA,787061,132165,NA,NA,1391511,NA,60001.5,127980.25,NA,184238.5,NA
"Q68FE2",1527313.3,2829505,3910065,2154393.3,1272140,1227000,1213595,1834612.5,882691.5,1174245,1533580,1004526,325287.8,2241820,1024736.5,1013455.2,897256.5,419013.2,462655.5,841336.5,1171632.5,556064.7
"Q6DVA0",4425950,7401332,1398650,5537270,6289500,3140495,4684318,4898248,1713328,3499450,21786825,4471805,1850742,4737318,8123775,5758538,3030128,1823155,2960290,3914715,1692485,1479317
"Q6GV12",10465100,10129337.5,2897577.5,22958233.3,42241600,602835.8,7645225,3506090,9296605,18982575,247676.8,7502352.5,6929080,17344175,5473395,9760670,3887057.5,3041097.5,2625840,5526237.5,983840.5,5358396.7
"Q6J9G1",NA,NA,NA,NA,NA,NA,NA,NA,NA,76519.1,NA,NA,30846.24,NA,598100.63,5777100,72908.33,780516.5,NA,68989.9,NA,1194706.67
"Q6NXK8",NA,NA,1091240,367830,NA,NA,NA,NA,NA,NA,NA,NA,NA,NA,NA,NA,12776,NA,NA,NA,NA,NA
"Q6NZQ8",NA,NA,185680.75,840788,NA,NA,NA,NA,26839.75,98564.7,NA,NA,NA,86851.4,NA,31078,430815,NA,NA,116398.75,NA,NA
"Q6P1H6",1501903.3,1100867.5,1214150,2521490,1447160,733654.5,373267,641144.5,987959.2,1360820,1006948.2,1070717.5,484245.8,1355802.5,116948.2,256169.8,1567497.5,249251.2,1401640,2219445,332615.2,1307033.3
"Q6P4S8",299933.67,150654.33,NA,272716.67,98454.73,563972.33,111834.57,230697,181011.75,232342.5,569627.75,216699.25,309183,154410.75,527179.5,315961,305254.75,515323,400247.5,433698,504964.33,236385.67
"Q6P5F6",1402380,436895.5,4277115,1475606.7,1123800,263048.8,997941.5,268598.2,1512810,938294.5,297575.8,178565.5,1481735,1096482.5,1838592.5,368985.8,1603085,432615.8,2705717.5,2885782.5,835555,1824443.3
"Q6P5F7",860617.3,223244.2,3664950,1379290,388863,171760.6,663729,499148.8,727492.2,669370.8,153098.3,138229.2,549592.2,971520.8,817428,734228,1761330,135017,302954.8,880071,518158.5,386567.7
"Q6P8H8",1343650,484638,951656,1861086.7,1606860,453286.8,1920990,766148.5,1342332.5,1524695,NA,7425682.5,1202295,958637.2,992005,2986170,1865780,1134467.5,5237557.5,3296097.5,821155,647903.3
"Q6P9J9",7054626.7,3678410,990153.8,3138243.3,8349385,957770,8244177.5,758750,6571512.5,5584070,970186.5,2811475,4822960,7270457.5,5762955,22766875,9919375,1917445,1236980,11054025,3040062.5,7280100
"Q6PA06",5518253.3,9093457.5,4228560,5441733.3,5528372.5,3187505,4367372.5,8913562.5,2369700,3712695,36553950,12069350,1608067.5,7409860,1028344,11910925,2837192.5,1815295,2810647.5,8149772.5,3633532.5,937897.7
"Q6PB93",8408383.3,7362705,791447,3555193.3,6184812.5,1413960,4453085,2386382.5,3454972.5,8906530,1810442.5,12948725,7989092.5,7499730,10189262.5,8285600,3994957.5,8237837.5,323493.5,4796807.5,3654400,4979513.3
"Q6PD26",14172033,9089562,7032352,10919100,12944650,3134630,8275578,5148902,5337378,7533500,8323695,5153555,6251100,8678712,7773248,15877625,7549470,5103398,9572945,9568710,3141175,4972823
"Q6PDC8",809362,NA,1814950,867455.67,NA,75883.7,2993382.5,NA,56806.2,NA,NA,541483,138271,NA,NA,327489.25,54935.53,2946080,NA,124114,NA,759347.33
"Q6PDJ1",317256.3,NA,291051.2,174875,2671877.5,NA,233633,NA,205073.2,518047,NA,309237.2,332448.5,561775,261841.2,143727.2,138041.6,152428,103501.8,243373.8,155744.5,475127.3
"Q6PHU5",17691533,41443050,22004225,19736667,46468775,2380162,8717228,7438652,19288850,24994900,2259695,11335435,12730775,37200225,6110798,12833075,6884795,7121972,11320075,5365970,2020780,4096010
"Q6Q477",11955667,3478132,27714275,7522737,45491650,2269938,10969400,3604725,8511560,18015375,1323800,2463018,20809150,20302725,10681825,16735950,6493280,14329350,14844450,7593460,5982210,21582967
"Q6TCG8",NA,NA,NA,NA,NA,NA,NA,NA,NA,NA,NA,NA,NA,NA,55795.88,NA,NA,NA,49055.93,NA,NA,57067.4
"Q6TEK5",9067423,14107825,5499855,11573100,21800950,2385980,6159922,11549030,4351990,10318725,16320750,19683825,12592050,12455175,6686615,7945622,4816730,3110588,7171942,7139732,2271250,4673553
"Q6VNS1",472837.67,2564410,5458392.5,568514.67,365717.75,NA,152047.5,125375.5,84909.18,258543.75,NA,NA,182318,336301.5,372003,125818.67,138482.75,65147.9,NA,407404.25,NA,82677.83
"Q6X893",6745830,5452842,8197865,3652233,15124875,2734988,9438482,3481845,6102880,6492890,2438832,6124435,12615275,10053558,9618005,12484225,7819638,3992840,2425178,7771440,4472135,14096767
"Q6ZPJ0",1157796.7,1539745,1853717.5,2208963.3,857231.5,335058,1028480.5,2332702.5,367048.2,776277.2,875890.2,1339672.5,452301.8,742526.2,184638.8,1107337.5,780457.2,1183727.5,3177425,1308850,328997.5,596996
"Q6ZPR5",1488086.7,1595735,597276.2,1641073.3,1121887.5,426290.5,1586395,486000,567986.2,1123237.5,151042,855192,450600,1399085,611289.5,1019463.2,1567555,639748.2,2784722.5,2040942.5,320203,655860.3
"Q6ZQ29",295559,274515.8,330227.2,248488.7,320104,106251.7,251008.2,115340.2,519402.5,487233.5,NA,351964.8,204622,381683.8,223594.2,273888.8,549027.2,142873.2,324897.2,746155.5,101466.4,263256
"Q6ZWQ0",388989.3,386335.8,461181,3624510,538104.5,2117107.5,787003.5,676388,665272.2,499241.5,5243142.5,292319.2,560707.2,356225,609505,302293.5,318083.5,674296.2,2155972.5,277527.8,629463.8,749973
"Q6ZWR6",234832,173490.75,825229.5,1541743.33,253182.25,394272.5,424218,NA,344986.25,410893,651678.25,224082,66754.35,285867.75,285112,201962,322228,512574.25,108177.82,407285.75,426407.75,235383
"Q71M36",128794,NA,12392075,20215200,NA,NA,NA,92597.55,NA,NA,NA,NA,NA,NA,NA,NA,NA,NA,131385.75,NA,NA,201845.33
"Q75N73",235313,147258.27,217068.5,172551.33,232103,499972,417286.25,2129135,222947.75,214578.75,NA,838590.5,222131,158608.75,434845.5,1853637.5,176581,372801.5,47595.28,358017.5,125986.38,101402.3
"Q78IK4",15926966.7,42709450,498855,3463373.3,11565575,49951575,4440132.5,10553540,3612980,13475275,18312625,1688292.5,8455327.5,16694650,8399087.5,2236792.5,2006385,3195625,569835.5,2034362.5,53206850,3844190
"Q78IQ7",NA,NA,611722.75,7555470,333512,NA,NA,3382920,10474477.5,337957,NA,155084.75,256836.75,119265.75,65879.4,2504217.5,203965.25,688405,NA,333890.5,NA,51340.37
"Q78T54",17454300,17441675,3742830,19805933,20221750,3883205,5283718,9909482,4828945,8777815,5368042,22031450,10706675,9468275,5540875,10521190,4222628,5255385,6396332,15741800,2761005,7962423
"Q791T5",28397100,45085100,5336422,15995833,11467275,27457850,14068700,6108555,13767050,11254325,9747292,1879375,8256062,14413175,9993032,3985092,4515435,6371488,2004758,5492405,12051675,8628373
"Q791V5",38295100,105509150,5266185,8828507,22774575,65706725,21152275,26692575,6540832,32475075,33425375,5221028,9689748,34168050,15561725,15252650,5670205,8343418,12571875,7288708,47045200,8883387
"Q7M750",NA,NA,2691518.8,701238.3,NA,NA,NA,NA,121489.2,NA,NA,NA,174266.5,NA,NA,NA,NA,NA,NA,115699.3,NA,NA
"Q7TM99",88638.6,NA,57791,281213.67,117210.75,NA,1071932.75,NA,851287.5,112977.5,99368.35,NA,168169.25,308197,115243.45,932637.75,295419.75,26729.15,72040.15,112697.55,NA,136206.67
"Q7TML3",298496,NA,88449.3,309795.3,1540920,NA,2090992.5,NA,NA,254671,NA,NA,1097827.5,NA,180914,6316927.5,721397,133114,3524287.5,1033520,NA,107503.6
"Q7TNS7",88706.65,NA,370383,1145176.67,NA,NA,NA,NA,NA,NA,NA,NA,NA,NA,NA,NA,NA,NA,NA,NA,NA,NA
"Q7TNT2",84150.4,NA,136545.3,5213173.3,NA,NA,NA,NA,NA,454659.2,NA,1831215,NA,67967.6,28651200,2982890,169704.2,NA,NA,207831.5,765474.5,NA
"Q7TQ95",7270857,7710602,10718345,20520000,9856828,10577075,3130010,6520215,5168822,4507535,29946025,6940562,4042175,5552130,4409385,2936260,4252790,2603120,12973875,8963380,8909675,3519327
"Q7TQE6",667044.7,402265,978443,1098293.3,692858.5,290205.8,569549,233831,467522.8,529774.8,243990.8,1012115.2,222586.2,583794.8,209508.5,247114.1,166865,290594.8,490875.5,639893.2,158319.2,438941.7
"Q7TQH7",973011.3,1232995,330299.8,518192,507853.8,538191.8,1721857.5,635635.5,633482.5,696567.5,306134.2,551916.2,318580.5,907331.8,434060,1387700,2159772.5,661869.8,219910.5,1354042.5,371133.2,472726.7
"Q7TQP0",NA,NA,NA,NA,NA,NA,NA,NA,NA,NA,NA,NA,NA,NA,81479.75,NA,70605.23,NA,NA,24546.77,NA,NA
"Q80T32",41215.2,38367.25,NA,NA,355145.25,NA,NA,NA,44684.3,174905.5,NA,NA,161096,469744.25,447718.5,185991.25,NA,42262.12,24890.3,75936.38,205075.25,362455
"Q80T41",361114.5,1134001.25,7750470,1207880,NA,NA,NA,NA,NA,NA,NA,NA,NA,NA,43248.25,NA,38329.35,NA,NA,NA,NA,NA
"Q80TI0",5545503.3,525125,2949670,5027923.3,442080.2,313388,3664867.5,124244.4,293722.8,494563.5,NA,516135.2,166658.8,720240.8,339585.5,1108534.8,920299.2,620290,2104782.5,1743067.5,97079.3,83971.3
"Q80TN5",870603,703138,763548.5,3209506.7,350860,456213.2,556445,512936.2,385728.2,435466.5,503766.8,1093195,317218.8,562897.2,638657.8,506457.5,557154,237780.5,160396,673264.8,722303.5,245250.7
"Q80TR1",561290.33,NA,5688315,1081036.67,121423.07,NA,1786514.83,202284.5,105802.88,NA,NA,NA,220349.25,NA,103488.4,94301.07,226345.25,87781.5,1048822.75,141735.67,NA,207717.33
"Q80UK8",90667.55,NA,NA,54413.25,NA,NA,97795.1,NA,122570.1,67570.73,NA,69002.9,38526.77,NA,165801,112361.73,85386.55,139039.25,155162.75,133581.5,NA,76109.13
"Q80UU9",36237900,53406575,15285825,31935000,63403325,9593388,24071825,27816750,13693575,42403425,31467125,28479350,19626225,50829825,18968850,40883125,18391125,9595422,18221400,24149625,6988485,16742167
"Q80VA0",1229893.33,284581.75,88676.43,1902736.67,339147,240700.5,518587.25,524867.75,433955.25,828632.25,228518.25,4737625,919969.25,830487.5,1214680,9334140,1274640,9576477.5,171014,2163087.5,537281.75,1604930
"Q80VP8",81061.8,80636.07,NA,97300.83,116172.45,NA,25634.55,45604.57,42786.8,50116.9,NA,159521.25,46192.38,82455.97,39839.55,NA,54315.03,NA,26631.3,66082.7,NA,35390.3
"Q80W54",12600533,5075230,3029360,9785910,14786550,5116675,21142375,13034925,6970568,9661520,7561802,12398100,8411640,8138342,8012770,10826800,8706028,4202355,3600595,14620000,2897475,5449037
"Q80WG5",3419183.3,1449650,4498510,2933120,2562472.5,983871,3442335,1390730,2609215,1948402.5,294319.8,1002554.2,941164.5,2540930,2159592.5,2593940,3531937.5,1251067.5,763986,3247467.5,1044679.8,2133146.7
"Q80WJ7",16883267,14169775,27382825,24182167,14119850,10952215,16363275,9279555,16378950,14879425,25190775,45607200,2349142,12583875,3931465,8523778,17035775,6639705,8859560,24933075,4440470,6547533
"Q80WQ6",1173226.7,866657.5,200227.5,738074.3,1303127.5,459967.5,1324962.5,801608,2520327.5,1735135,328293.8,374759.5,710916,1658770,1967145,2330417.5,5278540,561729.5,887845.8,3257335,669846.2,1687790
"Q80X71",2799546.7,3940047.5,1811307.5,2794126.7,2712475,1647995,2508635,4377260,2335165,1843052.5,701005.5,1943167.5,1475312.5,3050280,1712437.5,723140.5,2048480,1736625,1264597.5,2470732.5,1151980,1240073.3
"Q80X80",2168846.7,2842945,13532800,18986666.7,2077605,621230.8,7436470,6729622.5,1248502.5,2800012.5,1137057.5,3036055,938991.8,2148382.5,499026.5,4351062.5,1585877.5,1873237.5,217453.2,1976255,385444,679226
"Q80XL7",151033.67,122130.02,125064.32,56958.77,62121.78,NA,224438.25,158394.77,101492,163767.75,NA,267038,68757.73,164583.25,195742,551254.25,392892.25,128287,20934.6,377484.75,47429.85,138145.67
"Q80XR2",1564083.3,1132192.5,3388827.5,4765613.3,871320.5,1022124.2,1707940,667994.8,1518312.5,1107390,577990.8,1485280,3455622.5,1335067.5,511711.5,2498007.5,2055112.5,1693812.5,269978.8,1581872.5,919150.8,2274656.7
"Q80Z96",777383.3,337065,202477.3,241545,1060145,125159.1,972118.5,367208.8,1579907.5,589605.5,268278.5,408677,1030152,903852.8,2312797.5,617791.8,686415.5,654640.2,100864.9,1077002.5,570907.5,1008636.3
"Q80ZD8",453579,324951,2456195,1084606.67,185158,113480.33,109993.68,74436.45,100684.55,156956.5,237390,23775,150229.5,233654.5,189451.75,149321,116584.75,113736.98,NA,52979.18,154675,173691.33
"Q80ZI2",NA,NA,1532277.2,161536.7,328376.2,NA,NA,NA,NA,NA,NA,NA,NA,NA,NA,NA,NA,NA,NA,NA,NA,NA
"Q8BFW9",NA,NA,291881.75,1710940,128970.32,NA,275772.75,NA,137074.93,NA,NA,NA,252782.5,NA,203187.25,NA,NA,79098,53203.8,95490.87,NA,492828
"Q8BFZ9",20917233,11235700,9993180,21885267,20883525,3030300,33308600,7765190,9963410,11878700,1971998,3914310,13570175,12497600,13191400,39550300,10885642,12700800,26803775,13731750,3239072,16265900
"Q8BG07",166892.67,117296.98,NA,NA,596156.25,NA,121330.77,328701.75,232401.5,1200517.5,NA,623433,195064,902791,632052.75,196189.75,2241330,69673.38,54293.55,803636,245798,97119.83
"Q8BG16",322653.67,616041.5,2336732.5,1812273.33,1165229.25,227492.75,202466.75,93118.98,313109.5,573028.75,202994,786205.25,126585.3,2657295,3468037.5,126392.5,67423.1,179127,24284.3,410179.75,348885,320704.67
"Q8BG55",NA,NA,NA,NA,NA,NA,NA,NA,112118.7,460425.2,NA,NA,NA,346544.5,171712.2,140755.5,994298.2,NA,NA,1745092.5,NA,NA
"Q8BGA9",7567246.7,12445125,307504.2,1468443.3,2187515,12881600,1816507.5,2822170,595193.8,1886017.5,5603247.5,1068582.5,2200250,3495992.5,1591400,981319.5,720147.5,671462.2,252466.5,951874,9154225,965967.7
"Q8BGJ0",32520.15,NA,72434.73,58858.1,NA,NA,NA,NA,NA,NA,NA,NA,44195.12,NA,NA,98698.33,55668.53,NA,NA,107192.38,NA,46606.77
"Q8BGT9",101984.8,NA,NA,348923.33,61554.8,NA,95647.52,NA,150578.75,361534.5,NA,50950.6,NA,307903.5,605827.5,2274000,841624,2502610,152199,1192717.5,NA,174672
"Q8BGX2",4544543.3,8118010,1055493.5,1286456.7,2033342.5,6362985,1625682.5,2096585,526827.8,2666515,2626107.5,719356.8,1842610,3648427.5,1545882.5,782675.2,959004.2,530853.5,218357.2,476277.5,6731555,848032.3
"Q8BGY5",17978.72,NA,NA,NA,56694.57,NA,NA,NA,106527.7,NA,NA,NA,NA,91892.95,114255.5,82658.77,NA,NA,NA,70238.77,NA,NA
"Q8BH02",540240,176061.5,94460.38,212719.33,388880,157421.25,404179,217215,928053.5,804762.25,NA,432682.75,1048605,780050.75,637703,437597.5,2882907.5,365086.75,89705.45,848858.5,219718.75,1776453.33
"Q8BH24",13965267,9034980,2806982,8679947,7729285,2403002,5884918,8482058,5243335,7107772,2028900,34385700,23909375,7448235,16645800,17595550,4947018,11540725,2172542,5029388,4888148,10842200
"Q8BH31",2893570,6210265,319737.5,828462.3,4471347.5,718898.2,585143,2104760,729135.5,2965107.5,524364,343069.8,691372.2,5714437.5,1786392.5,652113,681425,439663.2,547210,1163867.5,523422.8,504458.3
"Q8BH47",942893.3,2396890,910594.2,1849703.3,1357345,588776.2,1611615,630109.5,766644,1082897.5,NA,2129047.5,668373.2,1348210,312468.8,2069775,972999,1111930,652015.5,669973.5,453877.5,715772.7
"Q8BH59",15874566.7,15949475,11426400,24953300,3479512.5,159799750,13599325,9505527.5,7345010,6348815,220516250,8066872.5,39628225,14849650,44059550,5414685,6150015,6066092.5,611670.2,4421580,263097250,7964153.3
"Q8BH66",2109400,549514.8,23754250,5053960,998577.2,602528.2,567221.2,1041286.5,467464.5,761006,164048,1121985,723352.8,864859,323315.2,700907.5,1169745,457739.5,5797247.5,965312.5,312849.8,1455720
"Q8BHC7",1564736.7,1608617.5,476713,1026872,823615.5,418239,973225.8,935562.8,651856.8,695473.5,863983,982815.8,419868.5,736044.8,2684173.3,343645.8,875195.5,589978,1072325,886324.5,NA,837092
"Q8BHG3",NA,NA,NA,247639.7,NA,NA,617715.2,2161370,455514.8,423668.8,NA,4735492.5,3066412.5,NA,632840.5,18340050,111702.5,4119452.5,NA,370229.2,185917.8,7428340
"Q8BHI7",3717570,998916.8,342157.5,11031433.3,2135535,NA,739833.8,2311025,2059240,2144367.5,NA,878521,573465,490246.5,8575887.5,1465985,356235.5,353860,2435900,2348475,284210.5,375365
"Q8BHK2",235361.7,NA,1183505,496878,295704.5,641518.8,NA,NA,4536482.5,122867,NA,NA,122882.5,NA,248688.2,224293.5,NA,157523.2,NA,147041,NA,NA
"Q8BI84",6053467,5823688,5063435,10407200,5978912,3714272,5480268,23021825,3329945,4535780,8846410,9712205,3146052,5435020,2272245,6196222,4749378,3724390,5135535,8851372,1401075,3340310
"Q8BIX9",606966,211852.2,337558.2,788061,498285.5,226655.8,365195.2,490119.5,293752.8,310058.8,480138,2359410,454390.2,375004,113710.4,282801.2,234518,208660.2,322701.8,291753.8,NA,241740.3
"Q8BJ03",5668003.3,5811225,269243.8,1022581.3,1664430,7564452.5,3056002.5,2446142.5,778806.5,1384882.5,2686600,667838.2,1581552.5,1843240,1967040,718874.5,500386.2,1038835,196907.2,597866.8,6328380,890118.7
"Q8BJ83",748683,882848,539810.5,797064,1040536.2,384307,1104225,813490.8,342759,503614.5,201651.9,342339.2,240558.5,504289.2,401656.8,727679.8,581320.5,326000.2,383288.2,586885.8,NA,321768.3
"Q8BJE2",14933166.67,1970315,NA,69073.6,2399865,743736,3167977.5,1045524.75,166993.5,1217400,75089.88,336383.5,297110,1663155,593926.25,211060.75,851443.75,911022.75,181941.23,96224.43,705998,271577.33
"Q8BJM5",447149.3,506716.2,163186.8,697957.3,535162.2,292720,1861545,641615.2,299934,427613.8,NA,897014.2,831469.5,482412,565703.5,1901412.5,806667.2,488067.2,180556,594578.5,137105,358255.7
"Q8BJS4",1413320,1741950,445000.2,486815.3,1541960,531144.5,576176,1229215,655771.8,2278937.5,3029290,158108.8,221910.5,2650267.5,3530065,993378,2872425,398060,376236.2,2745415,1071115,522030.3
"Q8BK08",7165316.7,8559217.5,973364,1891620,2704440,8940405,2058575,2692392.5,1649350,4074687.5,6973975,2213482.5,2929807.5,3406367.5,3153280,1349160,1193057.5,1784547.5,769453.2,1463200,12440275,2127170
"Q8BKG3",2756893.3,222084.5,2658182.5,3330016.7,3361252.5,738283.2,5323345,834767,14654300,2938785,206101.5,1565437.5,6571957.5,814847.2,6442315,2750077.5,11291132.5,2111972.5,1318380,7710882.5,2968520,8510193.3
"Q8BLF1",52520533,1915495,20715800,21213733,2788042,37818350,89780900,5774868,19631025,12103125,2372748,20488800,8465150,6045712,10293445,9719768,21306100,7950178,4559060,12507150,11508625,2126117
"Q8BLG2",108560.67,101304,NA,NA,354839.25,NA,NA,NA,57330.8,113810.02,NA,50885.03,63772.75,235247.75,139901.5,NA,NA,17197.2,NA,67251.65,96705.05,NA
"Q8BLU0",460775.33,276113,885005.25,631162,1138797.5,NA,NA,NA,236537.5,425170.75,199738.25,476923.25,662323.5,1118805,879624,NA,166021,92030.65,192551.75,248136,662282.5,919274
"Q8BMC0",213884,326230,88558,141174.8,220381.75,NA,174402.5,173610.5,80362.75,245203,NA,163292.65,105201.98,279843,107257.98,168809.25,172217,66449.18,NA,853324.5,NA,83436.33
"Q8BMD8",26846666.7,2853695,369622.5,1611780,7551745,1832090,614417.5,701789.2,5179512.5,5371287.5,2309937.5,587861,6656895,12946750,17114500,4755815,3503805,2119097.5,531321,1754205,11006850,13124266.7
"Q8BMK4",11525000,3753570,11307150,23488833,10600200,10565400,3860815,4051625,11811350,8560660,2836858,3908185,7486998,10782975,18302300,6346228,13022675,8518092,9284058,10419240,5679178,11552500
"Q8BN21",448104,535881.25,130630,397215.33,671525.75,243962.5,571612.75,616222,248483.5,893624.5,213759.5,444573.5,89449.75,983997.25,126496.9,778396.75,1737245,182654,1254830,1995677.5,267335,528991
"Q8BNI4",3706893.3,7516072.5,981859.8,2388976.7,9328872.5,1965560,5199627.5,14294475,2328967.5,5454117.5,2551910,5535997.5,1823340,5566575,1522416.2,4028940,2986007.5,1612705,1474752.5,3122765,476135.2,2083673.3
"Q8BPT6",798490.33,2705220,NA,408119.67,864185.5,1561782.5,220644,835475.75,NA,585395.5,1116720,257805.25,269669.5,1012352.25,350084.25,111906.75,60680.43,41577.9,356578.75,177588.67,2014232.5,48071.25
"Q8BPX9",NA,NA,NA,NA,123978,NA,1434095,267355.8,201560.5,305240.5,NA,NA,NA,266233.2,NA,313423.2,791054.2,45780.2,NA,321812.2,NA,NA
"Q8BQU7",44212.77,NA,315663.75,66779.07,NA,NA,NA,276714,NA,NA,NA,NA,NA,NA,NA,NA,19269.93,14884.85,NA,NA,NA,NA
"Q8BQX5",NA,NA,NA,NA,NA,NA,115161.15,NA,NA,NA,NA,NA,NA,NA,NA,NA,140350.67,NA,52417.35,112615.33,NA,NA
"Q8BR70",2702646.7,3644637.5,1142164.2,2090276.7,1725892.5,676265,3757995,3208442.5,2913947.5,1727410,509292,3452077.5,5107740,2347582.5,1260067.5,4566120,2068632.5,2123752.5,697323.5,1651775,527896.2,2495440
"Q8BRG8",325522.67,260678.5,110760.68,765859.33,233735.25,NA,44115.1,183664.08,126096,373969.5,NA,217881.5,68346.32,475425.25,NA,170938.25,494641,135918.5,326474.75,414069,NA,100407.4
"Q8BRK9",1558436.7,1797477.5,531101,2561043.3,1664357.5,338704.8,306570,199165,339202.5,1191437.5,4253087.5,75500.7,950184.2,1358012.5,1319630,314863.8,637342.8,172806.5,268873.8,547906.8,846246,319980.7
"Q8BSY0",23126933,12767500,2058300,8282643,53761050,8316440,8502915,5443225,5167955,24677650,2135730,3003278,3931482,43203125,5387528,4054965,7564972,4035430,2934005,9073332,2251745,7762903
"Q8BTZ5",2487393.3,2652007.5,2782080,5177523.3,2053452.5,455858.5,1783937.5,2090695,1165940,1428090,1055752.5,440666.8,665540.8,2119127.5,196574,729208.5,1225732.5,586125.5,646700.8,1675535,380663,519429.7
"Q8BU14",14222667,8104245,5884478,13858767,14195500,2343005,9644535,10409575,8464068,9914865,9369208,44882375,6074165,7522895,4539005,18478625,7644540,7190102,7790305,15479075,1893082,4250007
"Q8BUV8",2501876.7,1042834.5,968534,3805890,1451147.5,504083.8,1325788.5,832771,1531070,1449525,823323.2,4543142.5,3695157.5,1070843.5,2658232.5,4103210,1280460,2238185,1213022.5,2312032.5,2407807.5,1434826.7
"Q8BUY5",4066476.7,9458292.5,279093,1288823.3,1431590,25131200,1246422.5,4232472.5,521633.2,1307555,8012842.5,404424.5,1303347.5,1983715,688221.2,554184,388305.2,822172.5,246488.8,552954.2,11813375,669465.3
"Q8BVA2",1778620,1912322.5,2802600,2152240,1634787.5,562421.8,1194515,688106.5,627184.5,1299822.5,522123.8,976706,864749,1829485,1520765,1213172.5,1414427.5,591119.2,722767,1396572.5,310216.8,1025403.3
"Q8BVF7",2036363.3,2888385,622648,1190190,2336457.5,839062.5,2163000,2932652.5,2025637.5,1955195,404936.2,378722.8,2164822.5,2818202.5,3171850,3688740,3041430,1329997.5,1015377.2,3485542.5,872063.8,1387920
"Q8BW93",NA,NA,NA,NA,NA,NA,NA,55388.93,NA,50487.57,NA,NA,NA,31687.07,NA,NA,25422.37,NA,NA,NA,NA,NA
"Q8BWP8",3493583.3,2484057.5,1276015,1694710,2141637.5,2140610,2300542.5,3985525,933624.2,1133880,5034597.5,917517.8,1164365,1587660,1074477.5,1145245,567585,708672,236155,561490.5,1186295,584078
"Q8BWY7",1433260,972972.25,812466.5,833378.67,1018287.5,55497.93,1876962.5,1861440,409815.75,952057,378476.25,3786755,1599920,958959,628002.25,2582517.5,764120.75,1907895,853373.5,964944.25,181339,1413076.67
"Q8BX35",NA,NA,NA,NA,NA,NA,NA,NA,NA,NA,125481.5,101558.47,NA,NA,98762.3,NA,NA,NA,NA,NA,NA,NA
"Q8BX90",2250766.7,1004480.8,1481582.5,1393850,1415120,216107,1092807.5,2230607.5,1705715,2279987.5,NA,16929150,805702.2,1817625,329807,1707935,3831825,2428682.5,995824.5,2779242.5,249042,1143836.7
"Q8BXA1",3204900,2968780,278314.2,2716356.7,2517265,1128955,725519,5332312.5,1973435,2082105,1071757.5,676906,2690290,3044210,7129825,3925230,1608932.5,2186420,185912.2,1121957.5,2889735,2740676.7
"Q8BXA5",3692406.7,3498480,1710235,3004463.3,5484007.5,512240.5,3537505,2617755,2388957.5,3631385,613806.5,9596017.5,4277925,4072052.5,2458917.5,7270690,4019645,1931827.5,7391082.5,3847077.5,816337,3285916.7
"Q8BXQ2",2252146.7,1919637.5,1146302.5,1967273.3,2602427.5,678566,2193272.5,907106.8,1027597.5,1818972.5,438458.2,877698,1370595,2022885,1672375,2545297.5,1894967.5,1461470,2800492.5,2107217.5,576786.8,997379.3
"Q8BXR1",2065396.7,221030,3561815,1172290,709876.5,101253.9,NA,NA,NA,155449.8,NA,355642,NA,NA,NA,88600.8,68379.2,261748.5,21409.9,NA,NA,107440
"Q8BXV2",5248023.3,12685175,10030432.5,7554443.3,4035150,13789475,3587047.5,8563835,1249212.5,3814797.5,2301505,2536570,4921630,3704100,3428550,9092432.5,5392990,2075030,3273192.5,4951262.5,618814.5,2510976.7
"Q8BXZ1",16795200,12332325,13323725,31617367,21781525,6434658,8246820,7235690,16374625,15669700,18634375,5716520,13046750,14604975,16080125,14196575,16451825,6033558,7956070,28026250,7816492,9686707
"Q8BYI6",657765.3,250449.8,1591905,4405790,593591,219220,335953.2,592474.2,928860.5,3433525,NA,306678.8,1315747.5,1485360,610736.8,3681442.5,8415130,1610427.5,274964.2,9493417.5,602956.8,1368153.3
"Q8BYI8",1574390,1191605,7986032.5,4884436.7,522363.8,978998.5,689523.8,3589080,230552,431352.8,783269,4456707.5,2691235,917396.5,1340405,5260727.5,966059,716483.2,504210.8,1442295,582398.8,533952
"Q8C025",28897200,56495500,5559365,11910500,93383225,15985450,136077500,9984615,8543768,45361225,21461525,4636090,5825080,49634150,9264298,18253525,4231708,6655680,6047340,9196318,10761512,6446543
"Q8C0L0",3970733.3,5371327.5,23459800,16652533.3,2988517.5,7474280,2854007.5,5213550,2343097.5,2190660,5412867.5,514688.8,971219.5,2774605,5384672.5,1501550,2435490,2018925,23271125,1970745,1268992.5,1039280
"Q8C0N2",14444700,4358992.5,994428.5,472064,43955525,1923565,1809950,655481.5,850763.5,20916400,290383,254841.2,837032.2,24398875,879567.5,24059350,1389435,794357.8,306746.2,1665010,155698.2,1414183.3
"Q8C129",21214667,31945925,11537650,10221107,25964875,36295025,16123775,7884465,8182832,23330775,5131522,4498975,3764372,29423800,12479525,10372418,44368650,3779848,5140728,28190725,8471992,4692050
"Q8C145",1068756.7,438926.2,3666730,1624446.7,1337322.5,255323,678116.8,204297.2,1482257.5,1020472.5,201228,342449.5,1289577.5,1253367.5,1650485,239870.8,1468230,323575.8,4705015,2801660,826594.5,1696636.7
"Q8C172",371534.7,NA,963426.5,2445583.3,2239290,NA,5198030,545015,864264.2,1064783.2,NA,1541530,1043682,1408445,598158.5,9450465,971315.8,1007303.2,710992.8,2354510,159177.9,1864083.3
"Q8C1F4",235586.33,214925.5,NA,343733.33,245920.75,134282.83,184660,176044.75,742445,246958.75,441894.25,210324,232081,425546,665194.5,141042.5,416398,91728.4,32513.13,189275,421866.25,173740.67
"Q8C3K5",NA,NA,172409.1,852265.3,NA,NA,807408.5,NA,NA,NA,1117140,NA,NA,NA,NA,NA,NA,NA,NA,NA,NA,NA
"Q8C3X8",5604723,4929548,850890,2925380,7302668,1744670,5056635,3941442,2888648,3334718,1795242,11037345,3046658,4714638,3939285,3474678,3726438,1577455,2633642,4854435,1063658,1875013
"Q8C407",4742660,4179015,736818.8,3819590,2493922.5,1142361.2,2170957.5,3850505,1413205,2672950,1450737.5,13222650,8709637.5,3004850,1805172.5,4104712.5,2383690,3304255,1519737.5,2986227.5,1445842.5,2830203.3
"Q8C419",166790.7,NA,10938772.5,993461.7,NA,NA,NA,NA,NA,NA,NA,191604.5,NA,NA,NA,NA,NA,NA,NA,NA,921032.5,NA
"Q8C4X7",267440,NA,115724.68,556588.33,NA,NA,NA,10548085,NA,59240.07,NA,NA,NA,NA,NA,3879462.5,NA,NA,84020.87,NA,NA,NA
"Q8C7E7",2919373.3,1414622.5,203334.8,555399.3,425284.2,2113347.5,293818.8,7790905,1454225,564140.5,50179700,683515.8,758101.2,828324,777212.8,205302.2,3320645,264382,746698.8,258707.5,3216020,843931.7
"Q8C838",7731476.7,13700365,1012811.8,2237466.7,23468467.5,557625.2,1290480,314674.2,1211762.5,8427300,364552.8,404321.8,1303938.5,18685620,2438000,582201.8,1025606.8,683102,152260,2552555,295573.5,717276
"Q8CAQ8",59137067,105157875,7721215,19557333,24042550,217668750,24268550,27503575,12282600,39226275,124316000,7254722,32897000,51418125,14684675,7596632,7043992,15694350,3491875,8709120,236046750,14888067
"Q8CC84",275751.67,227144,NA,278762.67,129660,208670.25,191899.45,399040.5,91090.73,116715.75,113345.23,319768,106747.75,220477.75,NA,102863,221047.5,219232,199503.57,177233.5,117258.15,131512.33
"Q8CD26",644420.7,759602.5,318153.5,700482.7,539128,337641.8,818082.8,1783202.5,272359.5,509044.8,489250.5,1144707.5,757030.5,752121.8,566110.8,1154850.8,927379,402431.8,92477.2,820370.2,469786.5,458334.3
"Q8CFE6",677159.7,591675.8,3540077.5,1191470,944655.2,2099387.5,717506.8,1584450,579863,1015709,1928922.5,5955052.5,1129065,1160832.5,984789,990703,2137142.5,1375392.5,373155,4803690,691741,903908.3
"Q8CGF5",3375646.67,335917.75,743564.25,4705236.67,299165,31535.35,785846.75,5449490,376380.75,102365.18,1936632.5,1634005,296114.25,143604.5,1066111.25,603988.25,60204.27,228790.75,1446837.5,73462.2,277283,1608953.33
"Q8CHK3",5122563.3,6292237.5,4476352.5,6936380,6983387.5,2029922.5,11031457.5,4689010,5122152.5,6423037.5,1076047.5,2981675,3147367.5,5680962.5,5315125,9130555,5472740,2206110,2301387.5,5944140,718362.5,1284376.7
"Q8CIA5",1027206,684789,1281915,1217466.7,4977930,141851,1550772.5,1263549,768956.8,2517535,196660.7,549901.5,2015957.5,1469805,1219425,532604.5,1104890.8,328971.2,644225.2,1895657.5,153761,478123
"Q8CIA9",207217.47,432690,250009.75,402747.67,334794.25,60763.3,205507.25,246695,177950.75,274758.5,NA,256030.5,98350.48,412478.5,428465.75,538414.25,469302.5,109506.93,110812.03,272005.75,NA,79953.3
"Q8CIF6",5178330,5250815,1160690.5,1749953.3,5449237.5,983581.2,3828927.5,8925657.5,2364937.5,4231312.5,1081300,2257022.5,1540992.5,7839092.5,5134075,5891137.5,7143680,1178472.5,3054582.5,5150317.5,2090845,1753196.7
"Q8CIV2",2683160,2404290,903306.8,2408780,1551410,1215290,2399185,2043087.5,1166827.5,862622.5,1606597.5,796108.5,876378.8,1035067.5,949635.5,2403897.5,1073697.2,775072.5,799529.2,1970872.5,667982.8,919692.7
"Q8CIW6",220604.3,604845.5,880549.5,607392,340222.2,1375540,1010306.8,333998.8,127891.8,717042.2,889343,899055.5,341298.5,386013.2,192214.2,38453850,256919.8,1939175,152563.2,321604.5,271884.5,137281
"Q8JZN7",6333573.3,9017600,629674.2,6056136.7,1841582.5,6440222.5,2440457.5,1911227.5,985059.8,2072467.5,2045155,931511.8,1236072.5,3069387.5,811460,1165505,1038925,1401955,781344.5,1425962.5,3421357.5,987762.7
"Q8JZQ2",17463600,34049325,2292592,6001290,7446360,51187925,3661948,7485712,2711315,8774400,22574225,1947165,6875600,12361625,4287270,2123645,2668605,2994690,1439728,2147782,32694325,4079200
"Q8JZU2",145964333,170853500,1795712,20782167,66845650,2446130,15353200,43959450,11147800,105108250,1160058,10289750,17868275,131793775,36920475,7911648,6461050,6281805,2281040,12911000,2913640,11686233
"Q8K021",8678310,4286958,17250775,21052300,4440038,3293210,8390048,14372350,4684300,3163442,2249872,6592022,5003825,5005140,1077880,3806290,5132428,3838422,6741158,3033910,2178790,4516097
"Q8K072",680987.7,328946.8,NA,633830,589062,NA,193358.8,409484,445477,607398.2,NA,932397.2,188082.8,526514.8,226089.8,887893.8,913773.5,525306,1188857.5,1638157.5,173079.2,1026417.3
"Q8K0C4",13271133.3,2927082.5,5089032.5,7828126.7,8512722.5,1224892.5,55177725,19229700,1641130,5515617.5,490217.5,1718325,3011577.5,3443882.5,21010375,10414975,2979195,5426260,16143250,3372307.5,1830952.5,6012543.3
"Q8K0D7",6528756.7,4600362.5,6876915,10363100,7664980,1687260,3540212.5,2126815,2001975,3596692.5,1678795,2698887.5,3289975,4527695,2731535,2609980,2269420,1069715.8,3387445,3271970,896679.5,3073193.3
"Q8K0E7",NA,NA,129596.53,NA,NA,NA,199714.5,68754.8,219188.25,1621950,411382.25,266562.75,399048.75,NA,280488,851115.25,NA,960387.75,44490.6,89729.73,NA,739845.33
"Q8K0S5",775827,81804.93,1008365,2415746.67,379274.75,NA,104945.23,NA,108240.2,267975.25,NA,NA,365191,348834,90744,169339,604491.25,101617.53,138578.25,587182.5,NA,383359.33
"Q8K0T0",1897066.7,419410,26757025,32987433.3,980228.8,433231,654695.2,690000.8,855824,2744822.5,239018.8,557191.2,326101,1119240,673094.2,1472091,2597135,488501.2,5006970,1512767.5,567024.2,226028.3
"Q8K0U3",NA,NA,169942,274661,132927.67,NA,86181.3,NA,78190.8,NA,NA,86698,NA,NA,28544.15,NA,NA,NA,NA,NA,NA,NA
"Q8K1A5",1855393.3,1813402.5,1026528.8,3478203.3,1555072.5,1391062.5,1822270,833488.2,1647135,1106432.5,921286.5,5780005,1214415,1109102.5,1469527.5,4241640,684136.2,1463997.5,2899855,1637515,776417.2,843925
"Q8K1E0",3514940,3511965,2153297.5,3457156.7,2516412.5,1023801.8,1477082.5,2349077.5,2549182.5,2611045,1840067.5,18130000,3064742.5,3152825,434002.8,2396395,3190747.5,2524032.5,1154950,3693792.5,825762,2723213.3
"Q8K1G2",930650.7,173528,196110,367030,557123.8,172904.2,2090747.5,144921.3,559136,501032.5,1228560,194615.8,434612,767958.5,536065.2,224761,760604,285101.8,123788,448556,689086.8,754050.7
"Q8K273",6246273.3,10693382.5,3184555,4590560,8684952.5,2186397.5,4171632.5,4082102.5,1840087.5,4234127.5,4713905,6590447.5,1820727.5,5696272.5,2636252.5,3734790,3024035,2059727.5,952131.8,3717765,1777330,1816536.7
"Q8K2A8",1798493.3,1718700,582829.8,1598336.7,2344335,893729.5,2569995,1669352.5,1152912.5,1196997.5,4240920,11336700,2175315,1012011,1246490,1536847.5,1144725,871263,1324051.8,1510045,773353.5,784060.3
"Q8K2C8",6374643.3,14030675,1826065,2205416.7,11152350,1007113.8,1851927.5,3668722.5,1053131.2,7178067.5,644459.2,1602602.5,1168692.5,6685185,534015.8,2580100,1376140,902375.8,789628.2,3779852.5,650762.2,2025283.3
"Q8K2C9",124352000,17020700,34613400,75312633,22677725,4683365,34768150,63251325,37335625,15460175,5652152,12244200,22965300,16881725,12092550,26941150,13063525,13603825,29080475,18379050,3538282,16938167
"Q8K2P7",264771.67,NA,2646187.5,3275730,77678.6,119798.27,NA,NA,167716,668086.5,NA,390181.25,797339.25,380488.75,93973.93,895655.5,1769180,440822.75,74170.48,2684317.5,NA,345522
"Q8K2Y3",2632060,641871.8,170188.7,NA,1324420,487745.5,909691,637329.8,1617137.5,562826,348731.2,401605.2,518580.2,1035563.2,504299.5,108399.6,4453567.5,267686.2,283605.2,458445.2,550695,847644.3
"Q8K358",3948090,3023440,1738810,2924030,4908468,1335985,2989418,1237588,2400168,2740690,465479,1983442,2074815,3048295,2301088,4622868,2285212,1743648,3672640,3876418,862667,1606723
"Q8K3K7",125267333.3,282976250,550406.8,2487536.7,150760250,7192095,8320252.5,33333900,5123212.5,128419225,551877,5267250,3875497.5,135964000,11383850,44021175,5272900,6880595,2409905,32954375,2017537.5,5500750
"Q8K3P1",NA,NA,NA,NA,NA,NA,NA,NA,NA,NA,NA,NA,54426,11991.61,154178.75,64821.52,14306.64,18908.83,1823287.5,NA,NA,21015.23
"Q8K458",NA,NA,60083.63,NA,NA,NA,NA,NA,NA,NA,NA,NA,NA,NA,NA,NA,21292.45,NA,NA,329011.75,NA,NA
"Q8K4C2",299238.3,122935,79502.1,85601.6,529572.2,NA,341953.7,252767,155755,259116.5,NA,401887,303450.5,391944,331830,691543.5,332174.5,122471.9,111719.1,152249.2,189138.5,610665.3
"Q8K4P7",239336.33,140716.5,193141.25,507176,254391,NA,246146.75,NA,118226.07,271861,NA,753026,78701.77,334330.5,92242.35,115867.6,99857.75,60750.7,172884.5,148821.75,NA,188505.5
"Q8K4X7",8369156.7,435552.2,6843070,1970953.3,1193072.5,312886,800517.8,495210.2,7121757.5,2524040,121400.5,516011.5,451255.5,1888290,3619060,2313300,3217607.5,4874075,8988010,4124355,828857,892469
"Q8R087",502448,1033296.5,153747.2,567289,524783.5,343016,521287.2,927665.2,262818,616224.2,621710.2,352160,686768,670870.8,736024,801650.8,539344,345797.8,298693.8,598386.2,416115.8,447494.3
"Q8R090",6581420,NA,NA,NA,NA,NA,534497,NA,NA,56329.8,NA,NA,201230.2,NA,NA,274993.8,NA,100336.5,NA,96176.7,NA,NA
"Q8R092",684361,425494.5,1428642.5,1625283.3,641644.2,508088.8,832424.8,452874,430691,486871.5,829088.2,687969.5,802525.5,466044,437847.2,861164.8,1074401.2,444025.2,1006684.5,1250442.5,140302.4,561284
"Q8R0I0",13635166.67,80947.07,350900.25,318054.67,264526.5,392867.1,6413795,1119798.75,314165,995899.75,186962,1789325,363133.75,246533.5,3422115,81078050,116156.62,473381.75,119346,267415,1167222.5,352761.33
"Q8R0T6",83823.37,NA,NA,NA,167967.5,NA,NA,491827.75,103118.15,238451.5,NA,NA,120273.15,37201.13,138288.75,237754.75,82497.3,68711.4,NA,23074.95,110812.62,193631.67
"Q8R0W6",811725,273296.5,648681.5,1992943.3,1013467.8,266033,857043.8,1055441.5,468776,518965.8,273594.2,624383.5,718175.5,270410.8,441167.5,453230.5,321377.8,357846.8,411326,766007.5,315956,281368.3
"Q8R0X7",8736610,13951450,3058085,5944133.3,12763350,1518892.5,5305912.5,4390120,3961192.5,10054695,385433.2,7993640,2905160,10822157.5,7878550,23069950,11243925,2425105,2246497.5,31745675,1510702.5,20615566.7
"Q8R138",3537526.7,1558890,4880265,786872.7,6614925,1916682.5,1102842.5,1019759.8,6939545,4088190,1876025,573300,1919992.5,3644175,1457105,1836232.5,1900735,966331.5,311178.8,1393127.5,2043662.5,3063846.7
"Q8R1I1",16698683,33824500,9588358,20577767,22046825,49405100,32523412,16780730,18220650,11252558,51072825,4754748,11632430,19833010,8913462,21343732,17008275,8935658,6247892,7817948,46485400,9773020
"Q8R1K1",6593566.7,4974280,4316707.5,10614900,3287195,1238510,7784285,3990007.5,1967385,3237965,868912.2,1059202.8,2581047.5,3830442.5,1602067.5,7268325,5862895,1520432.5,12433950,8540930,964057,2455293.3
"Q8R1L4",72140.95,NA,NA,87601.25,290114.75,83018.6,NA,NA,87270.43,132618,NA,1853882.5,537857.25,174284.25,444117.75,353069.67,NA,128809.27,NA,49109.6,NA,151708
"Q8R1V4",24233967,40066975,6634642,17627733,26737800,10360345,42897450,35590450,7401125,16323300,27887850,28928350,27513975,26096125,13471625,38670350,9807238,13393375,9102065,11132352,6084742,10466300
"Q8R2N1",18102.1,NA,NA,601467.33,460447,NA,2802480,NA,122412.65,49992.58,NA,NA,196683.75,42907.05,1456036.5,386665.75,23621.93,759585.75,NA,475595.25,381888.75,5515030
"Q8R2Q6",320327.67,NA,217896,561568.33,217562,54125.45,235294,NA,121343,109100.25,NA,87809.85,130764.25,157346.25,185253,42334.25,148690.75,60384.32,301603.5,91407.82,NA,151967.33
"Q8R2Y3",1739733.3,1973722.5,405364.2,1024308.7,4390442.5,163443.8,663052.2,462323.5,367249.8,1802045,249914.2,1232280,312001.8,1693937.5,627655.5,644226.8,272661.5,240395.5,545864,677709.8,135138.5,235466
"Q8R3H7",2978563.3,1515127.5,714135.2,5870930,2115885,505699.2,1341762.5,1021963.5,4370592.5,1832135,1626032.5,2595322.5,6924570,2141177.5,3476607.5,2759447.5,1373770,1717772.5,436063.8,2972997.5,1994330,2413700
"Q8R3L5",749214,229496.5,734141,353277,1007995.8,1652570,5001205,291045,1874810,646704,372756.5,685643.2,310247.5,798958.8,1946620,919187.2,1199410,601142.2,922319.8,1459170,385509.2,636794.7
"Q8R3Q0",4248850,6060067.5,1904945,2888963.3,3244457.5,2705140,4181522.5,2719757.5,1360230,2318965,8841692.5,2791035,2054385,3648597.5,1846345,1279642.5,1372937.5,831914,998542,3083540,727214.5,883800.3
"Q8R429",10304206.7,276828750,2690135,43009400,6637740,48856200,1748722.5,10319195,6818277.5,13523312.5,235265250,50862850,70832825,185429000,85842075,11852687.5,40501807.5,14432675,829503.8,12086775,309407000,15424500
"Q8R493",167644.33,NA,30665,60265.33,NA,NA,NA,NA,NA,NA,NA,NA,NA,NA,NA,19156.83,NA,32304.65,NA,NA,NA,20030.9
"Q8R4H9",689786,623082.8,149774.5,836215.3,721817.2,167199.2,1921687.5,1264707.5,554144.8,671557.8,142192.8,2141002.5,1497630,577286.5,1105717.8,2515817.5,745694.2,795489.8,215602.8,928049.8,261786.2,595912
"Q8R5J9",41347133,38016875,45561775,50047800,38766200,41205975,27301425,39544025,21002075,33898100,112488500,40355600,24974250,43891125,53736950,24974950,62713750,16935025,6080775,55072500,25335050,27002600
"Q8VBT0",21373533,13320925,9251485,56288700,13881475,12305650,19124200,11104065,11186775,14564625,8013828,23826500,9584292,13072025,8202000,22251450,16542750,7692552,20517850,25718950,5965482,9232243
"Q8VBZ3",11261767,12100700,8504860,11403267,8872572,5761415,19527725,10697375,4405400,6992505,8488895,2215620,4755732,7093570,4889995,20487200,6198200,5302845,5676502,7833925,2756635,3165617
"Q8VC65",430807,357376.8,101679.5,5193770,792289.2,NA,NA,NA,612123.8,847591.8,NA,150100,NA,755468.5,5359635,743343.5,1627762.5,351788.5,1718627.5,1650690,356600,221802.7
"Q8VCA5",NA,NA,NA,156245.33,NA,NA,NA,NA,263533.75,117118.27,NA,676509.23,62061.82,NA,1842752.5,6287815,NA,512981.25,NA,324354,271742,318527
"Q8VCA6",1707960,1137862.2,683636,1705250,949167.2,2266432.5,840275.5,280424.5,613716.8,629129.2,1769275,1194020,460873.8,1077957.5,601980.8,1241430,576882.8,889594.8,648808,744254.2,1286552.5,491902.3
"Q8VCB1",695606,869063,463285.5,595315.7,609741.2,369507.8,491524,303676.2,200150.8,591220.5,389272,384574.5,129539,586598.2,509640.8,637181.5,616981,351750.5,625539.8,919671.8,228181,204254
"Q8VCD6",1408413.33,NA,3408482.5,2771053.33,827596.67,246007,NA,NA,87291.25,90209.15,4253390,90244.52,82527.27,69016.05,NA,235282.5,274277.5,156607.25,1133034.5,NA,919033.67,163747
"Q8VCH6",4613470,869690.5,1287822.5,2490436.67,569870.5,102174,16653375,10745365,2613705,773079.75,83900.43,2017275,124145.45,453317,9096535,12172637.5,1622195,3404275,1108030,2659385,632373.75,4643183.33
"Q8VCK6",28390.7,NA,NA,NA,1003876.25,NA,NA,NA,NA,269918,NA,NA,NA,734096.25,109378.75,77845.75,832266,NA,NA,54742.15,NA,NA
"Q8VCM5",2433560,3614297.5,426917.2,1134033.3,836926.5,4201172.5,1047155.8,1103210,524020.5,929833.5,4177725,588550.5,695005.2,1370290,1592965,785101.5,386894,644357.2,349720.8,551944.8,3798370,477656
"Q8VCM8",15151933,13848475,11305675,24125667,16079525,4967598,25589175,7974528,5115450,9491130,5479345,20485775,3356105,12493375,8085315,18983200,9340722,4880940,9076582,10996300,2976588,5385650
"Q8VCR3",638673.33,1481892.5,NA,249574,189798.25,1988112.5,370873.75,281189.25,77951.55,229292,1092195,73107.8,344027.75,290567.5,182454,NA,NA,134861,NA,117947.75,1534340,149375.67
"Q8VCX2",924838,581758.2,353706,916325,619188.8,285758,1236562.2,1159485.8,813212.5,707729.8,NA,3402932.5,3096760,1190950,848969.5,3408000,1517397.5,1336545,285902.8,733365.5,134929.9,1485183.3
"Q8VD00",856225.3,714882,439720.8,811884,607012,NA,1316952.5,2877692.5,1141371.2,1388332.5,NA,19301535,1268875,512373.8,1771220,4657332.5,1766534.8,1778387.5,3167007.5,794890.2,NA,211752.7
"Q8VD31",5071736.7,18159050,864398.2,2751433.3,8004797.5,895372.8,3486272.5,9601412.5,4439727.5,8246685,2085462.5,3311832.5,2344725,8404720,5610467.5,14136800,9078140,1002922.5,418399.8,14570425,747987.5,1933103.3
"Q8VDI9",2068066.7,2350382.5,1148870,2807646.7,3243190,449298.8,2497937.5,1230711,1443230,2330997.5,320185,5268535,1337602.5,2861202.5,1509020,3086145,1849642.5,1301790,1708335,2016320,563203.2,1234183.3
"Q8VDN2",129040667,46620500,393605750,262959333,74746000,277559000,505528250,86426700,81236100,68109975,36145100,168712750,162975250,69634450,120252750,493500750,101153000,98723775,47970525,152517250,83784675,140916000
"Q8VDP6",17473333,15061950,21291475,37745300,19881775,6560520,22544650,13096900,19448600,13736375,4113135,38523525,13316700,12867300,10828650,31850050,19840325,10009570,5824912,21462300,6507578,16993300
"Q8VDZ4",3587360,2042635,5185902,3488283,2202592,1450498,2468000,2192065,2441032,2399778,1644702,2363880,2687650,2197070,1789895,1960530,2314890,1138410,3145858,4177230,1363198,4350780
"Q8VE91",248627.7,244331.8,452975,473647,NA,1837855,1983272.5,95921,385388.2,376976.2,4034495,2746327.5,105720.3,100136,1082035,484198.2,526334.8,204804,741774.5,745036.5,1124342.5,595044.3
"Q8VEF1",713358.67,977183.25,1469855,1383170,331944.75,191400.75,245344,256181.75,233641.25,674151.25,201948.25,752284.25,189745.5,658549.75,571270.25,235835,971634.25,314669.75,617132.5,1765105,NA,94992.63
"Q8VEK0",5217147,3451558,6854620,6054650,4165902,2565055,10931125,29136875,8472358,3200158,4056222,2723735,3713808,4840272,4641940,4381215,5174715,1832098,2951118,5706028,2181730,3325673
"Q8VEK2",2910196.7,4204287.5,3043417.5,4707203.3,2515607.5,788347.8,1415467.5,1509540,684839,1760672.5,523755,792245.5,624242,2235680,756431,1347445,718895.5,820113.8,728904.5,1192520,256696.5,1205610
"Q8VEM1",438336.7,271635.8,605490.8,374348,388865.5,156096.2,359822.8,615100,255112.5,336414.2,259732.5,194343.5,423742.5,355929.5,265843.2,185104,609310.5,323362.5,250941.8,601349.8,165397.2,334857
"Q8VEM8",134308667,93926875,28906825,75892467,49096550,367499250,70172625,60705775,30720350,40992350,149301000,90448300,50568975,74541175,58927700,31068600,21436825,42742425,11529050,18313200,282340000,31802433
"Q8VEW1;Q8VFZ5",950475.3,542485,NA,853373.7,1003362.2,203253.2,5602377.5,689068.2,385386.8,1878422.5,NA,83823.3,532775.8,1463159,922692.5,1161364.5,1808335,798131,3817300,3846615,447065.2,672179.7
"Q8VGD6",NA,474614.2,NA,NA,NA,1351100.8,NA,NA,808754.5,682948,NA,NA,NA,NA,598309.8,NA,435272.5,NA,NA,NA,NA,NA
"Q8VHB5",NA,NA,106200.33,579873.67,NA,NA,768184.5,461167,70516.45,135729.75,NA,2507102.5,108090.33,NA,100257.48,8412397.5,54555.6,25188975,NA,NA,NA,NA
"Q8VHE0",6266540,5471937.5,3159765,6399096.7,6930367.5,1908612.5,8388877.5,7078835,4843465,5699827.5,779523.2,21756400,1872835,5520707.5,3641177.5,8835632.5,5119842.5,2598352.5,5321777.5,8694480,1387847.5,2545903.3
"Q8VI59",1093690,636590.8,1196510,1144316.7,956232.2,203486.5,711351,416890.8,384721.8,796325.8,NA,579780.8,630577,900545,683827,769996.2,1183160,398515.8,665813.8,1453672.5,288951.2,787921.7
"Q91V01",25797367,24254025,1828210,19849300,30917925,5511495,44705025,20166000,8847578,22673150,1371555,11108338,15954500,19626425,18708525,53326525,8984918,6538658,20960350,16993700,2459485,11901533
"Q91V04",2789026.7,1209090,407067.2,1374800,2601875,459372.2,3290077.5,3956525,2275222.5,3035442.5,312352.2,53760425,3168877.5,2143647.5,2785167.5,5844885,3450840,3444770,1399910,5122490,663744.2,1811506.7
"Q91V61",40308800,6804320,16204450,22323400,16119275,4035825,4907238,1452608,18820175,15304900,9964310,11649750,45407475,23275775,69348325,4595892,9721218,15794350,3291750,3984045,17383750,16078200
"Q91VC9",10668233.3,13795425,777838.5,6241473.3,5817355,24230600,5572762.5,3919335,1563007.5,5886095,7915775,1635382.5,5535882.5,8208337.5,5881135,2043770,1804542.5,3629482.5,2091640,1731680,23389125,3195470
"Q91VK4",4869166.7,372276.5,10549892.5,4905103.3,767157,680658.5,791098.5,452894.5,1115400,804017,323360,546399.2,1722257.5,873457.5,919495.8,712084,1808705,857416,933338.8,3178650,382684.8,1045270.7
"Q91VS7",79931933,145013500,3052200,14110767,200180750,7224612,9972770,378760000,75544775,102044650,4503792,8924748,9480692,98623400,38253975,23332575,7824168,2998510,16638300,20130700,2955292,33052867
"Q91WR6",177487.33,222445.25,NA,NA,309948.5,NA,158712.5,79024.65,77611.15,156712.75,NA,112807.35,48348.4,171941.75,56309.95,120705.67,73733.07,NA,24446.1,88324.63,NA,52832.17
"Q91WS0",16436267,44754700,3967790,14178067,8628015,56231300,23616500,15466225,6022285,8884272,68630400,9081900,8474065,15560100,13008150,6416420,1961655,6002032,3442412,4409488,33256350,5221607
"Q91X21",2514383.3,2253300,209189.8,2039023.3,1291872.5,695503.2,1509440,1538237.5,889892.2,1553685,728354.5,2315002.5,3554020,1819382.5,2299477.5,4701945,1942865,2598417.5,1771995,1813907.5,963731.2,2088980
"Q91X78",3009450,1205917.5,1800495,1730703.3,3223035,588140,6301625,1730662.5,1443502.5,1981750,384916.5,545210.2,1172130,2093932.5,2302357.5,6195645,1806182.5,3188775,3417925,2018872.5,535049.2,2380823.3
"Q91X86",249184.67,NA,NA,2722753.33,234402,NA,88031.1,99426.35,130694,152046.75,NA,74008.07,NA,103438.12,NA,1026964.25,167498.75,821087.25,NA,123792.75,NA,292278.33
"Q91X88",1182383.3,1361255,161392,1475453.3,413755.5,355905.5,584436,470441.8,491476.8,388007.2,352886.2,983661.8,1983890,555310.8,745528.2,779821.5,370608.8,572324.5,883941.5,367852.8,624861.8,695030.3
"Q91XC9",8974253.3,5588477.5,1226402.5,3364583.3,8965342.5,2412380,3231515,4634522.5,1125245,7217322.5,1209312.5,544016.2,992938.2,9612757.5,3835687.5,2631595,3050275,1004838.8,3421722.5,5193032.5,2452427.5,1821290
"Q91XE8",32642600,47396125,1885825,5032957,68924450,7679052,44112925,87527475,9920630,24202975,3422012,10789100,8669502,29631300,7211958,10665755,2753798,2891682,12351025,4915928,1409868,7662030
"Q91XL3",1378373.3,599474,353616,741872,879045.5,195115.5,790460.5,524277.8,291915.5,529539,483710.5,464969.5,729537.2,1015159,522275.2,551058,369907.8,456510.5,506351.2,318248.2,226617.5,557755.7
"Q91YT2",988027.67,780514.5,450146,1480243.33,934397.75,343865,2137057.5,1336760,372509,624004,1105437.5,2024632.5,305875.25,588241,94110.47,1626495,269593.5,385425.5,340224.25,783476.5,313552.5,422137.67
"Q91YX5",1466423.3,1223857.5,2974437.5,3696936.7,11159790,943775.5,2519687.5,1982900,968572,2342180,140593.3,781093,837268.5,5288352.5,1058653.2,11708575,1216675,300923,1215607.5,1136862.5,836066.8,1921493.3
"Q91YY2",535279,313977.2,315376.2,771664.3,155819.5,254363.5,364787.5,395999.5,149839.5,186022,NA,277441.2,1788362.5,169851.2,164254.2,499498.2,341744.5,443988.8,240157.8,230718.8,145811.1,591909.3
"Q91ZB5",NA,NA,NA,156861.3,NA,NA,NA,NA,NA,NA,NA,NA,NA,248571.8,183608.5,NA,NA,NA,NA,211173.8,NA,NA
"Q91ZB7",352838.33,NA,323741,422713.67,NA,NA,82407.05,119369.5,146701,145540.25,NA,150292,100893.75,139874.67,73909.73,45085.75,503382,26841.9,NA,534576.25,NA,62671
"Q91ZB8",NA,24549.85,NA,NA,NA,NA,NA,NA,NA,NA,NA,NA,NA,87503.47,184883.5,NA,NA,NA,NA,NA,NA,NA
"Q91ZD4",143621.33,NA,264391.25,209888.67,151906,NA,182137.5,NA,284627,177110.25,NA,42396.9,97614.93,106517.7,997693,146426,327227.25,95536.12,NA,554390.75,243175,229486
"Q91ZN5",4380230,2400952.5,372599.8,3198370,1592982.5,978538.2,2191842.5,1550110,1089802.5,1865605,1238130,4486830,11564300,2109025,3726307.5,5043755,1855087.5,3170732.5,886226.5,2504942.5,1449937.5,4164326.7
"Q91ZU6",463753.3,255652.2,2072275,1478450,633349.8,675477,1164392.5,609540.5,399773.8,567670.8,712230.5,123727.1,324503.8,448415.5,445126.5,267555.8,193889.2,1078442.5,506038,359480.2,650475.5,1143160
"Q920L1",26476733.3,337096,3499635,4882010,3387040,229201,2795920,8820557.5,1283695,1958005,NA,1643495,3192112.5,1841367.5,717169.8,2913367.5,1998255,573925,7031165,1581272.5,335469.5,2374690
"Q921I0",1052591.3,2051227.5,174038.8,2884866.7,935546,547763.8,2543922.5,3349417.5,628523.5,765229.8,1308670,787922,811064.5,1038841.8,548712.8,1667995,987917.8,805920,725356,1442945,282588.2,2189230
"Q921N7",4522253.3,12322900,200293.7,949613,3080102.5,13211200,3058060,2685415,445675.5,1956285,3914085,815850.8,2741697.5,2983025,2657822.5,1240237.5,443951.2,952889.8,657757.5,951933.5,13142100,949944.3
"Q921T2",2233970,2031995,667059.2,2755030,3096002.5,751242.8,2318247.5,2292367.5,1057652.8,3457395,4418420,1302155,633609.2,3093995,5541557.5,3313497.5,4528270,1330440,4418495,4759437.5,748245.8,819541.7
"Q921Y4",1469163.3,1003901,474654.2,799546.3,2430105,204908.8,914815.8,866322.2,1018637.2,1813290,1197592.5,2582365,2714275,1836275,1728627.5,819288.5,1197473,812546.5,334215.8,1431922.5,744881.8,1324833.3
"Q922J6",245953.3,278367,18369375,1178670,386120,270178.8,731806.2,253642,2780822.5,679195.8,247170.2,122468.4,8036382.5,301639,638643.8,1396402.5,782641.5,1869647.5,270633.2,844228.2,564448,1885666.7
"Q922J9",2545130,378605.5,1388177.5,11129666.7,2180817.5,483273,4782252.5,120902.9,1434042.5,3461187.5,156075,235862,310363.5,3191055,1306225,570431.2,5653805,5750627.5,1002088.2,6031710,1105977.5,1364170
"Q922P8",319267.33,NA,1644462.5,431992,NA,NA,NA,NA,NA,NA,NA,NA,46897.68,NA,NA,NA,31426.45,31313.45,120112,66402.23,195889,54249.37
"Q922Q8",32368800,26948400,19728075,38520267,36504250,5698638,11741735,15837800,16904050,25146875,14309150,186939000,15973550,31537125,8800205,38884350,21231325,23228225,13471138,36947775,4255712,15624533
"Q923J1",645730.3,415071.5,380422.5,513040,702144.8,230015.2,1048698.2,233939.2,400646.2,568217.8,NA,531096.2,331283,783217.8,423753.2,427675,890582.5,261641.2,333729.8,1490492.5,269258,534240
"Q923W9",NA,NA,NA,NA,NA,NA,NA,NA,NA,34553.45,NA,NA,36391.9,NA,87254.25,NA,NA,NA,NA,NA,NA,68928.1
"Q923Z0",2298383.33,1165645,3228037.5,1492320,819832,148446.67,77098.98,NA,578655.5,808737.25,166875.75,31598.65,438756,1314335,215686,57742.15,137588.75,39449.33,1521002.5,201193.5,379999.75,268042
"Q924Z4",16991133,20357225,2137325,5111857,14287550,1233808,20478950,32992900,9003680,9992910,1234990,2869232,3848290,13283775,4018740,17500450,8327918,3409105,2661762,6488108,1374300,2305093
"Q925I1",13439333.3,26315375,1398465,3658306.7,7463167.5,19186100,4817047.5,10982325,1821267.5,9659575,12986875,3769127.5,5340485,12658425,3303522.5,2899710,2834482.5,2707007.5,826462.2,2076902.5,18312000,3763740
"Q925U4",307068.67,266465.75,NA,52129.15,393330.75,NA,426975.25,386946.5,154085,331533.25,NA,759985.75,131685.3,350376.25,161672.25,482762.5,282447.25,148556.75,144652.75,1484702.5,NA,156579.33
"Q99JG2",612623.33,425137.75,15122975,779974.67,NA,NA,NA,NA,90769,170481.33,207778.25,NA,566177.25,188313.33,571751.5,388321.75,227315.5,349432.5,29976.75,NA,NA,128277
"Q99JH8",436985,577998.25,71800.77,314470,1066592.5,564568,1122245,835850.75,503490.75,630910.5,226628.25,1218842.25,1184271.25,528682,454340.75,792021.75,231242.5,396420.5,232347.25,354640.75,353826,274977.67
"Q99JP7",865432.33,175837.75,15550725,11508590,980475,105111.85,106617.57,91859.88,158827.75,156399.25,387003,229331.75,191776.25,197524,196278.75,154085.5,264617.75,201416.75,1332847.5,148133.25,267961.25,105873.47
"Q99KC7",NA,NA,NA,NA,NA,NA,NA,103865.05,145118,NA,NA,711076,154592.25,NA,33623.45,55654.47,NA,161720,NA,NA,NA,93708.13
"Q99KF1",29631300,36390775,14537675,28411700,37596075,11246725,38713375,57731950,19607325,28682175,40977700,20270050,31096000,41789775,36789025,31604850,31467450,18755575,11816450,26434150,12575925,30068167
"Q99KG5",516332.3,NA,226916.8,768138,349771.8,111566.8,720289.5,9796457.5,537692,373791.5,NA,2278727.5,1496022.5,180646,565324,2385215,232131.8,1940085,1470597.5,856981.2,193429,1975456.7
"Q99KI3",5175073,7977518,2981320,4203360,6093250,1840158,4448490,2717982,2052488,4051492,1350838,4734872,1758180,4219688,2612072,2935002,2356082,1542180,1403240,4385738,1247825,1950067
"Q99KU0",1415546.7,1698027.5,1941452.5,1565410,2433617.5,767169.8,3104300,3263317.5,1920205,1129999.2,2521145,3084385,1678835,1600185,1474675,10405277.5,768409,1501752.5,1239817.5,912402,1031302.5,774392
"Q99KW9",6669637,5355125,9570802,7805257,6167648,2255922,5288238,6227722,2978560,4267752,1351260,4466565,2760388,7342528,4122468,3462788,3736795,1679705,1786590,3395158,2223618,2319323
"Q99L43",13054667,10885000,28261350,41114233,18979925,14413775,10536660,11951300,10112448,10899515,3800572,4068878,6335078,9054905,5920575,8874612,10731598,4363190,2933235,12472675,2576218,6967390
"Q99LG1",191404,NA,494881.8,849889.7,108273.6,248492.2,369305.5,482956,208055.2,232194.5,103690,524462.5,239651.8,158485.8,241009,601861.5,1119654.2,1491755,205249.8,472064.5,NA,903191
"Q99LH2",1144656.7,1126376,1770415,1659223.3,1442962.5,869286.2,1409882.5,725802.5,1140275,1182230,211258,1762095,603249.8,945093.5,1292412.5,1247455,803661,948034.2,492985.5,1218500,373533.8,592970
"Q99LI2",4549600,2969035,2432042.5,5764253.3,3304840,2476710,5432892.5,6566977.5,3575082.5,2655907.5,3199377.5,1970755,1948965,3666380,2418965,4820477.5,5332095,1538682.5,2526502.5,4204577.5,994369.2,3770916.7
"Q99LJ8",113407.27,78084.95,64206.25,59004.3,NA,85800.9,454637.75,NA,32326.8,44931.18,NA,114229.5,23944.15,48870.9,NA,154517,64863.6,78779.95,73014.65,121012,NA,42636.33
"Q99LR1",13447033,12633300,28038100,20407400,17635150,3503560,6311005,3938050,4614295,12784050,3559770,2290962,21247575,20380050,7545090,14861450,17791625,5270702,6595468,16818425,2734522,36015500
"Q99M02",25526.3,13966.45,32089.9,44127.8,NA,NA,NA,NA,20604.87,NA,NA,NA,NA,NA,NA,NA,83067.57,NA,NA,30065.3,NA,NA
"Q99M08",172237.67,187097,197334.75,267086.67,234270,57584.38,232612,101872.7,114494.48,156549.25,185403.83,1833015,110480.55,120227.77,789064.75,244099.5,88578.38,127191.5,108407.8,164274.5,117162.38,122263.67
"Q99MQ3",93844.4,NA,194973.7,NA,NA,83572.4,NA,NA,NA,NA,NA,NA,NA,NA,NA,NA,NA,NA,NA,NA,218619.2,NA
"Q99MT6",NA,NA,NA,NA,861977.2,NA,246417,86452,NA,187295.8,NA,NA,NA,127882.7,NA,NA,73391.6,NA,NA,NA,NA,NA
"Q99P65",3771253.3,2139490,676727.5,993446.7,6720617.5,630826.5,9499932.5,1478147.5,1038000.5,4359685,458654.5,2219562.5,2821740,9503595,9168995,1093387.8,8811950,1153780,1112225,11504400,1422695,1554483.3
"Q99PD7",83052.7,348160,305848,395712.33,99445.2,NA,NA,NA,69019.83,47632.63,NA,46680.45,55400.65,62560,NA,142820.75,42544.6,24422.6,105369.73,49879.3,NA,94296.37
"Q99PL5",1741943.3,1445155,2466605,1763873.3,5154792.5,1034378.8,698417.5,1406580,1843415,4675852.5,796440.5,42312675,4755905,3142942.5,1295377.5,855685,1342917.8,5034132.5,1389190,1036507.5,1779635,3421943.3
"Q9CPQ1",44185267,179604750,7780802,20260867,24232100,307047500,38136250,45400800,12054625,34843775,144721250,26140750,33586200,46620125,47803850,13952225,7875348,22049700,4690118,11636950,207053000,16446633
"Q9CPQ3",18691133,36601375,4966892,6885003,9740455,28886400,3743740,8491038,3015758,9220468,12662348,5254620,10187135,10531568,6365688,4402245,4527285,4430532,2317150,4144228,22646525,5768847
"Q9CPU9",1958540,1245179,192838.6,856307.5,2363892.5,721982.2,1321348.5,3562012.5,1292811.5,2801490,373092.8,2387290,2057250,3234797.5,2272530,586115,1747245,1386813.5,1133022.5,1164017.5,747348.5,543518.3
"Q9CPV0",517970,NA,NA,965833,517561.8,NA,514761.5,NA,355322.8,272736.2,NA,172284,310626.2,173731.8,412617,108269.2,208268.5,98015,949813,338486.8,NA,260336.7
"Q9CPV9",156574,166365,5212050,735966,564295,130108.6,NA,NA,192799,494119.5,107676.43,288899.25,269627,1073627.25,626831.75,118363.57,1401542.5,98043.12,176598,1225300,285709.75,287820.33
"Q9CPZ6",6124933.3,21230975,1133334.2,6057426.7,13616275,1111398.8,2927615,6504580,1942745,7760087.5,1982092.5,3593197.5,2443755,11181075,2769312.5,6742660,2069792.5,1529865,2321247.5,2207245,806027.8,2628216.7
"Q9CQ44",160119,131805.63,NA,175994.67,160370.75,NA,152048.25,73641.1,68666.68,61936.8,NA,73696.12,88404.05,75334.17,101579.45,39174.7,NA,26208.05,147678.5,70163.67,NA,NA
"Q9CQ54",25224133,86598625,4055875,9511883,16179925,188279500,15871525,17505550,3723012,15877950,90680500,12591478,23745675,21840975,22399600,4436070,3510475,8362638,1472035,5006368,133033500,7762373
"Q9CQ56",5744393.3,6870222.5,2453355,5580630,3764227.5,2691847.5,4140880,4545357.5,1951665,3561697.5,4068450,17656800,2167750,4621912.5,2523717.5,4388665,3541922.5,2392737.5,3445802.5,4293825,900553.2,3061600
"Q9CQ69",62527133,188036250,13081800,25781200,30401675,177102375,36106900,54857400,11236200,32528125,120311175,14912425,36745550,53145325,52452500,20344250,8375320,17170150,6114730,15934000,153478500,18276533
"Q9CQ88",3833306.7,3504245,1416915,1865283.3,2182145,710065,3867117.5,11515100,997407,2155345,316423.8,7942020,2111935,4128555,2415705,5869182.5,4425202.5,3533100,680677.8,1940052.5,438596.8,1796236.7
"Q9CQ91",7000706.7,46370550,1555275,2172006.7,9679380,45799300,11537057.5,10993225,2934097.5,9699302.5,74520375,1941720,9388960,11929627.5,12858200,12864400,1507562.5,6106300,602179.5,2260012.5,88265975,2171050
"Q9CQ92",3395303.3,1198112.5,474006.2,2752010,1612070,3540347.5,1132057,984102.5,619239.2,1221285,3546790,2136543.8,1395357.5,1248775,1421000,786853.2,854758,1372172.5,737425,1104737.8,3524027.5,1307100
"Q9CQB5",30274900,33140600,12114750,40004067,21645375,29078225,49085025,41224925,10581820,18127175,60143775,51228725,23532050,17621908,17613325,40911500,28033950,12039375,9826825,35284900,15482150,10983767
"Q9CQC7",32443900,59249600,11844700,14459267,25096400,99057750,14675300,33882075,6346592,26422700,93148975,11866700,41384150,27682050,48546550,12291150,4948350,26480175,2877725,8262918,218433250,10867780
"Q9CQE2",1614483.3,2428192.5,171866.2,746400.3,623367,5205045,679373.2,428895.5,344189,551871,2423310,404425.2,1021213.5,977479,701093,314586.8,212970.2,198295.2,110578.7,323908,4699940,429284.3
"Q9CQG6",876893,1147105,542390,1517790,1635307.5,513219.2,2210465,660247.5,475743,883245.5,419736.5,1281190,350421.8,914332,602593,1288500,495595.5,402698,874094.5,795944.8,518113.7,330020.7
"Q9CQH0",907793,NA,NA,705931.7,904758.8,NA,11093395,924657.5,414892,NA,608033,1307660,2523232.5,NA,309592.8,343628.8,353728.2,518941.8,874548.8,199451.8,778286.5,1954503.3
"Q9CQH3",51166233,157982000,7728995,18555567,39006375,266914250,27974725,47313575,11670050,35113550,158554750,25627425,50365125,46895025,59792825,11926850,7273410,19455075,4210985,10731150,243433500,13982833
"Q9CQN6",283706,4308805,112067.6,112287.8,1066071.5,1108904.8,564174.5,861517.5,257942,747399.2,576973.2,845266,134277.3,569844.8,257106.2,337875.5,400190.2,470883.5,49394.5,216584.5,33829.4,NA
"Q9CQS4",2243986.7,3939572.5,1329300,822845,874197,4698790,1939985,732854.2,515002,1200560,906805.2,389448.5,481563.5,1652960,850089.5,578572,777088.5,427784,216438.8,523093.5,1979927.5,573893.7
"Q9CQS8",14987367,12028350,3770302,8554247,9334728,3387308,8275475,9812558,7156520,9041802,12999575,84764400,7112328,8712610,6155618,10554358,9611452,5898802,4453928,11125665,3315160,4298217
"Q9CQU3",4001710,5224585,1972565,5002427,5021440,1579850,16356075,9922685,3059988,3645302,2669805,3551872,6487065,4389740,4227475,11823950,4333728,3655210,2476975,5097868,1706698,3756967
"Q9CQV4",2092800,2130977.5,1051144,2412496.7,2133235,517196.5,1407362.5,1364712.5,713391.2,1576975,1483215,1054962.5,521472,1551930,654552,2976237.5,1764427.5,437857,1142297.5,3102965,456705.5,1170990
"Q9CQX2",98503300,124456000,31058825,73431633,193456250,49031850,61258775,70773500,45335625,122596500,45449475,278797500,71916475,74592175,74292250,103917950,17440175,25342025,23882925,30618775,62231750,68932167
"Q9CQX5",1954820,1310577.5,1764572.5,1564206.7,2122290,827180.8,2211557.5,2381032.5,1439837.5,1334695,1274950,2450200,2695502.5,1491345,3525587.5,4335017.5,2023740,1887745,1344675,2587055,1448735,2480236.7
"Q9CQY5",14872800,17457825,1340741,8171527,22112150,2912998,20988025,8746725,6472298,12332225,4967650,18233825,9297178,17634975,7315090,18233600,9740718,5871082,2763042,9576940,2067770,9022500
"Q9CQY9",NA,20973.6,NA,154973.33,NA,NA,NA,NA,NA,NA,43284.17,NA,NA,NA,NA,NA,NA,NA,NA,NA,112587.88,NA
"Q9CQZ0",183096.3,263038.5,NA,199959.5,389019.8,NA,432770.2,597055.2,204715.5,190171.5,NA,547098,299295,252715.8,NA,682844.5,128725.8,332958.2,169710.5,149709,NA,129276.6
"Q9CQZ6",26145567,80035350,4238748,9789837,16110725,81944900,9019682,22905100,3842948,16722400,63729600,7634772,24348300,22832225,23469275,6874312,3234485,10883800,1345638,5175180,149409500,8871997
"Q9CR20",11737900,19807575,4539078,13107267,22541875,4995415,14728150,24467825,5750275,11361775,15343575,39493900,12924775,11526282,3826982,19390925,9273218,4478972,6484415,13554125,3125880,9568453
"Q9CR22",330633.3,577532.5,374284.2,575398.7,631763.8,638598.5,110440.1,336813.2,537146,455452.2,1225842.5,333016,374276.2,712448.8,NA,100205,436730.2,260955.5,151049,258682.8,NA,208791.7
"Q9CR23",2025170,1988812.5,5057850,5886980,2062865,505102,9437350,4282462.5,602607.2,995222.2,487286.5,3223402.5,828942.8,2082177.5,607369.5,645500.5,1659292.5,1214482.5,784793,1802102.5,453535,1180926.7
"Q9CR33",393609.7,155185.4,617369.5,340179.3,249825,139460.5,410359.5,383575.8,633704,352069,123581.2,3780935,2470387.5,300824.5,598904.2,747673.5,414491.8,1576327.5,NA,235961.5,128529,1336623.3
"Q9CR60",7427270,10248212,5032438,9837580,8839540,2819442,4199132,2528620,3645842,5620652,8055215,14422750,8242225,7625218,8692602,5727832,6019430,4390842,4713620,10063680,2399414,6278737
"Q9CR62",63422367,142147000,15344025,47749867,39423000,594267750,48726725,44500500,23908900,34331075,222599000,17380525,63000400,57291700,58379125,16183575,16663250,19067300,2048850,12729000,338160250,19889833
"Q9CR67",18993833,15792175,12410075,21197767,12574175,4512242,38110425,17397450,9032880,10855600,2353112,19043900,8662962,12581825,7901268,27031075,10929520,9794048,10243270,15508075,2970570,14051167
"Q9CR76",2172166.7,3986952.5,NA,308903.3,1085750.5,6411412.5,832102.2,838515,203411,666156.8,2140207.5,118972.8,644675.2,1227075,730178.5,462832.8,266262,273782.8,NA,212581.7,3629222.5,326143.7
"Q9CR89",2960503.3,2195600,2083242.5,3665750,2894277.5,825824.8,5279597.5,3536055,1708770,2435467.5,750694,8110677.5,6252970,3361877.5,2415970,6476250,3011670,2104487.5,3880627.5,2716360,886687.5,2379823.3
"Q9CRA4",6220126.7,1136347.2,3640832.5,6605080,1477607.5,281765.8,3730752.5,4300635,1948175,1875865,NA,1790400,1475090,1352815,16426475,7666427.5,1995445,3573977.5,3216212.5,2310085,719733,4886666.7
"Q9CRC0",14249733.3,11348255,2979992.5,7353080,19630525,1012550.5,10531385,29551775,8549780,9463680,1378788,70489575,14251775,13875375,20622725,10288315,7762532.5,4647917.5,9382462.5,7844410,567470.8,7015183.3
"Q9CTG6",727273.3,432962.5,636990.8,823713.7,955251.8,125743.6,177762,548179.5,572019.5,1437847.5,188740,2023860,556769.5,2673057.5,901227.5,362108.8,3007457.5,358511.5,794921,1630047.5,462572.5,522207
"Q9CUS9",93432.27,NA,NA,119803.33,NA,NA,NA,NA,36925.63,34418,NA,NA,51104.45,87571.5,137116.25,198599,111256.5,94560.8,162058.75,153227,NA,84753.5
"Q9CX30",1637563.3,2779715,3223667.5,2281656.7,2049860,2393352.5,1418844.2,1345550,1377562.5,1531885,967258.2,4105942.5,1192492.5,3968662.5,1185669.2,1470330,3055195,558685.8,2328062.5,2492747.5,684376.2,598892.7
"Q9CXB2",180445.33,NA,NA,NA,904130.75,58313.8,NA,NA,535048.75,548232.75,NA,NA,NA,376995.75,571118.25,NA,NA,NA,NA,89646.45,NA,296477
"Q9CXD6",1723700,3205452.5,NA,309817.3,1245800,2785940,1278847.5,250620.2,352189,1399035,503154.2,275256.8,1007706.2,1134887.5,1593985,254319,206664,386807.8,112127.8,240840.5,2742680,249398.7
"Q9CXJ4",6674070,17279625,724483.2,1667153.3,2781442.5,26195925,4771775,2228240,861161.2,4045792.5,10215145,642679.5,1211465,4888207.5,2812280,1387055,500430.5,1294277.5,745721.8,927325.2,20422175,1018006.3
"Q9CXT7",4129173.3,4435722.5,636160.2,3425390,6466577.5,900348,2259777.5,1182472.5,816255,3658680,636719.5,1856390,1186200,5319847.5,2988312.5,995037.2,2216402.5,1016285,1334060,2978985,1102890,840610.3
"Q9CXY9",6122197,5682325,4417528,5055760,7208500,2000628,4653525,2504568,2944212,4459450,1068760,3608082,2670530,4939952,3386295,7910722,4718170,2276038,4775172,4512500,1338978,2170937
"Q9CY24",1128826.7,2285150,420003,536634.7,2497277.5,735648,2971612.5,2516052.5,1499315,2194257.5,649417.8,727080.2,336735.2,3018602.5,1930920,2145695,2420352.5,846719.5,267010.8,2027632.5,255087,394952.3
"Q9CY27",41051633,67749425,12848700,32721333,45615375,10085735,37600325,25212075,10848625,36507125,29332300,27180375,19429725,41585600,19612175,21672775,10687490,7712505,10037722,15070950,6364132,18636333
"Q9CYN2",12616767,11182900,4061355,8630203,12585500,2725500,8109765,16802250,8837350,9446710,6781002,63133475,16421050,13041475,12725500,13403025,16707175,5779988,7181930,11798250,3405575,7465427
"Q9CYN9",5191550,2252942.5,6600725,8904233.3,2076520,809778.5,3281837.5,3230052.5,1405230,1758670,1249787.5,2021875,1930545,2087600,1456825,3257310,2658585,2126152.5,3026242.5,4651435,866745.8,1729673.3
"Q9CZB9",665981.7,2001962.5,226007.8,524904.3,690899.2,127543.5,967074.8,524279,537666.8,697828.8,410005.5,666637.2,145893.8,693121.2,169976,1021198,640799.8,326769.8,1554622.5,959576.2,NA,479642
"Q9CZW4",1634636.7,2687872.5,7699517.5,27923133.3,1320190,401685,3112940,1483655,823198.8,1401090,836073.2,1449490,1761105,1758067.5,848219.8,2282547.5,1690402.5,2172182.5,6365227.5,4323307.5,875420,2140256.7
"Q9CZW5",15594033,19639275,7349382,11045467,8961978,17626375,3517835,8207780,4099922,9575085,15976650,2874655,5623472,13576450,1212092,3611180,4615585,4213012,3216300,4712578,9975735,5052343
"Q9CZX9",12729733,23924125,9169900,10582770,17320650,5328895,14002050,7633100,4654432,11984575,5975552,9943738,4494262,13017425,5132698,7436578,7265442,3268200,3994372,9888105,2911722,4742593
"Q9D0V7",996247.7,1175095.8,1638460,1719823.3,780980.2,923823.8,1429695,2375207.5,497124,826817.5,3844022.5,1708347.5,1040566.5,1431350,550154.7,925320.2,1060070.8,967263.2,363989.2,918101,NA,786416.3
"Q9D132",712026.3,NA,NA,546624.7,1568375.3,NA,853676.5,4170550,166195.1,1285723.3,NA,NA,3169872.5,NA,NA,NA,NA,NA,NA,396971.5,NA,31422153.3
"Q9D162",1306020,2767587.5,1238194,1573483.3,966915.2,2120077.5,985925,2177710,606795.8,1081882.5,7358405,1309535,619801,1210613.5,1196392.5,1830895,1185821,620692.8,254582,1234805,895965.2,330454.3
"Q9D164",6707106.67,1476977.5,19107250,3734570,337437.25,307499.25,387090.75,80302.05,145417.75,802639.25,2967820,1117177.5,1151597.5,391333.25,622391,721520,184536.25,807678,3865500,238651,4789285,601613.33
"Q9D1D4",34059767,46971050,14721700,32784567,42487275,16703625,39887050,52072800,17121675,31585900,29702050,91458400,45784000,37126275,31409650,47789400,29197225,25018000,16542675,27497275,11433830,24246067
"Q9D2C7",2010093.3,4210260,216553,1257586.7,3180492.5,1174455.5,8103392.5,7576600,1943162.5,2540412.5,1313720,1846140,2493860,2330800,1591742.5,7633237.5,1832362.5,1467300,990590.8,2608137.5,942456.2,1104470
"Q9D2R6",20362533,39484675,1635570,8105980,5789405,33461900,7996892,14534350,2604670,5587770,18171150,3980960,8470158,9161282,3849300,5920568,2237730,5386155,618230,3082030,33146575,5108260
"Q9D304",488683.3,NA,407115,152293.5,NA,976027.5,1437865,2526537.5,NA,107103.9,278759.5,412953.8,1146650,NA,139182,7624825,NA,1980822.8,118844.8,515584.2,NA,1745296.7
"Q9D3A9",96256.07,NA,9125892.5,8833793.33,40839.13,NA,NA,NA,55854.47,NA,203655.55,1182270,43768.23,NA,77585.3,59844,67771.73,31186.04,496338.75,NA,NA,NA
"Q9D3B1",12227300,21660350,1154381.5,4679913.3,65644400,1883635,13182500,7783405,3385625,19928775,NA,3610017.5,13290325,14555850,10485750,4049927.5,1211653.2,1347067.5,4931700,6503550,565961.5,7971516.7
"Q9D4F2",2036293.3,3557020,2918267.5,1974896.7,3373767.5,553284.8,2428897.5,997755,782614.8,2001957.5,214554.5,1148430.8,522167.8,2611042.5,1297785,3787615,1142282.8,697482.2,1439095,1392735,220443.3,525864.7
"Q9D517",29315100,82314900,10660538,84376467,22193975,15662000,32101175,7909598,5190205,17905175,2202562,3321225,2891185,17632250,6596142,9730742,6966635,2294555,14677800,22735575,4712430,4678567
"Q9D665",126002.33,92722.62,60364.15,573415,179000.75,NA,627412.5,1087596,30642.67,160814.75,NA,199666.5,111435.55,171160.5,1129357.5,305804.25,35127.1,83673.12,11823.35,50948.62,NA,1255810
"Q9D666",776433.7,450783.5,176270,502269.7,347991.5,215893.8,333512,142580.3,312298,442982.2,312292.5,441154,188131,351724.5,1214937.5,812721.2,332098.5,425320.8,918772.2,266101.2,277036.5,493308.7
"Q9D6G9",167595,176389.5,4140887.5,2473353.3,NA,NA,NA,NA,NA,NA,NA,NA,71598.7,293461.5,296114,NA,NA,164677,NA,NA,324067.8,NA
"Q9D6I7",393778.33,947346.75,238914,546406,735043.5,173592.5,757716.5,445968.25,318449.5,643303.75,386079.5,839735.75,758165.5,1062311,950944,477158.25,834541.5,257702.75,66459.98,760938.75,516929.75,413128.67
"Q9D6J1",1037370,273515.2,1275292.5,21609433.3,3656420,1659885,265563,231052.5,1610200,1095400.5,NA,1089903.2,NA,1589675,7189387.5,2599957.5,881027.8,803612.2,NA,309277.2,616051.3,346446
"Q9D6K5",6898337,11718875,1773820,3855860,4459668,8979192,3808268,9282645,3080535,4201280,24120175,4792620,5429322,6664695,4323120,3825812,3461918,3196308,1825818,3811640,11792975,2901687
"Q9D6U8",19960367,75558125,2673750,12147667,8432805,154430000,9257345,27568525,4506052,9339682,81084350,2839068,19903225,18677975,12599950,4682988,3157090,9122370,3329742,3704710,101612450,9203500
"Q9D771",500854,384411.5,388743.8,797210.3,437919.2,367890,3150292.5,902259.8,662478.5,1121642.5,82784.7,2761060,286700,1062974,608392.8,880611,4931990,263960.8,8975735,3175702.5,273010.2,218071.7
"Q9D7B7",4886646.7,3775665,282538.5,2138386.7,2319045,759880,564074.2,195212.8,1820390,2186187.5,345182,629375.2,588568.8,5161282.5,4850740,705375,764988.5,837139.8,622691.8,1216607.5,818458.8,1603330
"Q9D7D7",NA,NA,NA,143323.33,NA,NA,NA,NA,78978.15,NA,NA,131878.6,443009.75,NA,212260.25,810044,NA,184424.95,104863.82,28787.42,NA,1229983.33
"Q9D880",5897150,7250042.5,427106,1357046.7,2949605,8769535,2801797.5,2904597.5,985129.8,4178450,4900397.5,1194257.5,3752370,5202425,2105885,1013065,855895.5,1552707.5,582999.8,1195842.5,11676700,1349176.7
"Q9D882",2520116.7,3047190,7604017.5,9247693.3,597105,1534490,1002104.5,1897610,2039540,375145.8,3437537.5,4016832.5,2311017.5,354994.5,981957.2,5966795,448541.5,1903875,966993.8,4358750,895264.2,5801140
"Q9D8B1",271996.67,325120.25,413981.75,1357443.33,230273.25,887841.5,1103127.5,124242.27,716121,180615,176769,2340955,277798,123483.1,282347.25,1003454.75,211743.5,550376.75,66094.55,426608.25,194984.75,233443.33
"Q9D8B6",3227186.7,2546792.5,161636,939767.3,1583040,1818100,642959,6729640,640838,1681850,1025628.8,2481777.5,3627612.5,1643510,1663945,492035.2,381763.5,835921.5,298672.2,197136.2,1300962.5,1366853.3
"Q9D8H7",2029343.3,1281550,NA,504185.7,1259882.5,6037495,810389.2,834837.5,1009414.8,1064010,3088045,487125.5,1141040,1349682.5,1427547.5,566794.5,381695.8,637161,NA,357970.2,7845882.5,1006057.3
"Q9D8I2",68276.87,49731.32,585533.25,131899,162967,45771.9,NA,121152.25,176100,1095932.25,NA,74762.55,67258.57,819199.5,250375.25,227705.25,4982260,48899.43,65204.2,1387262.5,95567.83,82382.17
"Q9D8K8",457025,423199.25,NA,50232.8,54546.4,NA,95197.4,187103,NA,38536.4,NA,NA,70973.05,77435,NA,NA,36602.3,27331.08,99583.23,NA,NA,NA
"Q9D8N3",1155609,71912.45,177096.67,1446133.33,NA,NA,908776.25,NA,114591.6,512656,NA,NA,NA,272195,1581132.5,1908200,924721.5,446531,408100,802700.25,NA,NA
"Q9D8V7",1828090,1816547.5,2393060,2806863.3,2485552.5,215596.7,524057.5,956497.2,1200990,3006275,580955.5,66271700,9137120,3497977.5,1214510,6270217.5,6997075,2674995,756070.2,2958602.5,668628,2656420
"Q9D8Y1",10182696.7,17959600,754217.8,3051480,3874895,26717650,3450030,8325702.5,1018141,4058557.5,12283000,796823.8,4759810,6134825,5895682.5,1557177.5,922101.2,1497400,743147.5,1071080,31967375,1885826.7
"Q9D958",17496766.7,11315891.5,8099745,16770300,16941360.2,4262947.5,16390350,31216150,3944358.5,10826615,10537420,379917,245943.8,15492706.4,2003620.5,135716,350568,6686822.5,227322,3164082.5,4435530,10872646.7
"Q9DAM7",294362.33,NA,NA,607226,72360.03,NA,NA,NA,572435.25,66608.67,NA,229080.25,148651.5,NA,282353.75,248953.75,NA,74935.65,118212.48,187197.75,NA,148908.33
"Q9DAV9",328725.7,3116987.5,316136.8,424881.7,1649402.5,528878.5,1218480,1723520,694462.8,619547.5,3686552.5,605167.5,296010.2,630004.8,1058047.5,394483.2,319250,600203.2,638392.5,243555.8,665392,292135
"Q9DB43",3591473,5518402,1154152,4405693,2525730,1747352,4144742,5583392,1597970,2692358,2095468,8846752,5601888,3921868,1199085,1827100,2667600,1945998,1477930,2931078,1724890,3101930
"Q9DBG6",42725533,41156575,17846125,40995267,76771700,8934290,51872475,45904175,34910325,51416875,12026550,108492825,38948825,43868725,34778700,66934550,32057975,26121825,38914500,40778400,10530845,25719100
"Q9DBH5",58979967,63460775,21477775,38899733,48827825,25662075,88410350,133767750,27015175,49549675,32762625,113611500,98887100,59453525,42522775,110318500,51287650,34621025,36476100,55501875,17611400,40928167
"Q9DBP0",NA,NA,NA,235844.3,198110.8,NA,920078,NA,25208500,150820.8,NA,NA,503964.5,NA,248715.2,5584440,NA,199935.4,314449.5,262351.2,NA,125342.8
"Q9DBU0",2273113.3,1548682.5,224250.2,1145063.3,1446750,580927,2247412.5,1823950,1307920,1321610,263053.8,2890867.5,4936505,1667957.5,1930702.5,5494760,1642665,2491032.5,263264.8,1003018.8,1016289.5,1319256.7
"Q9DC16",18687467,13041700,12862175,21286900,16626500,2426410,16953075,14420650,7355502,11453275,2136175,28581275,51227725,18715525,14168975,17694375,10612788,12134425,4390400,9028475,3952580,35129100
"Q9DC60",1234753.3,1194197.5,659093,1411300,494704.8,743308.8,1973472.5,583047,274327,463889.5,713610.8,1013717.8,878332.2,574379,382115.5,736858.8,558337.2,365503,426243.2,519936.8,706677.5,430186.7
"Q9DCC3",387543.33,182953.5,32581.03,533066,NA,124065.27,403671.75,321900.25,91077.1,51929.5,214408.75,191961.92,42265.55,60717.38,53566.97,337631,84661.27,117764.25,146697.5,131701.25,NA,107115.3
"Q9DCC8",43240300,48382200,2100950,9279703,14518375,61015350,8747790,13689375,4420512,12006008,18326025,1406525,11024562,15638550,2780282,2471820,5218368,5103548,2317558,6049075,35601750,3442605
"Q9DCF9",1355866.33,345771,70168.47,1804240,482179.25,81747.4,272517,568549.75,1723067.5,289686.25,254514.33,26673775,1091402.75,228169.25,1426760,1125715.75,327634.25,1411590,604301,2879485,732333.5,1211863.33
"Q9DCI3",3032633,3048685,1999422,2583270,4326668,1257145,3133328,3244630,4039012,4435830,923442,1487740,1768888,11707575,2940558,2574850,6181908,1180275,1766982,5115560,1918330,1201977
"Q9DCU2",244753,1008665.5,2980007.5,312409.67,4623347.5,NA,22574700,6763237.5,5881195,617253,509879.25,91653.35,5900790,2761647.5,737535.75,1129961,NA,12733400,NA,66314.88,2770677.5,5347980
"Q9DCZ4",25276200,79325425,4820272,8025593,10948790,113768100,10310462,14707100,3981218,12558175,58638650,2932038,14251575,21393325,10600172,3534368,1773130,5243165,1024192,3156750,136900750,6075903
"Q9DCZ9",58094.2,NA,94170.2,119989.67,144715.25,NA,465391,NA,118249.15,77531.55,NA,294665,48271.27,140098.25,82019.53,57805.27,278135.75,57711.62,902258.5,139816.75,NA,26707.7
"Q9EP73",418645,1140231.75,38100.65,101413.5,453171.25,NA,63039.07,NA,177051.25,330433.5,NA,629866.25,NA,344262.25,204286.5,53289.53,786028,34522.93,NA,964192,55434.95,53956.7
"Q9EPE9",8941770,7095077.5,5261822.5,8517263.3,8453952.5,1940682.5,14177525,7325067.5,4298425,7704997.5,629560.8,33532800,5654045,8134902.5,2438425,17483875,8877165,4778672.5,5453600,9607177.5,1773107.5,7329210
"Q9EPS3",831176.3,413983,265165,994307.3,364998,162412.8,264817.8,533173,355854.2,402441,106495.9,344957.2,1391385,706974,733047.8,988484.5,456257.2,474458.5,185013.2,485703,699544.2,1014627
"Q9EPW9",94714.43,NA,23732.85,NA,202334.25,NA,41246.43,NA,103465.57,258067.75,NA,NA,60474.53,260415.5,188751.75,124207,760133,34327.17,NA,241999.75,NA,40474.93
"Q9EQ31",NA,NA,NA,69472.77,28131.8,614955,358941.5,NA,124012,63725.35,NA,NA,NA,80031.12,281833.75,60582.15,47403.62,16853.73,3177897.5,170780.25,NA,98813.37
"Q9EQC1",1195530,1457165,276040,244080.7,444973,297744.2,683393.8,14464300,341881.8,785317.5,NA,1461562.5,473666,1291145,926689.2,734341.2,950266,329204.5,399266.2,371102.2,422998,319014.7
"Q9EQD0",334553.33,NA,82446.57,1406933.33,108406.6,NA,185883.75,NA,94054.17,691003.62,NA,172147.75,439247,113523.53,197242.25,1176022.5,327674.25,369986.25,95857.15,228202.75,NA,346636.67
"Q9EQK7",1232443.3,616861.5,933210.8,7679986.7,663140.8,393921.8,1142590,653603,610769.5,520044.8,117423,7368345,405260,610111.5,314756.5,1824117.5,539610.8,331445.2,1418242.5,712261.5,166204,589938.7
"Q9EQN9",399151,337474.75,653412.25,770932.33,278440.25,157497.5,285090,1307391.25,56960.03,192930.75,NA,254080.5,192259.25,149598.5,89014.98,707601,217326.75,328318.5,748557.75,216510.5,67384.57,139649
"Q9EQQ2",4018710,3139672.5,2757847.5,4907966.7,3631087.5,388876,2668255,3678910,1764727.5,3055712.5,354618.8,8239117.5,1996805,4761072.5,661209.2,3981247.5,2882337.5,1713332.5,4653032.5,3960527.5,418646.2,2348996.7
"Q9ER00",9913790,18997100,16106325,13866133,11735825,6194990,3910708,13021575,7105698,9065668,3290988,10541062,2489158,12448350,1466992,6014665,8853452,8296638,15948200,8770905,2811162,6854670
"Q9ERK9",55479.13,40119.07,51482.53,NA,158759.5,22575.15,81290.7,NA,96699.98,184876.25,NA,40187.88,74392.4,394769.5,173283.25,79908.65,648959.75,43695.25,33567.2,333865.75,NA,58784.87
"Q9ERS2",93765133,445196750,19005150,38321767,67596625,784347250,45466425,109946425,13918650,64831500,326275750,30635025,84824550,123552000,117317750,21645650,15152075,46787575,5046238,14735075,772765500,27553933
"Q9ERY9",2402243.33,1089399,1540455,3277213.33,3110860,208025,4244410,11054075,1731345,1914552.5,79404.65,3332742.5,1774297.5,1536507.5,1895872.5,5785285,1481702.5,1289765,2384362.5,2912972.5,583618.75,3017450
"Q9ERZ3",685281,NA,696859,582124,96698.85,NA,183094.25,NA,91454.75,71754.02,NA,590903.75,478696.75,50077.5,NA,102475.93,97507.68,294180.25,NA,NA,179202.5,600234
"Q9ES90",NA,9285.79,NA,NA,NA,NA,NA,NA,NA,132476,NA,NA,NA,93623.1,65819.7,NA,421471.5,NA,NA,230865.75,NA,NA
"Q9ES97",21293133,31377225,44018000,43237500,40032175,9253790,41529925,19453050,13917125,17069775,11358915,45544775,10167602,23720050,19429875,34508200,18522700,12176425,6889722,20805250,3990318,12421467
"Q9ET38",NA,609232,NA,NA,NA,NA,18744450,NA,NA,NA,271980.8,NA,NA,792450.2,335353,NA,NA,NA,NA,NA,768613,NA
"Q9ET80",NA,686739.5,771093.75,229850,185291.5,1081157.5,NA,30131.5,71733.77,88779.52,43382350,71714.55,110966,1104750,1170178.5,88303.8,151492.9,148128.25,18871.7,360847.25,3378507.5,266706.67
"Q9JIF3",3352516.7,6885515,980091.8,1469890,5060860,1925070,2009290,4885315,999250.2,2365350,632184.5,1613490,1974152.5,5456535,2290522.5,581473.2,1930232.5,589797.8,4796482.5,1551447.5,1144120,762337.3
"Q9JIG8",7738620,4553610,25092450,20566400,3617517.5,2121857.5,4115525,2940085,4705072.5,5499370,3601960,9345210,8645705,5386205,11734525,8656072.5,8340740,4696257.5,538384.8,10241695,3175322.5,4066350
"Q9JIM1",29852400,7776280,3717560,5791833,10382250,9196990,19282075,36801075,12266450,8572198,8372875,4259828,19816650,13799975,17896600,8845065,22363550,4292285,24163150,42040100,10894625,13538533
"Q9JIP7",NA,576087.67,NA,NA,NA,NA,95687.23,NA,413157.75,711876,NA,NA,NA,80714.35,2291867.5,58007800,NA,63279.03,520479,627183.5,178477.67,NA
"Q9JIS5",4097390,1018349.25,7891080,28234200,58895.3,658197,1035330.5,48690.03,217869.5,191182,172784.92,564336,627577.25,259484,224180.25,587824.75,591100.75,991195,72596.52,93757.05,248976.25,397500.33
"Q9JIT0",NA,25190.25,98597.225,94774.033,44955.6,NA,NA,NA,28027.2,16770.067,NA,NA,NA,26009.2,22857.5,31311.85,7599.835,NA,88604.375,NA,NA,102625.4
"Q9JJ06",971545,609373.2,85748.2,369088.3,517599,192985.5,1991717.5,1792295,908750.8,858490.5,242902.5,3217387.5,3914632.5,812974.5,1893480,4540027.5,1187665,6372572.5,253310,1532520,389994.8,3136753.3
"Q9JJK5",346787.67,604100.5,361244.75,407064.33,362119.75,270811,853029,3080457.5,562766.5,458925.5,98340.38,3256695,1079587.5,506935.75,425861.33,656457,664588.25,668552.5,497494.75,407556,133178.2,474445.33
"Q9JJR8",5326127,4890852,8285588,10065813,5038422,2962412,10192378,5813405,2496590,3721692,2894200,4200052,1291511,6154698,3799588,6526462,5856078,3508542,2345350,4662562,1347052,2409950
"Q9JJZ4",5415630,5295930,4577135,7711030,7113622.5,1204550,1403082.5,1452632.5,2824802.5,5536470,3339102.5,5237057.5,2329812.5,5651522.5,929673.5,2529500,4027917.5,2847592.5,8733585,5688975,1099009,2289996.7
"Q9JKK1",8899403.3,18205725,13724775,9454746.7,7778140,3932385,3266385,6036842.5,4828502.5,7612447.5,1660345,9459492.5,2124575,11268075,550029.2,2216185,10751100,3615322.5,1680482.5,11876225,1027143,3356166.7
"Q9JKN1",1527823.3,1301487.8,624525.8,1334886.7,2601930,439591.2,2795087.5,2921705,1749807.5,2070265,356222.2,6301015,3823527.5,2074860,1955642.5,4363787.5,2330292.5,1634780,636255.8,2447975,466932,1655056.7
"Q9JKW0",13245933.3,13277500,8340880,14308466.7,11552927.5,1037354.2,29412300,18931800,6444740,7177645,1132645,2864355,1344827.5,13026875,4735925,17035750,10429090,3374600,7990705,10716550,462614.8,5959660
"Q9JLJ4",NA,NA,332721.5,426231,NA,NA,595367.75,1731504.25,NA,NA,NA,NA,NA,55670.97,NA,NA,42978.55,NA,948466,NA,NA,NA
"Q9JLL0",547236,208994.8,915740,3695636.7,542866,780220,1635457.5,619218.2,1303832.5,502377.5,1292420,208199.5,224456,604046,592522.8,1146197.5,1568342.5,590458.2,167115.3,951560.8,1443755,537022.3
"Q9QUJ7",2180373.3,477854.8,3126047.5,2176753.3,633383.2,284318,512059.5,528314.8,1455605,861691.2,415702.8,353939.8,2048252.5,776324.5,1311920,542019.5,1626110,425141,607035.8,1210340,1020823.5,760258.7
"Q9QUK6",576499,422429.75,NA,1057468.33,1590050,180159,446657,139698.67,1078567.5,919174.5,67330.02,179546.75,460551.5,1787107.5,1330720,401670.25,2423075,898006.5,99788.57,1036021.25,654316.25,848981
"Q9QUM4",95609.5,97428.05,NA,67600.77,75809.7,166387.5,NA,72306.7,775214,1195190,NA,47153.07,38216,1041675.75,186096.25,151826,6938647.5,NA,NA,6949740,139091,NA
"Q9QXX4",7274433.3,437311,259856.2,1045610,790757,104210200,20704725,70730275,2320292.5,901607.8,772155,3483812.5,5907582.5,879975,1947022.5,1391052.5,797208,2963302.5,599593.2,1735412.5,2915722.5,1002778.7
"Q9QXY9",5390346.7,3771790,1910285,3304756.7,5651982.5,1402095,2739757.5,1995247.5,1398710,6746725,556599.2,1383700,595082,7700167.5,1507062.5,2065542.5,2884190,920717.2,2387207.5,4398960,1520192.5,2271630
"Q9QY33",2402183.3,3069267.5,4235700,5017296.7,2191912.5,1852225,2805082.5,NA,824100.2,1465977.5,1162449,1631652.5,1083535,2184737.5,1864665,2465185,1279962.5,552038.8,709967.5,2925612.5,1192072.5,1100180
"Q9QY42",NA,NA,4147037.5,20295166.67,NA,NA,23337.7,NA,NA,NA,NA,NA,16039.5,NA,145090.25,19854.95,NA,223803,1797005,NA,NA,NA
"Q9QY73",2132646.7,2431220,1424857.5,2481996.7,2088802.5,962144.2,3948460,4573752.5,1544460,1164740,948906.8,2554835,2497007.5,1747455,1318505,3465160,1461800,2336050,877930.5,2015645,788736.5,1609686.7
"Q9QY81",501225.3,205999,218283.8,584796,180057,NA,724552.8,506692.8,575857.5,2019170,257812.5,571099.2,154250,1553812.5,1421235,1629037.5,4225847.5,460972.5,255591.8,4336922.5,139855.6,146786.7
"Q9QYA2",23937067,40863300,2648195,7513910,14121900,36027600,8476068,11896475,4191952,13974450,13253725,3863952,11697275,16284250,17501925,8526578,5705998,6713210,2497415,5214552,26692575,6813000
"Q9QYE5",75874.77,327708.75,385148,205562.33,NA,1827113,NA,NA,101608.85,NA,NA,NA,38139.3,NA,246908.25,NA,NA,NA,119809.3,671011.25,320617.5,241043.67
"Q9QYE6",2968296.7,4058175,978234,3494023.3,2527587.5,1637015,2532722.5,5925570,1543130,1955745,2363890,5593090,5166267.5,2597737.5,267491.8,2718780,3037980,2197252.5,1173737.5,1969102.5,1118395,1935233.3
"Q9QYI4",2703890,2182055,1407765,3187840,2461865,1002595.2,4626870,4177037.5,742530.5,1134682.5,9138490,2870572.5,1106830,1468450,1359540,4722745,1015242.5,1111560,722401.2,1683380,545600,2178073.3
"Q9QYM9",NA,NA,759796.25,50321.33,NA,NA,NA,NA,NA,46541.4,NA,NA,NA,129219.02,NA,NA,NA,NA,NA,NA,NA,NA
"Q9QZI8",2582290,4074588,3886805,3479280,4647120,2235580,4458428,4538200,2483788,3229622,2004600,2999630,1440890,4310872,4256128,1655612,2149422,1619392,1116538,2211962,1500940,1118627
"Q9R049",7527016.7,5565625,3630682.5,6791523.3,4777292.5,1341000,5186515,7852890,1756360,3027117.5,1749010,1311947.5,1072614,4478922.5,407773.8,3146780,2805842.5,1181875,1968587.5,3990750,784332.2,1487270
"Q9R0K7",998103.7,363130.8,38235025,15100600,434479.5,355395.2,642140,120209.6,508378.2,232123.2,541921.8,263922.5,329065.2,504223.5,519628.5,318671.2,438445.5,260103.2,175857.8,139901.8,554773.8,184552.7
"Q9R0M1",NA,NA,NA,NA,NA,NA,NA,NA,95709,414251.5,NA,NA,NA,341280.7,267733,NA,855234,NA,NA,1151297.5,NA,NA
"Q9R0P6",19429400,14189200,3588355,15098900,14525700,3000118,12205125,16740250,9595852,9503060,6061055,61146750,25047150,11635825,16890000,17007225,15577925,6877145,14121300,16671350,4559750,11013233
"Q9R0Q3",14098433,18568450,6010538,12669267,19574225,5368208,19645200,23333700,8264228,12857425,12664650,43825525,15261450,15455125,14508400,22232350,12146300,10265735,5878788,13418650,4951195,10965027
"Q9R1J0",14488933,14884525,5607662,12700700,14212675,1002707,30875025,22136075,6239325,11246825,1034275,6464448,3474022,11726050,10536700,18827800,7221348,4748062,14824575,8608002,1694298,12131933
"Q9R1W5",4657230,625103,580388,760895.3,1036630,855983.8,2115935,2256470,33591300,1695175,577966.8,266479.5,1802602.5,1900792.5,1243861.2,632433.2,3548637.5,855927.5,217898,2104907.5,1546355,1392706.7
"Q9WTK3",5130076.7,3171010,3089570,4565016.7,5385162.5,1318652.5,4525702.5,1671505,2861597.5,3420945,718557.8,2353490,2719755,2929547.5,3402972.5,7728112.5,3065642.5,2177250,3901997.5,4559105,1044777.8,2029683.3
"Q9WTL4",NA,NA,NA,NA,NA,NA,388376.5,NA,NA,NA,NA,44188.57,NA,NA,NA,NA,NA,70033.23,539230,NA,NA,NA
"Q9WTS2",1620120,2869887.5,588965.8,903287.3,1303517.5,357575.2,3130435,243387.2,685137,777441.8,317733,2459797.5,7579135,1563610,1273172.5,5992567.5,1633385,1732527.5,335424,1011268,682615.5,478640.3
"Q9WU03",115859.33,45331.15,289138.25,1137726.67,101049.32,156137.17,1274603.25,955182.75,1134397.5,276053.25,NA,5853767.5,3232747.5,128286.57,663344,7224102.5,455486.75,2421160,727841.25,2194305,90182.8,1412036.67
"Q9WUK7",NA,NA,NA,NA,195159.5,NA,NA,NA,NA,105111.88,NA,NA,NA,136802.08,NA,NA,83369.95,NA,68178.6,NA,NA,NA
"Q9WUP0",196376.67,183157,386409.5,26282.25,210742.25,242094,153909,268085.75,13909025,399388.5,22336.45,41851.93,215956.5,155708.5,257063.25,106134.8,251902.75,180086,33299.22,27491.6,31286.15,201132.33
"Q9WUP4",964618,784930.25,383351.75,761436.33,1704385,434659,1118682.5,595515.5,1220170,1270932.5,48069.03,952405,483468.5,1604912.5,823920,659384.5,1622980,377214.25,292886,1574292.5,310131.75,660366.33
"Q9WUQ2",24251667,26111675,17570225,25460767,23390975,9524002,41157300,29300500,13542000,24949875,14450200,78892200,18142625,22296275,8801682,36041975,28391225,11871900,14656375,25888275,6345418,14159533
"Q9WV18",282437.7,NA,6870062.5,2812710,NA,NA,NA,NA,NA,NA,NA,NA,252624,NA,147702.7,180867,69019.3,107538.2,NA,NA,NA,193215
"Q9WV55",64020433,46108275,41226850,74443967,41391400,29073050,18648325,39257150,32282300,36532750,100486675,50547225,21714850,33386425,6172758,21077975,33780500,31042000,61633825,50433300,18217000,32889600
"Q9WVD4",1600426.7,750463.5,890475,1429173.3,1832580,234697.5,10508600,1527135,492410,1133255,252414.8,1327660,574633.2,3462875,1712627.5,2295457.5,1809865,1023981.2,1226390,1757245,550560.5,1157293.3
"Q9WVK0",869425.3,298819.2,93905.8,854503.7,674576.5,235691.8,3063500,NA,575620.2,482304,NA,118068.6,327095.5,966446.8,709885.2,289061.5,483173,457516.2,949447.5,1162080,291521,332369.7
"Q9WVL3",5973806.7,8260587.5,705551.5,2731680,3554500,14433750,9002972.5,3625400,2321175,3962897.5,210268.8,554176,1898400,4445815,1238162.5,12707475,6609432.5,10901800,1453047.5,10243245,769087,11717700
"Q9Z0L1",NA,NA,NA,NA,66337.1,NA,37944.7,NA,402519.8,657890,NA,NA,NA,617569.5,NA,59866.7,1366180,NA,NA,982335.5,NA,NA
"Q9Z0M6",434182,494838.8,139297.3,114337,1518430,275854.8,415371.5,563481,3930182.5,1324387.5,630481.8,191326.2,579612.5,1312560,533262.8,1000308.2,6748945,484181.8,258032.5,5155427.5,250811.5,297456.3
"Q9Z0S9",3843290,3866092,1278982,4525893,2433715,2039260,5170395,6274685,1550608,2156522,7264780,9260435,7243148,2695218,3936720,6637192,1715180,3772778,1063354,1630500,2175630,4149023
"Q9Z0U0",612002,248727.5,1132569.5,1204620,340122.5,298470,1053012.5,389124,365012.8,459435,262247,335354,239337.8,464843.2,301689.5,1034546.5,1337082.5,184836,872322.2,2025682.5,342104.2,295816
"Q9Z127",24778566.7,1090482.2,15996975,27269066.7,5448252.5,1239075,1757460,2142275,1968252.5,4271795,962277.2,10632060,101271675,4705450,6133980,8369497.5,11366422.5,5867165,73083225,18213450,6597237.5,7409413.3
"Q9Z1P4",182502,NA,89557.9,169194.33,NA,NA,NA,NA,NA,NA,NA,NA,121062.75,NA,225223.5,50836.03,NA,45164.85,NA,NA,NA,44786.2
"Q9Z1P5",480914,794231.75,472601.25,394447.33,886378.75,391762.25,914503.25,NA,48409.37,367203,331139,580856.75,712989,372568,50927.83,181483.5,220846.5,333252.75,2094342.5,171600.25,NA,207454.67
"Q9Z1Q2",18712433,14881125,17450225,19567833,17632925,9361150,15058700,5361488,8092680,14364625,5235658,2663470,6677890,19246400,5257080,11782150,12036650,4082972,5055760,11547325,9706952,9307170
"Q9Z1X2",3362476.7,5933927.5,2931562.5,5325183.3,4414872.5,1263172.5,6361040,232171.2,1460382.5,2165997.5,1469452.5,961204.8,2293392.5,2647765,905694,3473480,1472320,939940.2,6890402.5,2232280,790835.8,1888980
"Q9Z222",1357870,120889.02,245892,350053,203261,171374,721099,683052.25,275572.5,424788.75,580501.5,474737.25,1415412.5,367201.75,295371,1374475,706213,972895.25,69136.23,619213.75,456472,642730
"Q9Z261",42877.15,NA,62493.9,903004,697457.75,166814.33,7172250,156751.67,2251740,1382557.5,NA,5293862.5,23952175,NA,87742.47,66708750,168896.53,359669,105484.35,980947,NA,11589800
"Q9Z2C6",1307690,NA,NA,2051873.33,5722480,740448.5,619106.25,367101.75,2537325,3117272.5,58179.55,270476.75,3070307.5,402632.5,232266.5,327843.75,547385.75,155449.75,225049.5,895084.75,251400.5,17251776.67
"Q9Z2G6",4681016.7,1937752.5,1878500,2963743.3,4528210,552964.2,2980682.5,3446050,1569382.5,2258355,511931,10318710,2455997.5,2755640,2053215,5332057.5,2265875,1234387.5,3380285,2506320,621340.2,2197643.3
"Q9Z2I0",23810733,48400300,1971362,1817493,12279650,40321275,6550122,12698650,5357992,12035275,29362200,7012178,8037380,13179525,5874992,4165598,2716192,4463825,1122052,3957282,41841200,4455503
"Q9Z306",513055.33,236942.25,2708087.5,782446,1191810,86194.6,10842447.5,1914092.5,66202.93,1100238.75,111445,57268.57,303830.75,1230810,1111075,3776802.5,791184.25,40504.78,140670.65,176397.5,104367.4,237978.33
